time/iterations,time/total_timesteps,rollout/ep_rew_mean,time/time_elapsed,rollout/ep_len_mean,time/fps,train/clip_fraction,train/entropy_loss,train/std,train/approx_kl,train/n_updates,train/loss,train/explained_variance,train/value_loss,train/policy_gradient_loss,train/clip_range,train/learning_rate
1,2048,40774.454432,106,336.0,19,,,,,,,,,,,
2,4096,43757.006599249995,223,336.0,18,0.091552734375,-1.6166541162878274,0.431412935256958,0.008154657,4900,1209132.125,0.0,2912102.681640625,-0.00375246907788096,0.2,0.0003
3,6144,43509.24538944445,331,336.0,18,0.073388671875,-1.6209248073399067,0.43259263038635254,0.0064084,4910,1887389.5,0.0,3618015.61171875,-0.0044997147953836246,0.2,0.0003
4,8192,41721.57054858334,436,336.0,18,0.091064453125,-1.6288789853453636,0.434391587972641,0.008736474,4920,1690413.25,0.0,3013005.9875,-0.006544658943312243,0.2,0.0003
5,10240,41020.71836103334,548,336.0,18,0.089794921875,-1.6337359048426152,0.43489351868629456,0.006852012,4930,1326057.125,2.384185791015625e-07,2460582.5109375,-0.0046817003094474785,0.2,0.0003
6,12288,41510.516279,662,336.0,18,0.0537109375,-1.6383465331047773,0.43709591031074524,0.0056454903,4940,1291952.125,0.0,2614846.921875,-0.0033342183436616325,0.2,0.0003
7,14336,41472.56065142857,786,336.0,18,0.06328125,-1.6454676516354083,0.43761980533599854,0.00804292,4950,1541845.0,-1.1920928955078125e-07,3384953.65625,-0.003962939293705859,0.2,0.0003
8,16384,41169.82077129167,892,336.0,18,0.06572265625,-1.6501590140163898,0.4383411407470703,0.008213826,4960,1352012.0,0.0,2716996.404296875,-0.0036109200795181096,0.2,0.0003
9,18432,40429.99737198148,1006,336.0,18,0.075732421875,-1.654226529970765,0.43779075145721436,0.006190536,4970,1460574.875,0.0,2773178.24609375,-0.006221831806760747,0.2,0.0003
10,20480,40585.924211716665,1131,336.0,18,0.089208984375,-1.6516967132687568,0.4368944466114044,0.009924855,4980,1351743.625,0.0,2314315.03984375,-0.004818202635942725,0.2,0.0003
11,22528,41164.28591164179,1249,336.0,18,0.045361328125,-1.648416554555297,0.4359190762042999,0.0044851564,4990,1416662.625,0.0,3064538.265625,-0.0023290150202228688,0.2,0.0003
12,24576,40607.416930273976,1356,336.0,18,0.05673828125,-1.6440989304333926,0.43476927280426025,0.0060128374,5000,1526333.0,1.1920928955078125e-07,3580286.80078125,-0.005320202033908572,0.2,0.0003
13,26624,40505.381991607595,1473,336.0,18,0.10546875,-1.6458681724965571,0.4366617500782013,0.010630425,5010,1225233.25,1.1920928955078125e-07,2223497.46015625,-0.005405442760093138,0.2,0.0003
14,28672,40617.68650222353,1584,336.0,18,0.0572265625,-1.6459127623587846,0.43564853072166443,0.0056927153,5020,1643185.0,-1.1920928955078125e-07,2938017.787109375,-0.0032700034826120827,0.2,0.0003
15,30720,40860.590444615395,1703,336.0,18,0.080712890625,-1.6330125879496336,0.432219535112381,0.008704459,5030,1384027.5,0.0,2778972.409765625,-0.005058962055773009,0.2,0.0003
16,32768,40733.14579478351,1821,336.0,17,0.0833984375,-1.6265040077269077,0.43362340331077576,0.0073063024,5040,1732388.5,0.0,3817487.81484375,-0.006243958523555193,0.2,0.0003
17,34816,40862.93265116,1940,336.0,17,0.080322265625,-1.6207148291170597,0.43154504895210266,0.008054243,5050,1332537.875,-1.1920928955078125e-07,2644903.84375,-0.005088930207057274,0.2,0.0003
18,36864,40938.61572509,2053,336.0,17,0.074658203125,-1.608592763543129,0.43031612038612366,0.00926699,5060,2208921.0,0.0,3264375.90546875,-0.005145420043118065,0.2,0.0003
19,38912,40436.28675888001,2164,336.0,17,0.07646484375,-1.6157623834908008,0.4334758222103119,0.007477726,5070,1186395.75,0.0,2964906.58203125,-0.003535431010823231,0.2,0.0003
20,40960,40512.9258329,2275,336.0,17,0.069140625,-1.6204111710190774,0.4316743314266205,0.0077470746,5080,1240221.625,0.0,2404890.9140625,-0.004772796084580477,0.2,0.0003
21,43008,40840.92818826,2399,336.0,17,0.118115234375,-1.6156484812498093,0.4323359727859497,0.009263221,5090,1507806.25,0.0,2954362.1703125,-0.009204694586514961,0.2,0.0003
22,45056,40921.21541844,2510,336.0,17,0.0908203125,-1.6245976954698562,0.4340148866176605,0.007912649,5100,1734504.5,-1.1920928955078125e-07,3571497.8359375,-0.005008752593130339,0.2,0.0003
23,47104,40941.240568839996,2621,336.0,17,0.075537109375,-1.6246236320585012,0.43247857689857483,0.0063491417,5110,1826262.25,0.0,3301858.515625,-0.00616503382625524,0.2,0.0003
24,49152,41089.23908939,2734,336.0,17,0.11005859375,-1.6190265629440546,0.4323682487010956,0.008309523,5120,1626725.375,0.0,2860380.449609375,-0.007917536927561742,0.2,0.0003
25,51200,41477.68821317,2845,336.0,17,0.07890625,-1.6240577924996615,0.4337768852710724,0.0072842864,5130,1397646.5,0.0,2830323.546875,-0.0037170679417613426,0.2,0.0003
26,53248,41675.72764246,2953,336.0,18,0.061767578125,-1.6270435970276593,0.4335986077785492,0.006830806,5140,1886469.375,0.0,3058987.3015625,-0.0018821803736500443,0.2,0.0003
27,55296,41460.45212262,3063,336.0,18,0.059912109375,-1.6199055153876543,0.4317759573459625,0.007383274,5150,1567807.5,-1.1920928955078125e-07,2997302.584375,-0.0030940966247726466,0.2,0.0003
28,57344,41420.62130246999,3174,336.0,18,0.048486328125,-1.6203223571181298,0.43320992588996887,0.0051171817,5160,1580099.125,-1.1920928955078125e-07,3188130.33359375,-0.003703255217988044,0.2,0.0003
29,59392,42137.83895223,3283,336.0,18,0.076953125,-1.61211963519454,0.4298115670681,0.007589696,5170,1312449.375,1.1920928955078125e-07,2854460.313671875,-0.004173752311908174,0.2,0.0003
30,61440,41792.437248329996,3392,336.0,18,0.04189453125,-1.6019411258399487,0.42956289649009705,0.005282459,5180,1583634.5,0.0,3167736.265625,-0.0016646565811242909,0.2,0.0003
31,63488,41743.8807819,3508,336.0,18,0.05830078125,-1.5885946035385132,0.426151305437088,0.0060226703,5190,1629952.875,0.0,2745896.1203125,-0.0031975323530787137,0.2,0.0003
32,65536,41329.19753701,3618,336.0,18,0.06015625,-1.575814101099968,0.42559897899627686,0.004777367,5200,1745791.25,0.0,2932953.825,-0.004226356938306708,0.2,0.0003
33,67584,41477.45335697001,3729,336.0,18,0.068359375,-1.575734082236886,0.4254623353481293,0.0057464344,5210,1412635.875,-1.1920928955078125e-07,2971093.438671875,-0.004232940661313478,0.2,0.0003
34,69632,41539.84326531,3840,336.0,18,0.094677734375,-1.5691413927823306,0.423971563577652,0.0073809624,5220,1163825.25,0.0,2838718.0328125,-0.004791716932231793,0.2,0.0003
35,71680,41804.65780004,3952,336.0,18,0.0748046875,-1.554546570405364,0.42184916138648987,0.0063791983,5230,1689019.125,0.0,3053858.39296875,-0.005196603799413424,0.2,0.0003
36,73728,41915.33791097,4078,336.0,18,0.04169921875,-1.5406345665454864,0.4202723503112793,0.0054038223,5240,1572525.375,0.0,3527459.9328125,-0.0022837292970507407,0.2,0.0003
37,75776,42104.23313582,4187,336.0,18,0.038818359375,-1.5268017292022704,0.41684040427207947,0.0052646403,5250,1263308.0,0.0,2771694.721484375,-0.0020950786485627758,0.2,0.0003
38,77824,41486.23400642999,4297,336.0,18,0.081982421875,-1.514460724964738,0.416352778673172,0.0068998323,5260,1573252.5,0.0,3115272.5859375,-0.004595714602328371,0.2,0.0003
39,79872,41922.47505165,4412,336.0,18,0.08564453125,-1.5064735382795333,0.4144309461116791,0.007850198,5270,1384278.875,0.0,2923780.944921875,-0.005088102557056118,0.2,0.0003
40,81920,41862.195794499996,4543,336.0,18,0.04130859375,-1.5049472589045763,0.41645023226737976,0.005775983,5280,1766524.875,0.0,3484814.32890625,-0.002207309712684946,0.2,0.0003
41,83968,41578.061132639996,4660,336.0,18,0.08701171875,-1.4915968932211399,0.4118548333644867,0.008102322,5290,1367668.375,0.0,2840239.208984375,-0.005990968416153919,0.2,0.0003
42,86016,41128.41895092,4771,336.0,18,0.092236328125,-1.4810430608689784,0.4129939079284668,0.007831806,5300,1205007.0,0.0,2466240.19296875,-0.004544784169411287,0.2,0.0003
43,88064,41097.14326726,4882,336.0,18,0.080224609375,-1.4868203345686197,0.4129597842693329,0.006875934,5310,1484599.5,0.0,2549297.608984375,-0.004144490350154228,0.2,0.0003
44,90112,41266.021156949995,5010,336.0,17,0.100390625,-1.4891840040683746,0.41318532824516296,0.008850021,5320,1165266.25,0.0,2472988.837109375,-0.005370327264245134,0.2,0.0003
45,92160,40932.870221469995,5116,336.0,18,0.0484375,-1.4921247217804194,0.4128224551677704,0.0060561225,5330,1514927.25,0.0,3771269.6921875,-0.00509939429757651,0.2,0.0003
46,94208,40797.488025310005,5246,336.0,17,0.06396484375,-1.4833255641162395,0.4093913733959198,0.0075742863,5340,1080135.5,0.0,2453826.4296875,-0.0036076683914870954,0.2,0.0003
47,96256,41015.91104778,5380,336.0,17,0.0654296875,-1.4775251045823097,0.41050586104393005,0.005863301,5350,1293458.5,5.960464477539063e-08,2672141.153125,-0.005236378859262913,0.2,0.0003
48,98304,40746.89101999,5495,336.0,17,0.05673828125,-1.4803805328905582,0.40986910462379456,0.0063748965,5360,1148567.625,0.0,3143671.2671875,-0.002495550032472238,0.2,0.0003
49,100352,40802.23920967,5604,336.0,17,0.0849609375,-1.4670249663293362,0.4072383940219879,0.008367643,5370,1278414.5,0.0,2052622.21328125,-0.0032093981906655246,0.2,0.0003
50,102400,40430.78894541001,5715,336.0,17,0.076416015625,-1.4583518885076046,0.40724483132362366,0.0064450554,5380,1780459.625,0.0,2940524.6203125,-0.0031719446255010554,0.2,0.0003
51,104448,40339.36020453,5842,336.0,17,0.05693359375,-1.4646703828126193,0.4091237485408783,0.006488412,5390,1158671.875,0.0,2247703.137109375,-0.0019536637271812653,0.2,0.0003
52,106496,40028.024129870006,5966,336.0,17,0.055078125,-1.4657868195325137,0.40773001313209534,0.00620595,5400,1752638.375,0.0,3052926.675,-0.003121531721262727,0.2,0.0003
53,108544,39955.3418206,6081,336.0,17,0.07890625,-1.4642919417470694,0.4079684913158417,0.006628438,5410,1405367.5,5.960464477539063e-08,3181524.38984375,-0.003872355350176804,0.2,0.0003
54,110592,40110.81608422,6198,336.0,17,0.052783203125,-1.4646133687347174,0.40713366866111755,0.00621096,5420,1175423.375,0.0,2519841.96953125,-0.0016593590793490876,0.2,0.0003
55,112640,39919.92089644,6301,336.0,17,0.073583984375,-1.466820614784956,0.4081341326236725,0.0057306844,5430,1446666.0,0.0,2996880.3125,-0.004806859390373575,0.2,0.0003
56,114688,39640.64653285,6425,336.0,17,0.05244140625,-1.464060365408659,0.4058258831501007,0.004627701,5440,1593419.0,-1.1920928955078125e-07,2814976.195703125,-0.0036232118429325054,0.2,0.0003
57,116736,39584.954980090006,6542,336.0,17,0.089208984375,-1.4524449594318867,0.4047251045703888,0.0080632605,5450,941596.75,1.1920928955078125e-07,2406966.3921875,-0.0036717651921208015,0.2,0.0003
58,118784,39630.57448109,6655,336.0,17,0.08837890625,-1.4537095446139574,0.40632113814353943,0.0062438403,5460,983816.9375,0.0,2537449.595703125,-0.0036340503793326207,0.2,0.0003
59,120832,40013.67341961,6767,336.0,17,0.07158203125,-1.4636763107031583,0.40745866298675537,0.006563987,5470,1183629.125,1.1920928955078125e-07,2633009.602734375,-0.004729819372005295,0.2,0.0003
60,122880,40283.16471456,6877,336.0,17,0.06298828125,-1.4590076878666878,0.4054403603076935,0.007132681,5480,1801640.25,1.1920928955078125e-07,3084395.6921875,-0.005093516107444884,0.2,0.0003
61,124928,39594.28824352,6995,336.0,17,0.062548828125,-1.439708399027586,0.4023268222808838,0.006150595,5490,1343087.875,1.1920928955078125e-07,2901300.01171875,-0.006686128504225053,0.2,0.0003
62,126976,40349.725802370005,7124,336.0,17,0.054296875,-1.430862182751298,0.40251854062080383,0.006952568,5500,1252001.375,0.0,2786551.966796875,-0.0028075550151697827,0.2,0.0003
63,129024,39813.36804961,7236,336.0,17,0.027734375,-1.4319427508860827,0.40249696373939514,0.0038494873,5510,1520053.5,0.0,3437109.21484375,-0.002089108046493493,0.2,0.0003
64,131072,40174.73940058999,7350,336.0,17,0.06796875,-1.4313096206635236,0.4025224447250366,0.0058910022,5520,975095.0625,0.0,2122253.159375,-0.0010849002690520137,0.2,0.0003
65,133120,39967.759241440006,7472,336.0,17,0.070556640625,-1.4272174134850502,0.40101587772369385,0.0077294055,5530,1558649.375,1.1920928955078125e-07,2751473.408984375,-0.00563507504411973,0.2,0.0003
66,135168,39675.1482537,7576,336.0,17,0.062548828125,-1.419513973593712,0.3999727666378021,0.007075548,5540,1108669.5,0.0,2352940.80390625,-0.0009352011780720204,0.2,0.0003
67,137216,39831.8452557,7678,336.0,17,0.10322265625,-1.4152454882860184,0.39994657039642334,0.009092391,5550,1440689.875,-1.1920928955078125e-07,2379245.073828125,-0.005996595886244904,0.2,0.0003
68,139264,39525.96873394,7789,336.0,17,0.0697265625,-1.424744101986289,0.4023355543613434,0.0067900904,5560,1706979.25,-1.1920928955078125e-07,2871492.58984375,-0.0036773413230548613,0.2,0.0003
69,141312,39649.291463550006,7908,336.0,17,0.0634765625,-1.4274446841329336,0.39996322989463806,0.0075488896,5570,1438550.5,0.0,2462289.567578125,-0.0033755923264834563,0.2,0.0003
70,143360,39602.3438116,8020,336.0,17,0.064892578125,-1.4197143163532018,0.39936795830726624,0.006894747,5580,1409090.25,0.0,2714720.848046875,-0.004037587365019135,0.2,0.0003
71,145408,39309.929880330004,8133,336.0,17,0.059033203125,-1.4131448872387409,0.3984096944332123,0.0046099545,5590,1263813.0,-1.1920928955078125e-07,2566356.73046875,-0.00262520590913482,0.2,0.0003
72,147456,39388.30492338,8250,336.0,17,0.09921875,-1.4051488991826773,0.39712846279144287,0.008548405,5600,1419763.125,0.0,2238926.38828125,-0.00393198149104137,0.2,0.0003
73,149504,39735.15094571,8360,336.0,17,0.0693359375,-1.4040766187012195,0.3973117768764496,0.0066397707,5610,1478851.875,0.0,3211967.9234375,-0.004330038187617902,0.2,0.0003
74,151552,39771.77675899999,8471,336.0,17,0.089111328125,-1.4060663655400276,0.39784204959869385,0.008994582,5620,1254415.5,0.0,2647309.357421875,-0.004167377561680041,0.2,0.0003
75,153600,39925.034490160004,8602,336.0,17,0.060888671875,-1.3965632617473602,0.39518681168556213,0.0057130926,5630,1640203.25,0.0,2946105.884375,-0.00301342519451282,0.2,0.0003
76,155648,40179.0662875,8720,336.0,17,0.09130859375,-1.3813009951263666,0.394559770822525,0.007972641,5640,1695223.25,0.0,3162987.81796875,-0.005823082716960926,0.2,0.0003
77,157696,40093.03271985,8839,336.0,17,0.070166015625,-1.3772036354988813,0.3945746123790741,0.0065043764,5650,1789508.875,0.0,3407748.08671875,-0.0040799715381581335,0.2,0.0003
78,159744,40130.118789889995,8971,336.0,17,0.08671875,-1.380400300770998,0.3954859673976898,0.0071891686,5660,1320080.125,1.1920928955078125e-07,2728320.969921875,-0.0029229501626105046,0.2,0.0003
79,161792,40286.608618670005,9087,336.0,17,0.10810546875,-1.3729132279753684,0.3932039439678192,0.009748604,5670,1420333.0,0.0,2583579.848828125,-0.00620111065072706,0.2,0.0003
80,163840,40640.72855661999,9198,336.0,17,0.11513671875,-1.3727823201566935,0.3956282436847687,0.009658977,5680,1491877.5,0.0,2998873.208203125,-0.007161964652914321,0.2,0.0003
81,165888,40685.09003779,9308,336.0,17,0.05693359375,-1.37510510571301,0.393020361661911,0.006098252,5690,1453770.625,0.0,2947481.56640625,-0.002420456154504791,0.2,0.0003
82,167936,40953.30618197,9420,336.0,17,0.039013671875,-1.3683944918215274,0.3936043679714203,0.004936373,5700,1341472.375,0.0,2819094.063671875,-0.0006024008223903365,0.2,0.0003
83,169984,41215.84006253,9529,336.0,17,0.053271484375,-1.3591291394084692,0.391539603471756,0.005151967,5710,1579900.5,1.7881393432617188e-07,3111641.27421875,-0.0034837713326851373,0.2,0.0003
84,172032,41703.258747399996,9639,336.0,17,0.10205078125,-1.3446823082864285,0.38964900374412537,0.009838914,5720,1717075.625,0.0,3214794.2203125,-0.007243694517819676,0.2,0.0003
85,174080,41572.870239109994,9750,336.0,17,0.08515625,-1.3366010803729296,0.3898898661136627,0.008455442,5730,1366552.5,0.0,2968590.23203125,-0.005261570202128496,0.2,0.0003
86,176128,41884.970886029994,9862,336.0,17,0.096728515625,-1.3201293177902698,0.38646066188812256,0.0070957053,5740,1523102.375,0.0,2746081.60625,-0.005392626984394156,0.2,0.0003
87,178176,42109.405979380004,9971,336.0,17,0.070068359375,-1.3106062714010478,0.3865375816822052,0.0073715476,5750,1640717.875,1.1920928955078125e-07,3312708.52109375,-0.003830870566889644,0.2,0.0003
88,180224,42185.23700805,10080,336.0,17,0.0669921875,-1.3068585891276598,0.3854656219482422,0.0072430586,5760,1051295.0,0.0,2827761.28515625,-0.003942854855267797,0.2,0.0003
89,182272,42251.08726106,10191,336.0,17,0.05361328125,-1.2946346815675498,0.38397201895713806,0.0061890986,5770,1404809.0,0.0,2880935.87734375,-0.0020484773966018112,0.2,0.0003
90,184320,42164.27533685,10314,336.0,17,0.08994140625,-1.2838174413889647,0.38213932514190674,0.007741563,5780,1405156.75,0.0,2842084.9515625,-0.004523989258450456,0.2,0.0003
91,186368,42163.37054057,10436,336.0,17,0.082177734375,-1.275916438549757,0.38035669922828674,0.0063750036,5790,1387748.375,0.0,2631474.06796875,-0.0053670145709475035,0.2,0.0003
92,188416,42307.69900177999,10552,336.0,17,0.087841796875,-1.2697908096015453,0.3797997534275055,0.007550954,5800,2001488.5,-1.1920928955078125e-07,3415082.66328125,-0.005983596327132546,0.2,0.0003
93,190464,42002.05321735,10681,336.0,17,0.07685546875,-1.260093580186367,0.37815308570861816,0.007166637,5810,1494843.0,0.0,3249732.58515625,-0.003769418348383624,0.2,0.0003
94,192512,41556.45122594,10797,336.0,17,0.085888671875,-1.2616566639393567,0.3802925646305084,0.009603117,5820,945765.875,0.0,2460408.7109375,-0.0030406482765101828,0.2,0.0003
95,194560,41403.89069842,10906,336.0,17,0.087158203125,-1.2660550236701966,0.37981271743774414,0.0075003356,5830,1277788.5,1.1920928955078125e-07,2376354.141796875,-0.004126622359763132,0.2,0.0003
96,196608,40993.80272129,11017,336.0,17,0.09365234375,-1.2591477163136005,0.3783329725265503,0.005624965,5840,1346236.375,0.0,2804573.951171875,-0.0037764396358397788,0.2,0.0003
97,198656,40728.80058742999,11129,336.0,17,0.106591796875,-1.2521425332874059,0.3783465325832367,0.009414022,5850,1193449.25,0.0,2163004.797265625,-0.0071674641025310844,0.2,0.0003
98,200704,40980.10470024,11245,336.0,17,0.07734375,-1.2608064644038677,0.38064679503440857,0.0070596673,5860,1070076.75,0.0,2126880.2734375,-0.004173867315694224,0.2,0.0003
99,202752,40776.62429910001,11364,336.0,17,0.067578125,-1.2695380825549365,0.3801961839199066,0.0067645535,5870,1373641.5,0.0,2988837.44765625,-0.004008354821417015,0.2,0.0003
100,204800,40352.52845079,11476,336.0,17,0.075830078125,-1.2655161172151566,0.3801504373550415,0.008030937,5880,1467366.25,-1.1920928955078125e-07,2799586.6296875,-0.004779991980467457,0.2,0.0003
101,206848,40435.7532082,11585,336.0,17,0.074951171875,-1.2555795766413211,0.37875351309776306,0.0078773005,5890,954514.9375,0.0,2296552.18046875,-0.0035071766687906347,0.2,0.0003
102,208896,40489.13872521001,11695,336.0,17,0.067138671875,-1.2504352293908596,0.3788563907146454,0.006643554,5900,1155028.0,0.0,2807458.9453125,-0.0038376087468350306,0.2,0.0003
103,210944,40607.28930739,11829,336.0,17,0.069091796875,-1.2504461973905563,0.37790146470069885,0.006429312,5910,1508611.125,0.0,3381100.7203125,-0.002897965558804572,0.2,0.0003
104,212992,40857.224817149996,11956,336.0,17,0.07177734375,-1.247380593419075,0.37813201546669006,0.0055441307,5920,1438444.5,0.0,3131515.68125,-0.004263909060682636,0.2,0.0003
105,215040,40980.04670656999,12072,336.0,17,0.07060546875,-1.2522484038025141,0.37880411744117737,0.006497537,5930,1728441.0,1.1920928955078125e-07,3283220.79609375,-0.0042810380778973926,0.2,0.0003
106,217088,41263.56166304999,12183,336.0,17,0.054931640625,-1.2472008634358644,0.376708060503006,0.005863038,5940,1760334.625,0.0,3053248.880078125,-0.002446065057301894,0.2,0.0003
107,219136,41286.254213500004,12307,336.0,17,0.0841796875,-1.2414092756807804,0.3770471513271332,0.0075384146,5950,1437852.25,0.0,2974341.23984375,-0.004333377403236227,0.2,0.0003
108,221184,41436.66117506,12416,336.0,17,0.075634765625,-1.243420059978962,0.3774099051952362,0.007432984,5960,1153909.0,0.0,3072271.19453125,-0.004017186806595419,0.2,0.0003
109,223232,41710.36856898,12536,336.0,17,0.0490234375,-1.2419217959046365,0.37801066040992737,0.0053572506,5970,1704164.5,0.0,3463982.2390625,-0.0009296830365201458,0.2,0.0003
110,225280,42212.25091008001,12670,336.0,17,0.04169921875,-1.248370859771967,0.379473477602005,0.0046475297,5980,1634144.125,0.0,3089985.321875,-0.002201467612758279,0.2,0.0003
111,227328,41994.90333187,12815,336.0,17,0.08154296875,-1.2592347610741854,0.38065025210380554,0.008047766,5990,1512388.125,0.0,2929788.092578125,-0.0035878322218195536,0.2,0.0003
112,229376,42469.28793716001,12962,336.0,17,0.0900390625,-1.264421195909381,0.3806338608264923,0.007507088,6000,1274748.0,1.1920928955078125e-07,2605762.3546875,-0.003995655936887488,0.2,0.0003
113,231424,42508.16676264,13108,336.0,17,0.06884765625,-1.263752156123519,0.380903959274292,0.0065217144,6010,1709634.0,-1.1920928955078125e-07,2958095.56484375,-0.0033471516100689767,0.2,0.0003
114,233472,42900.336867800004,13253,336.0,17,0.081884765625,-1.242236315086484,0.37675467133522034,0.0077426936,6020,1454863.25,0.0,2661590.4734375,-0.003469017783936579,0.2,0.0003
115,235520,43077.336162750005,13369,336.0,17,0.05947265625,-1.2164048537611962,0.3742917776107788,0.0068421448,6030,1370201.5,0.0,3116728.50390625,-0.00282460981834447,0.2,0.0003
116,237568,43095.77899046,13494,336.0,17,0.0908203125,-1.201463759690523,0.3731067180633545,0.00761275,6040,1274876.125,0.0,2965137.115625,-0.005340501826140098,0.2,0.0003
117,239616,42835.90530173,13619,336.0,17,0.08681640625,-1.1922157783061267,0.37277624011039734,0.009965738,6050,1282473.75,0.0,2415470.454296875,-0.0033873295891680756,0.2,0.0003
118,241664,42891.33742608,13732,336.0,17,0.108544921875,-1.1894937578588725,0.37269869446754456,0.009060119,6060,1079957.0,0.0,2210240.862890625,-0.004977120507101062,0.2,0.0003
119,243712,42522.755344599995,13846,336.0,17,0.070263671875,-1.1930794533342124,0.37289050221443176,0.007753429,6070,1747822.5,0.0,2883288.598828125,-0.004939144342642976,0.2,0.0003
120,245760,41779.670865320004,13958,336.0,17,0.081689453125,-1.192736553773284,0.3729192912578583,0.0065351846,6080,1165526.75,0.0,2713879.312890625,-0.0032873297946935053,0.2,0.0003
121,247808,41662.669783,14070,336.0,17,0.08623046875,-1.192673347145319,0.3729347288608551,0.007450998,6090,1000489.0625,0.0,2211222.814453125,-0.003161615079443436,0.2,0.0003
122,249856,41575.18803414999,14188,336.0,17,0.079833984375,-1.198379062861204,0.37391576170921326,0.0071648285,6100,1369563.25,1.1920928955078125e-07,2804408.253515625,-0.004229554683479364,0.2,0.0003
123,251904,41614.08529376,14292,336.0,17,0.070263671875,-1.1995538502931595,0.373117059469223,0.005970081,6110,1237892.75,0.0,2695878.479296875,-0.0026282372476998717,0.2,0.0003
124,253952,41361.35187709,14395,336.0,17,0.134765625,-1.202074898034334,0.3740198314189911,0.009421836,6120,1226548.375,-1.1920928955078125e-07,2817728.991015625,-0.009654164926905651,0.2,0.0003
125,256000,40899.46981437,14497,336.0,17,0.085009765625,-1.2137601293623448,0.3758406639099121,0.006400084,6130,1451829.75,1.1920928955078125e-07,2803409.596484375,-0.004688617910142056,0.2,0.0003
126,258048,40474.08273739999,14598,336.0,17,0.0564453125,-1.2104664366692304,0.37329885363578796,0.0059102727,6140,1196427.75,0.0,2408993.332421875,-0.0029595533254905605,0.2,0.0003
127,260096,40629.173335709995,14699,336.0,17,0.066015625,-1.178922313824296,0.36808323860168457,0.007969029,6150,1163709.0,0.0,2455817.79765625,-0.0035701013141078873,0.2,0.0003
128,262144,40801.93647224,14800,336.0,17,0.0744140625,-1.1572087809443474,0.36773404479026794,0.009541227,6160,1526735.25,-1.1920928955078125e-07,2791868.990625,-0.002260907183517702,0.2,0.0003
129,264192,41028.0332404,14902,336.0,17,0.079541015625,-1.1569136805832385,0.3683260381221771,0.0077260844,6170,1412300.625,0.0,2861697.13359375,-0.0019996574643300845,0.2,0.0003
130,266240,41080.22227979,15003,336.0,17,0.0669921875,-1.1599270697683095,0.368498831987381,0.005633595,6180,1586591.5,0.0,3442228.9109375,-0.002823195478413254,0.2,0.0003
131,268288,41165.13566776,15105,336.0,17,0.095263671875,-1.1700197793543339,0.37109532952308655,0.009603415,6190,1371733.375,0.0,2754220.0390625,-0.00755852971051354,0.2,0.0003
132,270336,41347.143605360005,15206,336.0,17,0.080126953125,-1.1788683582097292,0.37217795848846436,0.0065689622,6200,1901609.125,0.0,3299547.52890625,-0.0059383422529208476,0.2,0.0003
133,272384,41027.179201110004,15307,336.0,17,0.083251953125,-1.176689387485385,0.3703659474849701,0.0077210683,6210,1604946.375,-1.1920928955078125e-07,2629198.60859375,-0.003411249593773391,0.2,0.0003
134,274432,41359.371877410005,15409,336.0,17,0.10595703125,-1.160753571987152,0.3678673803806305,0.008897977,6220,1063756.75,0.0,2266143.53046875,-0.005687175480125007,0.2,0.0003
135,276480,41464.82040536,15513,336.0,17,0.066796875,-1.1440572310239077,0.3666951358318329,0.0063252333,6230,1214703.0,0.0,2637159.801171875,-0.0016114801095682197,0.2,0.0003
136,278528,41665.238018879994,15614,336.0,17,0.073095703125,-1.1389864519238473,0.36750611662864685,0.007525499,6240,1450386.75,0.0,2984212.4203125,-0.0025845382289844563,0.2,0.0003
137,280576,41949.70766076,15716,336.0,17,0.0998046875,-1.1378854855895042,0.3668630123138428,0.009914265,6250,1085462.125,0.0,2812186.29375,-0.006340808016830124,0.2,0.0003
138,282624,41607.37767226,15819,336.0,17,0.0908203125,-1.1332825932651758,0.36634960770606995,0.0092147365,6260,1344186.0,1.1920928955078125e-07,2463169.464453125,-0.004862126636726316,0.2,0.0003
139,284672,41392.847023910006,15920,336.0,17,0.098388671875,-1.1322577383369208,0.3662458658218384,0.008305546,6270,1061704.25,5.960464477539063e-08,2391146.48203125,-0.004395561887940857,0.2,0.0003
140,286720,41181.28506448,16022,336.0,17,0.109765625,-1.126566741988063,0.36533960700035095,0.008758713,6280,1256987.625,0.0,2364215.399609375,-0.007253138411033433,0.2,0.0003
141,288768,41375.3531836,16122,336.0,17,0.090771484375,-1.120807261019945,0.36410781741142273,0.008329917,6290,1267340.5,0.0,2598922.423828125,-0.005484055250417441,0.2,0.0003
142,290816,41790.499468660004,16224,336.0,17,0.089453125,-1.116038141772151,0.3639843165874481,0.009274434,6300,1415583.0,0.0,3139431.48359375,-0.004597280114103342,0.2,0.0003
143,292864,41883.26168389,16326,336.0,17,0.071142578125,-1.1158275458961726,0.36449161171913147,0.008051673,6310,1274009.0,0.0,2523805.1546875,-0.0022512139359605497,0.2,0.0003
144,294912,42014.65856495,16429,336.0,17,0.03984375,-1.1196426555514336,0.364170104265213,0.004229258,6320,1538734.625,-1.1920928955078125e-07,3313341.946875,-0.0017494465893832967,0.2,0.0003
145,296960,41738.79154674,16530,336.0,17,0.090478515625,-1.125654363632202,0.36491429805755615,0.006479967,6330,1361888.75,-1.1920928955078125e-07,2731621.1828125,-0.0054598970426013695,0.2,0.0003
146,299008,41561.75463882,16631,336.0,17,0.062451171875,-1.1178522247821092,0.362027645111084,0.0056552244,6340,1556070.75,0.0,2630671.444140625,-0.002412439518957399,0.2,0.0003
147,301056,41131.79494243,16733,336.0,17,0.074072265625,-1.0962733272463083,0.35953736305236816,0.00716935,6350,1333020.625,0.0,2598526.878125,-0.004835103341611103,0.2,0.0003
148,303104,40709.77567832,16834,336.0,18,0.096728515625,-1.0896898470818996,0.3601720631122589,0.007003573,6360,1218442.75,0.0,2698434.974609375,-0.003900258118665079,0.2,0.0003
149,305152,41006.23491677,16934,336.0,18,0.07763671875,-1.1028819516301156,0.36285099387168884,0.0053459983,6370,1263308.125,0.0,2297174.183203125,-0.0015140208342927508,0.2,0.0003
150,307200,41084.025430630005,17036,336.0,18,0.050830078125,-1.1139476884156465,0.3630605638027191,0.005559398,6380,1800891.375,0.0,3492907.071875,-0.00245116698788479,0.2,0.0003
151,309248,41306.57319034,17137,336.0,18,0.078125,-1.1128555849194526,0.3626849949359894,0.008616174,6390,1187312.0,0.0,2370209.1609375,-0.0026523016655119135,0.2,0.0003
152,311296,41210.11531917,17241,336.0,18,0.098583984375,-1.1240652699023486,0.3649173080921173,0.006949742,6400,1559788.0,0.0,3160652.7890625,-0.006499835792055819,0.2,0.0003
153,313344,41509.457740599995,17342,336.0,18,0.0974609375,-1.1304923411458732,0.3640296161174774,0.008297915,6410,1377871.0,0.0,2607990.933984375,-0.005508132428803947,0.2,0.0003
154,315392,41427.854855159996,17444,336.0,18,0.083740234375,-1.1215307142585516,0.36310121417045593,0.0072049526,6420,1399796.875,0.0,2896493.111328125,-0.006413862508634338,0.2,0.0003
155,317440,41711.9505685,17547,336.0,18,0.05712890625,-1.110241575911641,0.36189696192741394,0.0048646703,6430,1380490.5,-2.384185791015625e-07,2690943.992578125,-0.0017732832013280131,0.2,0.0003
156,319488,41719.69644058999,17650,336.0,18,0.08876953125,-1.1060747426003217,0.3619774281978607,0.00894665,6440,1446093.5,0.0,2837188.540234375,-0.0029397777427220715,0.2,0.0003
157,321536,41342.76993668,17753,336.0,18,0.10283203125,-1.1114982232451438,0.36266469955444336,0.0077423276,6450,1105546.75,-1.1920928955078125e-07,2363371.166015625,-0.004718684067483991,0.2,0.0003
158,323584,41478.51788243,17855,336.0,18,0.06015625,-1.1061381753534079,0.36058926582336426,0.0051331185,6460,1851033.875,0.0,2532745.88515625,-0.001258206595957745,0.2,0.0003
159,325632,41611.640826999996,17959,336.0,18,0.0623046875,-1.093815840408206,0.35979723930358887,0.0066188695,6470,1236696.25,0.0,2860969.620703125,-0.001692630659090355,0.2,0.0003
160,327680,41584.27857283,18065,336.0,18,0.071435546875,-1.0879392366856337,0.3594663441181183,0.0068928804,6480,1385911.0,0.0,2812213.95625,-0.0026229875402350444,0.2,0.0003
161,329728,41747.785392909995,18168,336.0,18,0.0765625,-1.087997606024146,0.3598655164241791,0.007595661,6490,1671560.375,-1.1920928955078125e-07,2937361.79140625,-0.005150584754301235,0.2,0.0003
162,331776,41780.37555638001,18270,336.0,18,0.106689453125,-1.0957103695720434,0.36149486899375916,0.006812122,6500,1181217.5,0.0,2848815.001171875,-0.004565775176160969,0.2,0.0003
163,333824,41672.34740358,18374,336.0,18,0.083349609375,-1.1037485763430595,0.36200785636901855,0.007639974,6510,1086528.375,-1.1920928955078125e-07,2676142.21171875,-0.005135340374545194,0.2,0.0003
164,335872,42025.68934284,18477,336.0,18,0.088525390625,-1.1044329594820739,0.3613894283771515,0.007084775,6520,1172003.125,0.0,2609759.849609375,-0.0009994086780352519,0.2,0.0003
165,337920,42357.095144449995,18581,336.0,18,0.103076171875,-1.1017481412738561,0.3613588809967041,0.009993985,6530,1880854.25,0.0,3389723.50546875,-0.0064672211476136,0.2,0.0003
166,339968,42528.45310445,18683,336.0,18,0.07255859375,-1.1026550989598036,0.3615555465221405,0.0057885274,6540,1827199.625,0.0,3820747.78203125,-0.004337406549893785,0.2,0.0003
167,342016,42365.04870772,18784,336.0,18,0.087841796875,-1.0968813497573138,0.3606637418270111,0.009500649,6550,1146050.0,0.0,2451423.601953125,-0.001925077387568308,0.2,0.0003
168,344064,42534.667160799996,18886,336.0,18,0.10185546875,-1.084248223528266,0.35934337973594666,0.008609551,6560,1352095.625,1.1920928955078125e-07,2689922.641015625,-0.004227046262531076,0.2,0.0003
169,346112,42222.17692698,18988,336.0,18,0.07939453125,-1.0805376883596183,0.35963547229766846,0.006910923,6570,1754678.0,0.0,3386510.8875,-0.004853909488883801,0.2,0.0003
170,348160,42165.39414434999,19092,336.0,18,0.08154296875,-1.0734700493514537,0.3580554723739624,0.0072824256,6580,1052531.0,0.0,2563240.173046875,-0.0023244880125275814,0.2,0.0003
171,350208,41991.61134818999,19194,336.0,18,0.065185546875,-1.0655091471970082,0.3579864799976349,0.00541397,6590,1689292.0,0.0,2624289.362890625,-0.0028445077739888804,0.2,0.0003
172,352256,41796.41753282,19298,336.0,18,0.088671875,-1.0638887360692024,0.3572239875793457,0.00812065,6600,1208221.375,0.0,2510519.022265625,-0.004376809582754504,0.2,0.0003
173,354304,42164.45572028,19401,336.0,18,0.091259765625,-1.054224519059062,0.35494866967201233,0.0089039495,6610,992283.3125,0.0,2324865.1484375,-0.0021299764834111557,0.2,0.0003
174,356352,42325.10679644,19504,336.0,18,0.059814453125,-1.0385007690638304,0.35312604904174805,0.008188482,6620,1362157.25,0.0,2880569.70625,-0.003077590467000846,0.2,0.0003
175,358400,42124.50851286,19609,336.0,18,0.104443359375,-1.0332079984247684,0.3536674976348877,0.008107516,6630,1067380.125,0.0,2588271.251953125,-0.006698138170759193,0.2,0.0003
176,360448,42132.7360014,19712,336.0,18,0.088720703125,-1.0346626568585635,0.35378503799438477,0.009265695,6640,1491154.25,0.0,2941162.136328125,-0.004735011789307464,0.2,0.0003
177,362496,41868.205833780004,19814,336.0,18,0.072509765625,-1.0279595732688904,0.35203638672828674,0.0068602376,6650,1307667.75,0.0,2569953.758203125,-0.0032738981550210155,0.2,0.0003
178,364544,42034.6859805,19916,336.0,18,0.091259765625,-1.0163426011800767,0.35110726952552795,0.00751381,6660,1286076.5,0.0,2683592.76640625,-0.003053881082450971,0.2,0.0003
179,366592,42610.993100559994,20017,336.0,18,0.09736328125,-1.01808744892478,0.35215580463409424,0.008354304,6670,1547270.0,-1.1920928955078125e-07,3662211.4890625,-0.0049951036802667655,0.2,0.0003
180,368640,42654.33339237,20118,336.0,18,0.092578125,-1.020567014440894,0.35193634033203125,0.007340459,6680,1652895.25,0.0,3359196.53125,-0.0041501257277559486,0.2,0.0003
181,370688,41947.69073771,20218,336.0,18,0.092919921875,-1.0179177459329367,0.35259297490119934,0.007398149,6690,1400066.0,5.960464477539063e-08,2876390.095703125,-0.003985794862092007,0.2,0.0003
182,372736,42140.33277801001,20319,336.0,18,0.112158203125,-1.0149047538638114,0.3514588177204132,0.008291476,6700,1039895.6875,0.0,2264269.681640625,-0.003406017170345876,0.2,0.0003
183,374784,42141.563267100006,20420,336.0,18,0.06650390625,-0.9993172936141491,0.3491244614124298,0.0058711898,6710,1501664.625,0.0,2763748.612890625,-0.0038467561949801165,0.2,0.0003
184,376832,41942.24060625,20521,336.0,18,0.07666015625,-0.9955461306497455,0.3499259054660797,0.007270855,6720,1427560.125,0.0,2810004.786328125,-0.0031813155081181323,0.2,0.0003
185,378880,41931.811289970006,20621,336.0,18,0.128125,-0.9970930425450206,0.35019055008888245,0.008838214,6730,876292.9375,0.0,2283579.19375,-0.0067566846497356895,0.2,0.0003
186,380928,42093.41232753,20723,336.0,18,0.071875,-0.9950628673657775,0.3500051200389862,0.008065687,6740,1340536.0,0.0,2945806.794140625,-0.0030819547278952085,0.2,0.0003
187,382976,42075.13686140001,20823,336.0,18,0.089208984375,-0.9946851572021842,0.3497464656829834,0.0068200706,6750,902383.25,0.0,1980380.43828125,-0.00363357132737292,0.2,0.0003
188,385024,42158.4047103,20923,336.0,18,0.089697265625,-0.9981816885992885,0.35089054703712463,0.007994197,6760,1487152.25,0.0,3202476.30234375,-0.004023248761950526,0.2,0.0003
189,387072,42174.72562319,21024,336.0,18,0.1060546875,-1.0030607249587775,0.35176220536231995,0.008458237,6770,1349037.5,-1.1920928955078125e-07,2348355.3125,-0.005630410397134256,0.2,0.0003
190,389120,41910.79389825,21125,336.0,18,0.056640625,-0.9989894218742847,0.35071268677711487,0.006128351,6780,1454515.625,-1.1920928955078125e-07,2615679.94375,-0.0009684184973593801,0.2,0.0003
191,391168,42113.538954100004,21226,336.0,18,0.074951171875,-0.9863789163529872,0.3500390946865082,0.008555344,6790,1375471.125,0.0,2600361.051953125,-0.0031854715627559925,0.2,0.0003
192,393216,41637.342098910005,21335,336.0,18,0.10283203125,-0.9819458812475205,0.34980928897857666,0.008383583,6800,963231.75,5.960464477539063e-08,2720021.790234375,-0.005476144365820801,0.2,0.0003
193,395264,41893.39598863001,21437,336.0,18,0.0869140625,-0.9929044490680099,0.35190752148628235,0.007745494,6810,1232108.25,1.1920928955078125e-07,2176197.405078125,-0.003559937793761492,0.2,0.0003
194,397312,41685.048917,21538,336.0,18,0.059521484375,-0.9964183360338211,0.3505002558231354,0.006456083,6820,1721652.25,0.0,2956260.31875,-0.0030967634054832162,0.2,0.0003
195,399360,41455.47227992,21640,336.0,18,0.12646484375,-0.9885446025058627,0.34954872727394104,0.012670413,6830,948133.125,0.0,2177284.207421875,-0.004487605358008295,0.2,0.0003
196,401408,41277.89177234,21741,336.0,18,0.06484375,-0.9825647793710232,0.3486965596675873,0.00670163,6840,1188911.5,0.0,2872393.4421875,-0.003332829249848146,0.2,0.0003
197,403456,41101.20533532,21844,336.0,18,0.0982421875,-0.9732579389587045,0.34702375531196594,0.0077332715,6850,1045582.1875,0.0,2333674.4734375,-0.004633665921573993,0.2,0.0003
198,405504,40736.51251769,21947,336.0,18,0.098046875,-0.9596474703401328,0.3461891710758209,0.007784578,6860,1087018.5,0.0,2468606.636328125,-0.004984272786532529,0.2,0.0003
199,407552,40016.104213880004,22048,336.0,18,0.102490234375,-0.9502828240394592,0.3457494080066681,0.008814646,6870,1285196.0,0.0,2289186.178125,-0.003330016236577649,0.2,0.0003
200,409600,40141.01360833,22149,336.0,18,0.10126953125,-0.940376372076571,0.34450212121009827,0.008331742,6880,849981.8125,0.0,2154311.857421875,-0.003852017161261756,0.2,0.0003
201,411648,40117.73765343,22252,336.0,18,0.096484375,-0.946206889487803,0.34618106484413147,0.006810464,6890,1314572.375,-1.1920928955078125e-07,2259421.671875,-0.005015474793617613,0.2,0.0003
202,413696,40548.46734255001,22356,336.0,18,0.077880859375,-0.9658523274585604,0.3488418161869049,0.0068988837,6900,1181360.5,0.0,2607089.742578125,-0.003649684856645763,0.2,0.0003
203,415744,40772.31483211999,22457,336.0,18,0.061474609375,-0.978842100687325,0.3505297601222992,0.0074137775,6910,1762204.25,0.0,3276788.4265625,-0.004723290435504168,0.2,0.0003
204,417792,40484.384329960005,22561,336.0,18,0.090478515625,-0.9815082201734185,0.35049009323120117,0.0077625783,6920,1207372.5,0.0,2839306.47890625,-0.006636897074349691,0.2,0.0003
205,419840,40781.668222160006,22667,336.0,18,0.101318359375,-0.9747268712148071,0.34879231452941895,0.007679127,6930,726038.6875,0.0,2197388.466015625,-0.002507053384761093,0.2,0.0003
206,421888,40547.18098172,22769,336.0,18,0.08330078125,-0.9665340531617403,0.3486545979976654,0.007952036,6940,1703959.375,0.0,2900856.08359375,-0.004082305975316558,0.2,0.0003
207,423936,40337.22278986999,22872,336.0,18,0.10537109375,-0.9766530463472008,0.3513987362384796,0.010671841,6950,998434.5,0.0,2348640.46796875,-0.004226203043072019,0.2,0.0003
208,425984,40509.180601390006,22974,336.0,18,0.094287109375,-0.9909622220322489,0.3523314893245697,0.0076235393,6960,1018574.3125,0.0,2241105.70234375,-0.0018881143245380373,0.2,0.0003
209,428032,40911.139864330005,23082,336.0,18,0.11513671875,-0.9957192001864315,0.3528619706630707,0.010981336,6970,1586217.75,0.0,2961305.129296875,-0.007376614573149709,0.2,0.0003
210,430080,40361.6854216,23183,336.0,18,0.0732421875,-0.9949204122647644,0.3521830141544342,0.0070490767,6980,1447662.5,0.0,3234954.68515625,-0.004044880454603117,0.2,0.0003
211,432128,40227.09963208,23285,336.0,18,0.140380859375,-0.9861398566514253,0.34997525811195374,0.01223762,6990,721877.75,0.0,2001117.56953125,-0.0010674166944227182,0.2,0.0003
212,434176,40716.36013073999,23391,336.0,18,0.122265625,-0.9862787023186683,0.3508214056491852,0.00921255,7000,1142618.625,-1.1920928955078125e-07,2333391.23828125,-0.0060023181824362835,0.2,0.0003
213,436224,41008.25504831,23495,336.0,18,0.103662109375,-0.9909000270068645,0.35092511773109436,0.0076089385,7010,1469437.25,0.0,2987614.3796875,-0.006100965400401037,0.2,0.0003
214,438272,41557.29455424,23598,336.0,18,0.0958984375,-0.9966139085590839,0.35257044434547424,0.009691054,7020,1410609.5,-1.1920928955078125e-07,3094906.46328125,-0.005014696781290695,0.2,0.0003
215,440320,42137.504375100005,23701,336.0,18,0.06748046875,-0.9990898469462991,0.3525629937648773,0.006391954,7030,1457183.875,0.0,3144107.9015625,-0.00280599021789385,0.2,0.0003
216,442368,41852.32761947,23804,336.0,18,0.097216796875,-0.9962874064221978,0.3531478941440582,0.009252602,7040,1114044.25,0.0,2757663.075390625,-0.0027986587781924756,0.2,0.0003
217,444416,42161.16642021001,23906,336.0,18,0.09560546875,-1.0031207313761115,0.3541179895401001,0.007948036,7050,1512970.125,1.7881393432617188e-07,2806529.17734375,-0.005964342931110878,0.2,0.0003
218,446464,41430.13287833,24009,336.0,18,0.076513671875,-1.0090461201965808,0.35376763343811035,0.008750459,7060,1020633.0,0.0,2213159.26640625,0.0001602907505002804,0.2,0.0003
219,448512,40745.10740177,24114,336.0,18,0.1138671875,-1.0033715661615132,0.3532263934612274,0.007552829,7070,1102592.0,1.1920928955078125e-07,2012512.973046875,-0.004803515650564805,0.2,0.0003
220,450560,40656.08812834,24216,336.0,18,0.09072265625,-0.998145472444594,0.3533904552459717,0.0052201096,7080,783346.6875,0.0,1871965.7390625,-0.0008733599068364128,0.2,0.0003
221,452608,40986.952333589994,24320,336.0,18,0.076806640625,-1.002646354585886,0.3537943363189697,0.0062123216,7090,1350890.0,1.1920928955078125e-07,2476878.95625,-0.0029769823740934953,0.2,0.0003
222,454656,41303.26028216,24425,336.0,18,0.09990234375,-1.0035988509654998,0.35250863432884216,0.0074202246,7100,1512316.5,0.0,2954994.148828125,-0.0057023338318686004,0.2,0.0003
223,456704,41160.72480029,24527,336.0,18,0.091015625,-0.9976341681554913,0.35220322012901306,0.008381421,7110,1559838.875,0.0,3009539.923046875,-0.006186166575935204,0.2,0.0003
224,458752,41435.96826668,24628,336.0,18,0.0521484375,-1.0039233148097992,0.35465145111083984,0.0066026524,7120,1263492.375,0.0,2512701.939453125,-0.001791090018377872,0.2,0.0003
225,460800,40915.88853031,24730,336.0,18,0.096826171875,-1.0053311986848712,0.3532627820968628,0.007958204,7130,961867.25,0.0,2384830.007421875,-0.0027067276547313667,0.2,0.0003
226,462848,40914.826968539994,24832,336.0,18,0.098291015625,-0.9928649248555302,0.35210976004600525,0.0074242232,7140,1264669.5,0.0,2493674.09296875,-0.0036275900441978593,0.2,0.0003
227,464896,41514.384611730005,24936,336.0,18,0.09873046875,-0.9958614772185683,0.3536798655986786,0.008396074,7150,1145993.125,0.0,2096432.5796875,-0.0038082526829384734,0.2,0.0003
228,466944,41628.095893779995,25037,336.0,18,0.070849609375,-1.002869975194335,0.35352030396461487,0.0072564967,7160,1307121.625,1.1920928955078125e-07,2959630.64296875,-0.0028437665314413607,0.2,0.0003
229,468992,41391.64283165,25139,336.0,18,0.082080078125,-1.0097140725702047,0.35456034541130066,0.007869318,7170,1265758.75,0.0,2973861.9125,-0.0025490450891084036,0.2,0.0003
230,471040,41176.16936441999,25240,336.0,18,0.103515625,-1.0003337817266584,0.35109439492225647,0.0101059945,7180,1367876.125,1.7881393432617188e-07,2584802.866796875,-0.0075652990330127064,0.2,0.0003
231,473088,40725.93276212001,25343,336.0,18,0.081494140625,-0.9908425183966756,0.3512062728404999,0.0066996804,7190,1282210.5,-1.1920928955078125e-07,2428634.471875,-0.0021468287173775024,0.2,0.0003
232,475136,40327.970218630006,25444,336.0,18,0.071923828125,-0.989131098613143,0.35119736194610596,0.0061224373,7200,1119366.125,0.0,2245791.757421875,0.0011891755741089583,0.2,0.0003
233,477184,40243.16489873,25545,336.0,18,0.135498046875,-0.9844184873625637,0.3497455418109894,0.007823398,7210,863332.0625,0.0,1813077.5369140625,0.0020027151753311046,0.2,0.0003
234,479232,40757.35447087,25648,336.0,18,0.110400390625,-0.985172462835908,0.35047459602355957,0.008018948,7220,1182004.25,-1.1920928955078125e-07,2436750.830859375,-0.005289258941775188,0.2,0.0003
235,481280,41100.44432315,25751,336.0,18,0.0720703125,-0.9916177099570632,0.35124680399894714,0.0076409113,7230,1725841.875,0.0,2934803.21328125,-0.004309070433373563,0.2,0.0003
236,483328,41246.54975811,25852,336.0,18,0.098388671875,-0.993425739184022,0.35124680399894714,0.006610261,7240,1303427.0,0.0,2895601.051171875,-0.005215758792473935,0.2,0.0003
237,485376,41400.35379407,25953,336.0,18,0.070703125,-0.9886096844449639,0.3498568832874298,0.0055480264,7250,1020004.3125,0.0,2624606.562109375,-0.0025757663606782444,0.2,0.0003
238,487424,41293.92034215,26054,336.0,18,0.10439453125,-0.9812552120536566,0.349213570356369,0.00902939,7260,1632930.125,0.0,2848445.15703125,-0.0076407735512475485,0.2,0.0003
239,489472,40688.877952999996,26155,336.0,18,0.094580078125,-0.9887665584683418,0.35272955894470215,0.009140937,7270,1080311.75,0.0,2578458.72265625,-0.004575152248435188,0.2,0.0003
240,491520,40955.636637339994,26259,336.0,18,0.08798828125,-0.9999857766553759,0.35264551639556885,0.008227022,7280,1007436.5625,0.0,2293552.198828125,-9.870668582152575e-05,0.2,0.0003
241,493568,40928.90989540001,26362,336.0,18,0.087353515625,-0.9949250182136893,0.3519444465637207,0.006048153,7290,1090588.5,0.0,2586992.031640625,-0.0018242923979414627,0.2,0.0003
242,495616,40450.14599929,26464,336.0,18,0.102294921875,-0.9911420494318008,0.3521261513233185,0.01055732,7300,1083357.125,0.0,2151720.8203125,-0.004799873632873641,0.2,0.0003
243,497664,40345.3143882,26565,336.0,18,0.1474609375,-0.993651975505054,0.35287725925445557,0.01277232,7310,1292399.5,0.0,2005303.541796875,-0.0043405110089224765,0.2,0.0003
244,499712,40536.21978659,26674,336.0,18,0.0923828125,-0.9901579406112433,0.35262206196784973,0.0062440205,7320,1234419.5,0.0,2305080.359765625,-0.003238668863195926,0.2,0.0003
245,501760,40488.623211369995,26781,336.0,18,0.05029296875,-0.9835168393328786,0.3524346649646759,0.0044679395,7330,1568864.375,0.0,3485580.546875,-0.003294614132028073,0.2,0.0003
246,503808,40223.023435380004,26902,336.0,18,0.07734375,-0.97701486479491,0.3501901626586914,0.008235206,7340,992130.5625,0.0,2418080.4640625,-0.0032376913899497596,0.2,0.0003
247,505856,40601.477702410004,27015,336.0,18,0.078271484375,-0.9747446712106467,0.3510805666446686,0.008437499,7350,1219307.75,0.0,2454031.49375,-0.00380658366921125,0.2,0.0003
248,507904,40955.98493954,27130,336.0,18,0.114501953125,-0.9812637999653816,0.35135993361473083,0.009169705,7360,1263888.75,0.0,2688152.228125,-0.004572955491312314,0.2,0.0003
249,509952,40973.326606630006,27260,336.0,18,0.086865234375,-0.9844012999907136,0.3516181707382202,0.008460028,7370,1388345.0,0.0,2731788.76640625,-0.0035318295980687254,0.2,0.0003
250,512000,41003.559676790006,27383,336.0,18,0.116259765625,-0.9911691553890705,0.3529251515865326,0.009562229,7380,1216859.75,0.0,2371344.14765625,-0.0017352946568280458,0.2,0.0003
251,514048,41116.838828780004,27510,336.0,18,0.072216796875,-0.9879162712022662,0.35036706924438477,0.0067397626,7390,1260654.75,0.0,2507195.225390625,-0.001653338900359813,0.2,0.0003
252,516096,41503.3225927,27624,336.0,18,0.068408203125,-0.9760548682883382,0.34912243485450745,0.007187954,7400,1758474.0,-1.1920928955078125e-07,3005139.15859375,-0.002521543804323301,0.2,0.0003
253,518144,41272.44652111999,27733,336.0,18,0.087744140625,-0.9717372503131628,0.3482190668582916,0.007421499,7410,1530740.75,5.960464477539063e-08,2897467.57109375,-0.0024219652579631655,0.2,0.0003
254,520192,40738.205501870005,27866,336.0,18,0.109326171875,-0.9759068718180061,0.3494870364665985,0.007304404,7420,1329873.375,0.0,2186808.325390625,-0.004896517422457692,0.2,0.0003
255,522240,40868.80728372,27977,336.0,18,0.12294921875,-0.9764238031581044,0.348531037569046,0.008598322,7430,1150745.75,0.0,2247105.078125,-0.003019729088555323,0.2,0.0003
256,524288,40624.150381299994,28093,336.0,18,0.119970703125,-0.9566920621320605,0.34578657150268555,0.008584534,7440,799385.3125,0.0,2159188.66015625,-0.003993927540068398,0.2,0.0003
257,526336,40855.12698957,28203,336.0,18,0.12412109375,-0.9445248175412416,0.3465748727321625,0.01019039,7450,1106299.5,0.0,2653132.37265625,-0.005294707790017128,0.2,0.0003
258,528384,41491.08693567,28315,336.0,18,0.1193359375,-0.9446375172585249,0.34639620780944824,0.010976801,7460,1242273.75,0.0,2573872.814453125,-0.0061268036748515445,0.2,0.0003
259,530432,41667.80418831,28432,336.0,18,0.093408203125,-0.9377058077603578,0.3453744649887085,0.00956239,7470,1329799.0,5.960464477539063e-08,2675565.993359375,-0.0035875408902938943,0.2,0.0003
260,532480,41390.220931699994,28558,336.0,18,0.119384765625,-0.9412821920588612,0.34758660197257996,0.008365527,7480,1129003.75,0.0,2440005.88359375,-0.0008796310648904182,0.2,0.0003
261,534528,41075.476056379994,28667,336.0,18,0.098681640625,-0.9531371921300889,0.3488423824310303,0.009919808,7490,1177147.75,0.0,2777394.35703125,-0.0033754251257050783,0.2,0.0003
262,536576,41158.165158769996,28781,336.0,18,0.0837890625,-0.9525270277634263,0.34681427478790283,0.010253167,7500,1190068.5,0.0,2472716.345703125,-0.0027839685455546713,0.2,0.0003
263,538624,41529.92691747,28893,336.0,18,0.115625,-0.9389582561329007,0.34573447704315186,0.010403257,7510,1529887.25,5.960464477539063e-08,2421489.457421875,-0.004745829192688689,0.2,0.0003
264,540672,41453.63863501,29005,336.0,18,0.102392578125,-0.9283279893919826,0.3448738157749176,0.008541315,7520,1615621.625,0.0,3078225.0375,-0.005209309214842505,0.2,0.0003
265,542720,41620.70309879,29122,336.0,18,0.093359375,-0.9196401495486498,0.3441013991832733,0.006256964,7530,1281562.125,0.0,2564380.31484375,-0.003341452205495443,0.2,0.0003
266,544768,41419.54698029,29223,336.0,18,0.11826171875,-0.9201008453965187,0.3451853096485138,0.0095499735,7540,1033289.125,-1.1920928955078125e-07,2354305.719921875,-0.004318487098498735,0.2,0.0003
267,546816,41595.279326660006,29324,336.0,18,0.100244140625,-0.9377413034439087,0.34906306862831116,0.008136623,7550,1239577.125,5.960464477539063e-08,2563198.24453125,-0.004899228799331468,0.2,0.0003
268,548864,41505.56698535001,29430,336.0,18,0.088818359375,-0.9504833934828639,0.34849855303764343,0.008453386,7560,1442225.25,-1.1920928955078125e-07,2753677.94375,-0.0036217982509697323,0.2,0.0003
269,550912,41443.73190144,29546,336.0,18,0.0828125,-0.9436834046617151,0.34759172797203064,0.005887905,7570,1445196.375,0.0,2885805.153515625,-0.0018780070677166805,0.2,0.0003
270,552960,41938.69050541,29654,336.0,18,0.144287109375,-0.9333743829280138,0.3471732437610626,0.011738006,7580,1273754.625,0.0,2729676.85703125,-0.008876239972596522,0.2,0.0003
271,555008,42161.09190277,29774,336.0,18,0.0787109375,-0.9239750714972615,0.34512996673583984,0.007568922,7590,1402510.375,0.0,2738780.93125,-0.0036666350308223626,0.2,0.0003
272,557056,42059.43158292,29887,336.0,18,0.0810546875,-0.9210874686017633,0.3457573354244232,0.006750263,7600,1123360.875,0.0,2779779.127734375,-0.0022862123805680312,0.2,0.0003
273,559104,41678.454847630004,29997,336.0,18,0.150830078125,-0.9330885672941804,0.34759607911109924,0.014548805,7610,1296857.25,0.0,1986919.671484375,-0.005595120285579469,0.2,0.0003
274,561152,41877.31185684001,30109,336.0,18,0.14931640625,-0.9369454944506288,0.34650883078575134,0.016038176,7620,1231109.875,5.960464477539063e-08,2294325.97265625,-0.004186317358107772,0.2,0.0003
275,563200,42159.12551278001,30218,336.0,18,0.066015625,-0.9268451513722539,0.34566986560821533,0.006407067,7630,1711308.75,0.0,2887163.79140625,-0.003509841974300798,0.2,0.0003
276,565248,42677.48116219001,30326,336.0,18,0.078466796875,-0.9294579355046153,0.34751006960868835,0.007170989,7640,1473793.875,5.960464477539063e-08,3320282.19375,-0.004552275456080679,0.2,0.0003
277,567296,42364.57952527,30437,336.0,18,0.097314453125,-0.9475597454234957,0.34958791732788086,0.01458337,7650,1279837.125,0.0,2621123.96484375,-0.004295120650203899,0.2,0.0003
278,569344,42198.33134637,30547,336.0,18,0.1130859375,-0.9642000315710902,0.3524184226989746,0.007860069,7660,1202018.0,0.0,2153147.109375,-0.003930698025942547,0.2,0.0003
279,571392,42221.959233680005,30658,336.0,18,0.107275390625,-0.9718399409204721,0.35199037194252014,0.009629942,7670,1124837.5,0.0,2348465.109375,-0.0035726895701372998,0.2,0.0003
280,573440,41687.574493650005,30770,336.0,18,0.115673828125,-0.9732232801616192,0.3521376848220825,0.009047877,7680,1567105.75,0.0,2705939.61953125,-0.004178691428387537,0.2,0.0003
281,575488,41793.01913423,30881,336.0,18,0.172119140625,-0.9644729942083359,0.3501582145690918,0.01531416,7690,1162950.875,5.960464477539063e-08,1859070.237109375,-0.0021903179316723254,0.2,0.0003
282,577536,41839.513187029996,30990,336.0,18,0.065380859375,-0.9583675682544708,0.35001471638679504,0.0066667926,7700,1364082.875,0.0,2574327.6953125,-0.0023776461537636353,0.2,0.0003
283,579584,41588.95527961,31101,336.0,18,0.084521484375,-0.9504325691610575,0.3488411605358124,0.007436216,7710,1338535.625,1.1920928955078125e-07,2478375.371875,-0.0027410647220676766,0.2,0.0003
284,581632,41215.28750042001,31213,336.0,18,0.118994140625,-0.9474296120926737,0.3491460084915161,0.0084602395,7720,1306174.375,0.0,2463387.2515625,-0.00425508613261627,0.2,0.0003
285,583680,41042.63011951,31323,336.0,18,0.09267578125,-0.9479807872325182,0.3493887186050415,0.0069067273,7730,1321347.125,5.960464477539063e-08,2413721.195703125,-0.003679680010827724,0.2,0.0003
286,585728,40952.48106257,31437,336.0,18,0.06767578125,-0.9489258805289864,0.34964263439178467,0.0073071197,7740,837309.75,0.0,2120896.431640625,-0.0013219992019003258,0.2,0.0003
287,587776,40750.68011201,31550,336.0,18,0.122705078125,-0.9441952012479305,0.34923815727233887,0.009806026,7750,1237554.0,0.0,2583124.441796875,-0.006685830208880361,0.2,0.0003
288,589824,40764.456239549996,31681,336.0,18,0.189208984375,-0.9402820691466331,0.34826502203941345,0.07693136,7760,906341.8125,-1.1920928955078125e-07,2351619.3984375,0.011202863012294983,0.2,0.0003
289,591872,41142.94188503,31803,336.0,18,0.11328125,-0.9367565091699361,0.34803083539009094,0.010330444,7770,1394171.875,0.0,2792808.779296875,-0.005400997401011409,0.2,0.0003
290,593920,41122.053656109994,31914,336.0,18,0.0796875,-0.9338507881388068,0.34834906458854675,0.005732811,7780,1034895.0,0.0,2352000.966796875,-0.002455872917198576,0.2,0.0003
291,595968,40200.09233473,32027,336.0,18,0.120263671875,-0.922604844905436,0.3461160659790039,0.0085182395,7790,1070433.25,0.0,2277007.878125,-0.006331263241008855,0.2,0.0003
292,598016,39931.92555449,32138,336.0,18,0.12294921875,-0.9008121574297547,0.3440934121608734,0.009927262,7800,1186983.25,0.0,2074113.620703125,-0.0009901333454763518,0.2,0.0003
293,600064,39262.56216373,32248,336.0,18,0.088916015625,-0.8900253582745791,0.3435473144054413,0.007463174,7810,1099974.0,0.0,2243518.4859375,-0.0028744964190991597,0.2,0.0003
294,602112,39357.62316380001,32363,336.0,18,0.132080078125,-0.8782746514305473,0.3417511284351349,0.011663347,7820,788638.25,-1.1920928955078125e-07,2015563.12421875,-0.00048163747851504013,0.2,0.0003
295,604160,39413.8055992,32477,336.0,18,0.088330078125,-0.8751080071553587,0.34317198395729065,0.0074370606,7830,1670877.125,-1.1920928955078125e-07,2723152.859765625,-0.003681212886294816,0.2,0.0003
296,606208,39762.73424994,32586,336.0,18,0.095751953125,-0.8643116608262063,0.3406088054180145,0.009449167,7840,1061603.0,0.0,2564163.55625,-0.004720057720260229,0.2,0.0003
297,608256,40030.13918621,32697,336.0,18,0.09052734375,-0.8478586066514253,0.33994054794311523,0.005909757,7850,1220216.625,5.960464477539063e-08,2496247.8109375,-0.006278347093029879,0.2,0.0003
298,610304,39828.45590776,32808,336.0,18,0.09638671875,-0.8463825508952141,0.3402242660522461,0.007875816,7860,1182524.375,0.0,2601071.916796875,-0.005095019843429327,0.2,0.0003
299,612352,39743.31579361,32917,336.0,18,0.0990234375,-0.8477592237293721,0.33950814604759216,0.010571411,7870,939028.0,0.0,1963268.0375,-0.0017764257921953686,0.2,0.0003
300,614400,39724.396423750004,33026,336.0,18,0.090625,-0.8389800630509854,0.33797693252563477,0.0061709024,7880,1312628.0,5.960464477539063e-08,2393493.621484375,-0.0016846267943037673,0.2,0.0003
301,616448,39825.17648018001,33147,336.0,18,0.1009765625,-0.8396495778113604,0.3406006395816803,0.007075194,7890,659154.3125,0.0,2088984.075390625,-0.002140988112660125,0.2,0.0003
302,618496,39643.3328864,33272,336.0,18,0.083544921875,-0.8404062649235129,0.339815229177475,0.0060168053,7900,1054767.75,0.0,2127111.1078125,-0.0020670212412369437,0.2,0.0003
303,620544,39528.82345905001,33403,336.0,18,0.10849609375,-0.8411044478416443,0.3410505950450897,0.009067681,7910,845950.0,0.0,2142808.1609375,-0.0024031065513554495,0.2,0.0003
304,622592,39516.6826385,33543,336.0,18,0.1248046875,-0.8395375484600663,0.33947619795799255,0.011603259,7920,1292523.875,-1.1920928955078125e-07,2611790.862109375,-0.005534579669620144,0.2,0.0003
305,624640,39361.860756660004,33678,336.0,18,0.107763671875,-0.8334026981145144,0.3399944007396698,0.007835133,7930,1332494.625,0.0,2214972.55078125,-0.0038001015753252433,0.2,0.0003
306,626688,39711.70969515,33813,336.0,18,0.11044921875,-0.8386131139472127,0.34098854660987854,0.010058638,7940,936303.0,0.0,2312020.77265625,-0.0030842530606605576,0.2,0.0003
307,628736,40517.97053495,33930,336.0,18,0.088037109375,-0.8358519559726119,0.34014442563056946,0.009553913,7950,1473697.75,0.0,2933311.73046875,-0.006341474421060411,0.2,0.0003
308,630784,40483.58145312,34035,336.0,18,0.10673828125,-0.8250235624611377,0.3388184607028961,0.009612845,7960,906626.4375,5.960464477539063e-08,2748246.628125,-0.00738832417409867,0.2,0.0003
309,632832,41311.332182189995,34155,336.0,18,0.11181640625,-0.82202352527529,0.3386744260787964,0.00875363,7970,1822439.125,0.0,2787523.0,-0.006068245618371293,0.2,0.0003
310,634880,41429.75748702,34270,336.0,18,0.112841796875,-0.8214962121099234,0.33799633383750916,0.011107134,7980,1152848.0,-1.1920928955078125e-07,2407469.649609375,-0.004200069753278512,0.2,0.0003
311,636928,40944.600209779994,34402,336.0,18,0.073486328125,-0.8101330077275634,0.3359330892562866,0.007659702,7990,1362045.5,0.0,2451507.6046875,-0.0021833649938344025,0.2,0.0003
312,638976,41084.74269516001,34547,336.0,18,0.12724609375,-0.816327047906816,0.33878445625305176,0.00988053,8000,1339206.75,0.0,2371340.81328125,-0.002836966836912325,0.2,0.0003
313,641024,40813.711152280004,34694,336.0,18,0.073828125,-0.8190882060676813,0.33743396401405334,0.0074372026,8010,1278109.0,0.0,2513102.838671875,-0.0021836408268427476,0.2,0.0003
314,643072,40423.88395727,34847,336.0,18,0.12705078125,-0.797174870595336,0.33492162823677063,0.011519307,8020,988910.125,0.0,2452326.48984375,-0.007273515178530943,0.2,0.0003
315,645120,40850.074315189995,34989,336.0,18,0.6216796875,-0.7827452845871449,0.33435630798339844,9.655924,8030,651258.125,-1.1920928955078125e-07,1630865.0041015625,0.12500861610897118,0.2,0.0003
316,647168,40711.16468644,35113,336.0,18,0.05634765625,-0.7816162448376417,0.3335810899734497,0.006325433,8040,1122336.75,0.0,2885698.655078125,-0.003604572452604771,0.2,0.0003
317,649216,41256.96292061,35221,336.0,18,0.071630859375,-0.7772439904510975,0.33318886160850525,0.006108542,8050,1410308.125,5.960464477539063e-08,2536657.610546875,-0.004902814644447062,0.2,0.0003
318,651264,41025.12122315,35329,336.0,18,0.0744140625,-0.7752886198461055,0.333166241645813,0.008169986,8060,1587570.5,0.0,2485189.5015625,-0.004160877874528524,0.2,0.0003
319,653312,41301.71199877,35440,336.0,18,0.1064453125,-0.7664667446166277,0.33121612668037415,0.0090320725,8070,913536.625,0.0,2035480.95625,-0.0049892726405232676,0.2,0.0003
320,655360,40931.635839070004,35548,336.0,18,0.0775390625,-0.7552235806360841,0.330289751291275,0.006031988,8080,1079429.75,0.0,2409528.693359375,-0.0048794161702971905,0.2,0.0003
321,657408,41502.11932523,35653,336.0,18,0.103564453125,-0.7499725768342614,0.32984641194343567,0.0106774755,8090,1259655.625,0.0,2414027.5859375,-0.0052901753093465235,0.2,0.0003
322,659456,40668.03648723,35763,336.0,18,0.08955078125,-0.7443990921601653,0.3296312987804413,0.009785827,8100,1349633.25,0.0,2427348.13359375,-0.0054185440902074335,0.2,0.0003
323,661504,40616.90695772,35870,336.0,18,0.1017578125,-0.738995959982276,0.32951435446739197,0.0073049692,8110,1155911.625,5.960464477539063e-08,2119458.115234375,-0.0008347393682925031,0.2,0.0003
324,663552,40374.71219512,35976,336.0,18,0.064013671875,-0.7354465842247009,0.3295206129550934,0.007827821,8120,1047000.3125,0.0,2310820.264453125,-0.0022545146508491597,0.2,0.0003
325,665600,40243.16143813,36082,336.0,18,0.07421875,-0.7273243505507707,0.3277178704738617,0.010050075,8130,800304.5,-1.1920928955078125e-07,2191273.04609375,-0.0012903693292173556,0.2,0.0003
326,667648,40020.7073136,36188,336.0,18,0.094873046875,-0.721923422254622,0.32814350724220276,0.006916986,8140,1027735.8125,0.0,2478833.794921875,-0.006022438613581471,0.2,0.0003
327,669696,40179.415620240005,36297,336.0,18,0.125732421875,-0.7259764676913619,0.3288552761077881,0.014142091,8150,1680397.375,5.960464477539063e-08,2466121.23515625,-0.0044884904433274645,0.2,0.0003
328,671744,40135.96971738,36404,336.0,18,0.121826171875,-0.7232267204672098,0.32841894030570984,0.009697197,8160,685581.6875,0.0,2152749.403515625,-0.0045853999436076265,0.2,0.0003
329,673792,40439.385942860004,36509,336.0,18,0.07587890625,-0.7165998818352819,0.3281315863132477,0.007638145,8170,1364046.125,0.0,2567906.76796875,-0.0024632268483401275,0.2,0.0003
330,675840,40555.443920390004,36614,336.0,18,0.105322265625,-0.7098585283383727,0.3270609974861145,0.008709219,8180,1265577.625,0.0,2753967.30703125,-0.004986018125782721,0.2,0.0003
331,677888,41139.53049317,36719,336.0,18,0.07958984375,-0.7039329031482339,0.3263060748577118,0.008425629,8190,1047205.3125,0.0,2415192.796875,-0.001642365263251122,0.2,0.0003
332,679936,40902.212745330005,36829,336.0,18,0.076123046875,-0.7023881206288933,0.32735753059387207,0.0070785796,8200,1291476.125,5.960464477539063e-08,2698502.4546875,-0.0020681059475464282,0.2,0.0003
333,681984,40706.38087994,36939,336.0,18,0.114453125,-0.694644159451127,0.3253076672554016,0.01003196,8210,966881.4375,-1.1920928955078125e-07,2245080.2734375,-0.001845241489354521,0.2,0.0003
334,684032,40695.454517670005,37064,336.0,18,0.094140625,-0.6702317018061876,0.32187262177467346,0.009851183,8220,1476611.0,0.0,2717193.9203125,-0.0014346357900649309,0.2,0.0003
335,686080,41147.823311119995,37200,336.0,18,0.14736328125,-0.6498844914138318,0.3212185204029083,0.018093724,8230,991055.125,0.0,2234006.62265625,-0.007013271018513479,0.2,0.0003
336,688128,40810.57770511,37340,336.0,18,0.096142578125,-0.646285686455667,0.32103368639945984,0.009238398,8240,1259584.25,-1.1920928955078125e-07,3010648.1796875,-0.003828458275165758,0.2,0.0003
337,690176,40643.68955606,37452,336.0,18,0.190869140625,-0.6418132411316038,0.32022038102149963,0.013482921,8250,961849.0625,0.0,2030859.2203125,-0.0024131296027917414,0.2,0.0003
338,692224,41067.775266460005,37554,336.0,18,0.0677734375,-0.6365296984091401,0.3199145197868347,0.005463738,8260,1468187.375,0.0,2730367.02578125,-0.0006096165569033473,0.2,0.0003
339,694272,41086.46390245,37656,336.0,18,0.084716796875,-0.6359675668179989,0.32016655802726746,0.008684623,8270,1133772.25,0.0,2335446.6671875,-0.0018789683934301137,0.2,0.0003
340,696320,41095.842786940004,37766,336.0,18,0.09306640625,-0.6304645096883178,0.319254994392395,0.007329035,8280,1345695.75,0.0,2337419.158203125,-0.0006996210493525723,0.2,0.0003
341,698368,41009.15963313999,37901,336.0,18,0.070263671875,-0.6192388048395514,0.3186917006969452,0.0067336326,8290,1408933.375,5.960464477539063e-08,2294443.958984375,-0.0010056683648144826,0.2,0.0003
342,700416,40825.282105390004,38034,336.0,18,0.153955078125,-0.6053426703438163,0.31648939847946167,0.011981439,8300,1170335.5,5.960464477539063e-08,2165619.833203125,-0.0035203777631977575,0.2,0.0003
343,702464,41105.43329647,38173,336.0,18,0.113623046875,-0.5916328851133585,0.31623998284339905,0.010929665,8310,1372755.125,0.0,2105216.64921875,-0.0006594397462322376,0.2,0.0003
344,704512,40641.19625267,38306,336.0,18,0.0974609375,-0.584847055375576,0.3153715431690216,0.00845881,8320,1605399.0,0.0,2374588.466015625,-0.002695554971433012,0.2,0.0003
345,706560,40353.75445896999,38415,336.0,18,0.14990234375,-0.5696930492296814,0.3140464127063751,0.012190534,8330,815420.6875,5.960464477539063e-08,1785013.053125,-0.001523257456574356,0.2,0.0003
346,708608,40023.72215976,38521,336.0,18,0.14658203125,-0.5703668843954801,0.3150928020477295,0.011082757,8340,1178489.75,-1.1920928955078125e-07,1938268.2998046875,-0.004577727468858939,0.2,0.0003
347,710656,40045.600464070005,38635,336.0,18,0.12080078125,-0.569489561393857,0.31447848677635193,0.011599764,8350,923168.5625,0.0,2075307.2453125,-0.004753770719980821,0.2,0.0003
348,712704,39908.771587380004,38746,336.0,18,0.11171875,-0.5646570792421699,0.31480568647384644,0.0066026263,8360,1629742.875,5.960464477539063e-08,2741534.705078125,-0.004102708114078269,0.2,0.0003
349,714752,39956.1402613,38869,336.0,18,0.106396484375,-0.5576439639553428,0.312700092792511,0.007932487,8370,1300352.625,0.0,2121350.681640625,0.0010049461809103378,0.2,0.0003
350,716800,40039.23844856,38985,336.0,18,0.098388671875,-0.5529808957129717,0.31326356530189514,0.0088867005,8380,1075894.0,0.0,2300416.143359375,-0.0015792793121363502,0.2,0.0003
351,718848,40072.59142445,39109,336.0,18,0.106494140625,-0.5488888584077358,0.31129011511802673,0.009268731,8390,1074991.5,0.0,2029226.721484375,-0.0006442912548664026,0.2,0.0003
352,720896,40434.07073006001,39220,336.0,18,0.086279296875,-0.5382150173187256,0.31098175048828125,0.00691012,8400,1271057.25,0.0,2613923.33984375,-0.0017727604317769874,0.2,0.0003
353,722944,40531.230859749994,39338,336.0,18,0.07822265625,-0.5358379336073995,0.3097837269306183,0.0072287284,8410,1450465.0,0.0,2921900.34921875,-0.0025972089293645694,0.2,0.0003
354,724992,40697.052011119995,39442,336.0,18,0.08271484375,-0.525002165324986,0.30760374665260315,0.008610291,8420,1399583.375,0.0,2656218.049609375,-0.0014112356293480843,0.2,0.0003
355,727040,41147.47906507,39551,336.0,18,0.101220703125,-0.5197108505293727,0.3078550696372986,0.00987106,8430,1181248.25,0.0,2647708.0421875,-0.0035672131736646405,0.2,0.0003
356,729088,40835.8280973,39656,336.0,18,0.11455078125,-0.5131045134738088,0.30610546469688416,0.008626398,8440,1255589.5,0.0,2529467.68828125,-0.005275461808196269,0.2,0.0003
357,731136,40845.98938974,39759,336.0,18,0.136279296875,-0.5122713353484869,0.3078143298625946,0.008943482,8450,1137441.0,0.0,2253810.296484375,-0.002315700262261089,0.2,0.0003
358,733184,40890.67509454,39860,336.0,18,0.11826171875,-0.5181796358898282,0.3068671226501465,0.011388662,8460,1242803.5,0.0,2315024.74765625,-0.0014888840960338712,0.2,0.0003
359,735232,40625.517057130004,39963,336.0,18,0.10771484375,-0.5166551480069757,0.30601900815963745,0.00911645,8470,1419500.25,0.0,2403527.26875,-0.0015634494098776485,0.2,0.0003
360,737280,40923.98023106,40064,336.0,18,0.1005859375,-0.5156480323523283,0.305581659078598,0.009583045,8480,756220.375,0.0,2216217.97890625,-0.0010583028226392344,0.2,0.0003
361,739328,41327.531864590004,40167,336.0,18,0.142529296875,-0.49885136941447855,0.30171647667884827,0.012755121,8490,1113610.5,-1.1920928955078125e-07,2340352.8140625,0.000371717778762104,0.2,0.0003
362,741376,41425.39277542,40267,336.0,18,0.085107421875,-0.48181079840287566,0.30206581950187683,0.0075390832,8500,1251369.25,0.0,2696249.2359375,-0.0022407422948163003,0.2,0.0003
363,743424,41714.96633049,40369,336.0,18,0.121923828125,-0.4931963221170008,0.30461952090263367,0.010501495,8510,1498395.5,0.0,2410965.265234375,-0.001832219713833183,0.2,0.0003
364,745472,42146.936402449996,40470,336.0,18,0.08232421875,-0.5018375618383288,0.30427053570747375,0.0081306845,8520,1152979.25,-1.1920928955078125e-07,2808818.227734375,-0.0029890551653807052,0.2,0.0003
365,747520,41585.21176097001,40574,336.0,18,0.070263671875,-0.49557073805481194,0.30288681387901306,0.00871733,8530,1167047.5,0.0,2710148.42578125,-0.0008956840320024639,0.2,0.0003
366,749568,41570.77115543,40681,336.0,18,0.152099609375,-0.49018341628834605,0.3039621114730835,0.010003183,8540,853962.1875,0.0,1717690.986328125,0.0006145557221316267,0.2,0.0003
367,751616,41905.19229628,40783,336.0,18,0.095654296875,-0.49605427850037814,0.3051567077636719,0.007266096,8550,985412.0,-1.1920928955078125e-07,2227532.7671875,-0.0002397836040472612,0.2,0.0003
368,753664,41581.689042900005,40886,336.0,18,0.108056640625,-0.49759592227637767,0.30514511466026306,0.008038461,8560,2126017.5,0.0,2825441.3859375,-0.005012871108192485,0.2,0.0003
369,755712,41252.10387352,40990,336.0,18,0.10068359375,-0.5068708112463355,0.30711838603019714,0.010132067,8570,1762351.25,0.0,2512454.552734375,-0.0025664348795544356,0.2,0.0003
370,757760,41333.94298643,41093,336.0,18,0.120556640625,-0.5136331737041473,0.30587318539619446,0.009269161,8580,1105569.125,0.0,2322106.337890625,-0.002469962607574416,0.2,0.0003
371,759808,41062.52726623,41192,336.0,18,0.11240234375,-0.500706837605685,0.3037240207195282,0.010944241,8590,814931.875,0.0,2166662.305859375,-0.004338602059578989,0.2,0.0003
372,761856,41266.210898649995,41293,336.0,18,0.128369140625,-0.4976672210730612,0.304666668176651,0.011544582,8600,1105057.25,0.0,2416049.428125,-0.0032635185096296484,0.2,0.0003
373,763904,40878.28299589,41395,336.0,18,0.132275390625,-0.5042499883100391,0.30436572432518005,0.007971966,8610,1305782.125,0.0,2567628.40546875,-0.003449599152372684,0.2,0.0003
374,765952,40729.839751550004,41499,336.0,18,0.173583984375,-0.49152732975780966,0.30218562483787537,0.012582289,8620,1204547.25,5.960464477539063e-08,2214059.7359375,0.0007394513842882589,0.2,0.0003
375,768000,40866.80006099,41599,336.0,18,0.146533203125,-0.4890124791301787,0.30473092198371887,0.014171662,8630,998147.8125,0.0,2167643.40859375,1.3716533430851996e-05,0.2,0.0003
376,770048,40413.48495846,41699,336.0,18,0.08720703125,-0.4973438074812293,0.3049773573875427,0.009467255,8640,1247188.5,0.0,2411311.1078125,-0.0029517215341911653,0.2,0.0003
377,772096,41141.64498564,41798,336.0,18,0.09697265625,-0.5082787158899009,0.30763787031173706,0.010504975,8650,1201938.0,0.0,2346006.7421875,-0.0014982957553002052,0.2,0.0003
378,774144,40929.78510685,41897,336.0,18,0.08623046875,-0.5157270904630422,0.3062513768672943,0.0070169168,8660,1674558.75,0.0,2536479.85703125,-0.0013844783337845002,0.2,0.0003
379,776192,40771.62243796001,41997,336.0,18,0.124951171875,-0.5179773829877377,0.30711427330970764,0.009529574,8670,1561878.875,0.0,2696580.1015625,-0.0023830982463550754,0.2,0.0003
380,778240,40384.607637919995,42099,336.0,18,0.09404296875,-0.516563985683024,0.30599579215049744,0.008099906,8680,1198232.5,-1.1920928955078125e-07,2423048.84375,-0.0017311925053945742,0.2,0.0003
381,780288,40756.05561318,42203,336.0,18,0.170068359375,-0.5181779960170388,0.30757197737693787,0.013741549,8690,1110281.375,0.0,2257652.194921875,-0.00656248509476427,0.2,0.0003
382,782336,41026.43672507999,42303,336.0,18,0.110791015625,-0.527247223444283,0.3083173632621765,0.007921411,8700,2081252.75,0.0,2781019.101953125,-0.0034332750146859325,0.2,0.0003
383,784384,40864.2312704,42403,336.0,18,0.115087890625,-0.5260345535352826,0.3077223598957062,0.010442175,8710,1178144.75,-1.1920928955078125e-07,2597899.791796875,-0.002467488482943736,0.2,0.0003
384,786432,40803.87726826,42502,336.0,18,0.10146484375,-0.5259869148954749,0.3080320656299591,0.0071964106,8720,1096752.25,-1.1920928955078125e-07,2751075.126953125,-0.0043349078187020496,0.2,0.0003
385,788480,40778.67078297,42602,336.0,18,0.139990234375,-0.5372297627851367,0.30994322896003723,0.011340203,8730,957120.1875,0.0,2333576.871484375,-0.004738084848213475,0.2,0.0003
386,790528,40886.55251201,42702,336.0,18,0.12333984375,-0.544657189026475,0.3096039295196533,0.012949124,8740,1161767.375,0.0,2531412.819140625,-0.002613959205336869,0.2,0.0003
387,792576,40948.41113384,42802,336.0,18,0.091943359375,-0.5473031472414732,0.3106546401977539,0.007973372,8750,1312129.875,-1.1920928955078125e-07,2509568.28515625,-0.0031231599728926084,0.2,0.0003
388,794624,41158.38214874,42912,336.0,18,0.088134765625,-0.5554988060146571,0.31155553460121155,0.008198231,8760,848310.4375,0.0,2297827.56328125,-0.0009711474835057743,0.2,0.0003
389,796672,41936.081579519996,43012,336.0,18,0.0888671875,-0.5592543877661228,0.3115929365158081,0.009656174,8770,1533468.875,0.0,3092255.102734375,-0.002371431313804351,0.2,0.0003
390,798720,42019.00928212,43113,336.0,18,0.12060546875,-0.570141919888556,0.31422266364097595,0.0095964,8780,1686518.625,0.0,2710854.042578125,-0.0057665863205329515,0.2,0.0003
391,800768,42393.660404400005,43216,336.0,18,0.13662109375,-0.587351399846375,0.3151097297668457,0.011231622,8790,1036408.1875,0.0,2232913.499609375,-0.007712470117257908,0.2,0.0003
392,802816,42357.108267489995,43316,336.0,18,0.10419921875,-0.5924225708469748,0.3158316910266876,0.00839713,8800,1125760.125,0.0,2692743.3015625,-0.001603924717346672,0.2,0.0003
393,804864,42562.745854229994,43416,336.0,18,0.13603515625,-0.5865411745384336,0.3145875036716461,0.010198209,8810,860854.0,0.0,2434285.422265625,-0.006362651730887592,0.2,0.0003
394,806912,42735.831844559994,43517,336.0,18,0.10185546875,-0.581942412443459,0.3154976963996887,0.008183435,8820,1066765.625,0.0,2515830.883203125,-0.0008486293882015161,0.2,0.0003
395,808960,42533.562807120004,43618,336.0,18,0.11787109375,-0.5747523173689842,0.3138151466846466,0.012282938,8830,1015606.0625,0.0,2403281.887890625,-0.001801388022431638,0.2,0.0003
396,811008,42785.95255615,43717,336.0,18,0.089697265625,-0.5699884228408336,0.31361067295074463,0.008721057,8840,1192300.5,-1.1920928955078125e-07,2316679.3109375,0.0008830418897559867,0.2,0.0003
397,813056,42668.4408881,43817,336.0,18,0.105615234375,-0.5854604290798306,0.31732356548309326,0.01140906,8850,1744996.25,0.0,2290522.869140625,-0.0037551725341472774,0.2,0.0003
398,815104,42574.74448962,43917,336.0,18,0.119091796875,-0.5857939541339874,0.3152817189693451,0.011044007,8860,950169.0625,0.0,2149937.55390625,-0.0005744812020566315,0.2,0.0003
399,817152,43094.58053973,44017,336.0,18,0.101318359375,-0.576458714157343,0.31591087579727173,0.008105972,8870,1876146.5,-1.1920928955078125e-07,2612652.103515625,-0.0028834251352236606,0.2,0.0003
400,819200,42926.613682929994,44118,336.0,18,0.1255859375,-0.5723311617970467,0.3150424063205719,0.006860045,8880,1155809.875,0.0,2411621.890625,-0.002770213170151692,0.2,0.0003
401,821248,42787.13364974,44218,336.0,18,0.13681640625,-0.5680070951581001,0.31570807099342346,0.01070632,8890,913366.1875,0.0,2231123.637890625,-0.00224568411213113,0.2,0.0003
402,823296,42719.47080221,44321,336.0,18,0.155712890625,-0.567347627133131,0.3152563273906708,0.015036444,8900,1567062.125,5.960464477539063e-08,2315787.265625,0.0018974862497998402,0.2,0.0003
403,825344,42423.59682045001,44421,336.0,18,0.1310546875,-0.5660193976014852,0.31452152132987976,0.01146513,8910,990520.125,0.0,2382181.66015625,-0.004143284358724486,0.2,0.0003
404,827392,41937.48815685,44523,336.0,18,0.1208984375,-0.5696777975186705,0.3151372969150543,0.009642974,8920,863380.1875,0.0,2045213.651171875,-0.00027410718612372873,0.2,0.0003
405,829440,41334.5956213,44625,336.0,18,0.447900390625,-0.572476064786315,0.31360939145088196,1.1508021,8930,1188049.875,-1.1920928955078125e-07,1829688.7923828126,0.10261537220794707,0.2,0.0003
406,831488,41335.24837736999,44725,336.0,18,0.071875,-0.5611536091193556,0.31378188729286194,0.0065589906,8940,1139220.125,0.0,2240133.721875,-0.00481826238319627,0.2,0.0003
407,833536,41197.81204715,44825,336.0,18,0.06240234375,-0.5641527177765966,0.31390008330345154,0.007347823,8950,1340543.25,0.0,2422612.4484375,-0.004155459738103673,0.2,0.0003
408,835584,40995.049677510004,44925,336.0,18,0.089697265625,-0.5647352360188961,0.31380411982536316,0.010394055,8960,983688.8125,0.0,2150290.77109375,-0.0035261926270322872,0.2,0.0003
409,837632,40746.48258372,45031,336.0,18,0.13662109375,-0.5657183902338148,0.31381621956825256,0.0121900765,8970,1204795.5,0.0,2223791.57578125,-0.006471247899753507,0.2,0.0003
410,839680,40359.059863580005,45132,336.0,18,0.088134765625,-0.5686289280653,0.3141036033630371,0.0070335353,8980,1071052.125,-1.1920928955078125e-07,2368188.8578125,-0.0036011056101415305,0.2,0.0003
411,841728,40125.653630759996,45234,336.0,18,0.16572265625,-0.5632133346050978,0.31278741359710693,0.012432195,8990,1199362.875,0.0,2102720.905078125,-0.0025158290038234552,0.2,0.0003
412,843776,40198.133530429994,45339,336.0,18,0.10126953125,-0.5538965951651335,0.3130761384963989,0.009041717,9000,760759.0,0.0,1960015.2671875,-0.0037775600139866583,0.2,0.0003
413,845824,40052.448519260004,45439,336.0,18,0.064697265625,-0.5592237802222371,0.31364479660987854,0.007245692,9010,1388423.75,0.0,2376215.52578125,-0.0025300444453023375,0.2,0.0003
414,847872,39898.46671553,45540,336.0,18,0.101904296875,-0.5660002682358026,0.3144635260105133,0.01109566,9020,1006387.8125,0.0,2275627.983984375,-0.0029990916678798384,0.2,0.0003
415,849920,39237.07156263,45640,336.0,18,0.1142578125,-0.5624638017266989,0.3135066330432892,0.008937579,9030,859618.75,0.0,2286252.74296875,-0.00213677328574704,0.2,0.0003
416,851968,38362.03339528001,45741,336.0,18,0.66318359375,-0.564724219031632,0.3138159215450287,5.993465,9040,933887.0,5.960464477539063e-08,2030109.334765625,0.13469692809012485,0.2,0.0003
417,854016,37409.88862206999,45841,336.0,18,0.54228515625,-0.5613321712240577,0.31435635685920715,6.1026707,9050,1152372.375,0.0,1863730.7412109375,0.14823037586320426,0.2,0.0003
418,856064,36106.890576109996,45942,336.0,18,0.45458984375,-0.5851436462253332,0.3177397549152374,0.13013555,9060,770693.625,0.0,1936177.6052734375,0.05815409183560405,0.2,0.0003
419,858112,34536.314864960004,46043,336.0,18,0.040625,-0.6029755661264062,0.31771624088287354,0.0048808535,9070,1038306.75,0.02238142490386963,1649906.8763671876,-0.004502422422228846,0.2,0.0003
420,860160,33137.783070770005,46144,336.0,18,0.01767578125,-0.6021630965173245,0.31757867336273193,0.0044967216,9080,717551.125,0.05175185203552246,2155095.383203125,-0.0030259177037805784,0.2,0.0003
421,862208,32481.795354620004,46245,336.0,18,0.009765625,-0.601477624103427,0.31758859753608704,0.0021725583,9090,748434.0,0.032734215259552,1587537.9869140624,-0.0027547405603399965,0.2,0.0003
422,864256,31282.418708430007,46347,336.0,18,0.004345703125,-0.6015437491238117,0.31757500767707825,0.0028371278,9100,725067.0,0.06354343891143799,1756156.6244140626,-0.002630968315497739,0.2,0.0003
423,866304,30124.832904390005,46447,336.0,18,0.0,-0.6015005555003882,0.3175806701183319,0.0003085956,9110,766866.5,0.08334404230117798,1648258.691015625,-0.0007713746592344251,0.2,0.0003
424,868352,28856.914179100004,46548,336.0,18,0.00048828125,-0.6014501422643661,0.3175559341907501,0.00084702135,9120,1264056.875,0.08341389894485474,1665482.9880859375,-0.0007972905441420153,0.2,0.0003
425,870400,27867.991259730003,46649,336.0,18,0.0,-0.6012231165543198,0.3175506889820099,0.0005444359,9130,693057.0625,0.09029507637023926,1884488.6,-0.00095812106737867,0.2,0.0003
426,872448,26642.377659089998,46750,336.0,18,0.000146484375,-0.6011964347213506,0.31756624579429626,0.0010478304,9140,514913.5,0.08740532398223877,1700272.233203125,-0.0017899237951496615,0.2,0.0003
427,874496,25872.80452749,46852,336.0,18,0.0029296875,-0.6011446943506599,0.31754180788993835,0.001920145,9150,729911.25,0.08813518285751343,1620438.2533203126,-0.002795451046767994,0.2,0.0003
428,876544,24791.643745440004,46952,336.0,18,0.0,-0.6009776052087545,0.3175395727157593,0.0004429121,9160,747256.9375,0.08508843183517456,1564497.4169921875,-0.0007842454419005662,0.2,0.0003
429,878592,24017.58864203999,47052,336.0,18,0.0041015625,-0.600819805264473,0.3175000548362732,0.003217823,9170,841999.625,0.08000129461288452,1721040.6697265625,-0.003713296420755796,0.2,0.0003
430,880640,22963.361684620002,47153,336.0,18,0.002099609375,-0.600533239915967,0.3174815773963928,0.0026939395,9180,882096.0,0.08174008131027222,1615534.8271484375,-0.0032647491483658087,0.2,0.0003
431,882688,22148.63962787,47253,336.0,18,0.001416015625,-0.6003277193754911,0.31750380992889404,0.0021847263,9190,981196.125,0.06481105089187622,1695007.8685546876,-0.0028557749938045163,0.2,0.0003
432,884736,22297.620940070003,47353,336.0,18,0.00205078125,-0.6001832289621234,0.3174586296081543,0.00253591,9200,1066068.75,0.0785563588142395,1870031.9146484374,-0.0028977168403798714,0.2,0.0003
433,886784,22199.44491866,47453,336.0,18,0.000390625,-0.5997784439474344,0.3174109160900116,0.0006943481,9210,656083.25,0.09456086158752441,1721603.66875,-0.0009885831554129255,0.2,0.0003
434,888832,22785.491017539996,47552,336.0,18,0.0,-0.5996928371489048,0.31741273403167725,0.00031437224,9220,861472.3125,0.07313764095306396,1629796.945703125,-0.0009068703766388353,0.2,0.0003
435,890880,23693.66456621,47652,336.0,18,0.000146484375,-0.599646751023829,0.3173830211162567,0.0009526931,9230,1121196.5,0.09842449426651001,1582707.6806640625,-0.001631468853156548,0.2,0.0003
436,892928,24377.79621988001,47752,336.0,18,0.00068359375,-0.5992403062060475,0.3173052668571472,0.001565214,9240,1329018.25,0.06638240814208984,1865647.69609375,-0.0017688032632577233,0.2,0.0003
437,894976,24952.007782099998,47854,336.0,18,0.00029296875,-0.5987879026681184,0.31728824973106384,0.00092995074,9250,857784.375,0.07482403516769409,1690133.035546875,-0.0011365314978320385,0.2,0.0003
438,897024,25181.79219518,47957,336.0,18,0.018896484375,-0.5984674595296383,0.3172006607055664,0.0036337972,9260,1012465.875,0.06175035238265991,1719585.402734375,-0.0039803749707061796,0.2,0.0003
439,899072,25351.149605439998,48057,336.0,18,9.765625e-05,-0.5983065310865641,0.3172062337398529,0.0006641876,9270,584080.25,0.0356486439704895,1795120.22734375,0.0002610311727039516,0.2,0.0003
440,901120,25993.258161269998,48158,336.0,18,4.8828125e-05,-0.5984836308285594,0.3172362148761749,0.0006395238,9280,570514.1875,0.08011096715927124,1579940.047265625,-0.0010544613658566959,0.2,0.0003
441,903168,26546.300001189997,48258,336.0,18,0.0001953125,-0.598288444057107,0.3171902894973755,0.00028220832,9290,670134.25,0.07405596971511841,1528590.7625,-0.00036896382589475253,0.2,0.0003
442,905216,26756.69703618,48358,336.0,18,0.004052734375,-0.5977741496637463,0.3171776533126831,0.0025183656,9300,666984.8125,0.0810314416885376,1966490.6205078126,-0.0025261867238441484,0.2,0.0003
443,907264,26512.12940439001,48458,336.0,18,0.00146484375,-0.5974248254671692,0.3171316385269165,0.0021308158,9310,876788.375,0.06464862823486328,1582023.808203125,-0.0017541903544042725,0.2,0.0003
444,909312,27304.739919530006,48559,336.0,18,0.004931640625,-0.5968835290521384,0.31713059544563293,0.0032613105,9320,870259.125,0.06037229299545288,1926468.459375,-0.0026612148343701848,0.2,0.0003
445,911360,27249.40012753,48662,336.0,18,0.017431640625,-0.5969870973378419,0.31716254353523254,0.004590722,9330,628763.8125,0.08286541700363159,1622772.3716796874,-0.003658473129326012,0.2,0.0003
446,913408,27066.324749410003,48761,336.0,18,0.010498046875,-0.5969901947304607,0.3171401023864746,0.003753896,9340,506709.6875,0.07781356573104858,1546474.4310546876,-0.0036278758256230504,0.2,0.0003
447,915456,27595.038544640007,48860,336.0,18,0.001611328125,-0.5964687846601009,0.31710073351860046,0.0018610163,9350,557207.5,0.08535170555114746,1755859.9236328125,-0.0024461846725898793,0.2,0.0003
448,917504,27626.917200720003,48960,336.0,18,0.064013671875,-0.5947437571361661,0.31678566336631775,0.009010583,9360,1384663.875,0.06994348764419556,1879292.23671875,-0.005663428025582107,0.2,0.0003
449,919552,27890.670876520002,49060,336.0,18,0.07001953125,-0.5923351237550378,0.31674864888191223,0.0062929215,9370,960386.75,0.05133366584777832,1590020.9154296876,-0.004865877755219117,0.2,0.0003
450,921600,28885.944540980003,49160,336.0,18,0.0322265625,-0.5921594068408013,0.31676456332206726,0.0067550233,9380,1207400.5,0.0697975754737854,2073939.1572265625,-0.004337230472447118,0.2,0.0003
451,923648,28783.06488981,49260,336.0,18,0.079296875,-0.5944502897560596,0.3176443874835968,0.0075117573,9390,1778504.0,0.03741168975830078,2154916.475390625,-0.001169243809999898,0.2,0.0003
452,925696,28338.87915926999,49362,336.0,18,0.0255859375,-0.5944876212626695,0.31744256615638733,0.003991989,9400,522902.90625,0.019256591796875,1481588.5021484375,-0.0016732139272789936,0.2,0.0003
453,927744,28349.301060630005,49462,336.0,18,0.00634765625,-0.594142846763134,0.317438542842865,0.003248634,9410,968424.5,0.049127280712127686,1647852.746875,-0.0020599349532858468,0.2,0.0003
454,929792,28593.004412840004,49562,336.0,18,0.056787109375,-0.5945152662694454,0.317547082901001,0.0048003523,9420,966950.3125,0.05751985311508179,1979639.31875,-0.004074513776868116,0.2,0.0003
455,931840,28884.440143530006,49662,336.0,18,0.028466796875,-0.5927094196900725,0.3170822262763977,0.005507455,9430,896178.875,0.04424554109573364,2010381.1669921875,-0.0026513383905694353,0.2,0.0003
456,933888,29030.85239497,49762,336.0,18,0.098681640625,-0.590072563663125,0.31705376505851746,0.008201671,9440,1048035.625,0.03896898031234741,2123243.114453125,-0.004733650780690368,0.2,0.0003
457,935936,28464.84524851,49862,336.0,18,0.012890625,-0.5883629862219095,0.3168998062610626,0.0033271578,9450,833241.8125,0.040204644203186035,1520438.188671875,-0.0016224065657297615,0.2,0.0003
458,937984,28633.001392739996,49962,336.0,18,0.022265625,-0.5877276644110679,0.3169458508491516,0.0058903527,9460,607534.6875,0.03997659683227539,1499677.0611328124,-0.0034602464831550604,0.2,0.0003
459,940032,29408.02994303,50072,336.0,18,0.01630859375,-0.588180435821414,0.31700703501701355,0.005037236,9470,604496.625,0.056663572788238525,1500001.975390625,-0.0038999804033664986,0.2,0.0003
460,942080,30354.055966890006,50174,336.0,18,0.07099609375,-0.5888791725039482,0.31738096475601196,0.010078168,9480,1090795.25,0.05290496349334717,1887834.2869140625,-0.001786345501022879,0.2,0.0003
461,944128,30429.397169350003,50274,336.0,18,0.0556640625,-0.5887661820277572,0.317059725522995,0.0056992387,9490,625307.625,0.03127610683441162,1841583.0091796876,-0.0024942112664575688,0.2,0.0003
462,946176,31145.460072949998,50375,336.0,18,0.037158203125,-0.5876493653282523,0.31713151931762695,0.005208618,9500,817080.625,0.038009583950042725,2048911.240234375,-0.0032895518161240034,0.2,0.0003
463,948224,31607.197412349993,50476,336.0,18,0.12177734375,-0.591633377224207,0.31798306107521057,0.013287801,9510,772612.25,0.03239405155181885,2080079.103125,-0.0007381384042673744,0.2,0.0003
464,950272,31560.509610289995,50578,336.0,18,0.05556640625,-0.5932924274355174,0.3179744780063629,0.0044215336,9520,999905.875,0.019593775272369385,2026070.473046875,-0.002624755049328087,0.2,0.0003
465,952320,31982.16040306,50678,336.0,18,0.01806640625,-0.5932646641507745,0.3179958760738373,0.0065991315,9530,836229.0625,0.05929231643676758,1759254.99609375,-0.0026495463971514255,0.2,0.0003
466,954368,31878.578209100007,50779,336.0,18,0.086962890625,-0.5917958080768585,0.3174673616886139,0.0117518,9540,882740.375,0.044538259506225586,1856874.087890625,-0.0032652429130394013,0.2,0.0003
467,956416,32334.61909815,50878,336.0,18,0.143701171875,-0.5846959315240383,0.3153800070285797,0.01688452,9550,1290767.75,0.035306453704833984,2011120.706640625,0.0005782169682788663,0.2,0.0003
468,958464,32647.06008804999,50979,336.0,18,0.096728515625,-0.5866673093289136,0.31855788826942444,0.005647608,9560,1066417.25,0.026416122913360596,2065810.84296875,-0.0008062709719524718,0.2,0.0003
469,960512,33339.45255901,51079,336.0,18,0.150927734375,-0.6006021711975336,0.31949231028556824,0.013562231,9570,1096137.5,0.02874845266342163,1773071.4880859375,-0.0001683415612205863,0.2,0.0003
470,962560,32879.98418759999,51180,336.0,18,0.255322265625,-0.6102755209431052,0.32042622566223145,0.03205421,9580,1220593.5,0.023089706897735596,2115330.80390625,0.02202597520517884,0.2,0.0003
471,964608,32979.953308259996,51280,336.0,18,0.101904296875,-0.616625775769353,0.3209506571292877,0.0058579165,9590,524227.40625,0.02084791660308838,1744810.3189453124,-0.0018998585394001566,0.2,0.0003
472,966656,32668.558056180005,51381,336.0,18,0.031689453125,-0.6163278687745333,0.32083067297935486,0.0047871703,9600,939621.8125,0.03270220756530762,1722460.295703125,-0.0038305797177599745,0.2,0.0003
473,968704,33533.09121378,51484,336.0,18,0.021875,-0.6149654107168316,0.3207380473613739,0.0045085303,9610,675899.625,0.036376774311065674,1822757.3830078125,-0.0035243080943473614,0.2,0.0003
474,970752,33889.19345264,51584,336.0,18,0.0248046875,-0.6136484822258353,0.3206932544708252,0.0039843377,9620,919884.0,0.03085613250732422,1794497.7591796876,-0.0030787027324549856,0.2,0.0003
475,972800,34257.95453188,51685,336.0,18,0.0134765625,-0.6132286809384823,0.3206765055656433,0.0048149563,9630,1122205.75,0.04865175485610962,2195153.240625,-0.0019785892254731152,0.2,0.0003
476,974848,34006.98417286,51785,336.0,18,0.13857421875,-0.6133266078308225,0.32150283455848694,0.010840481,9640,865826.0,0.053048670291900635,2003970.4611328125,-0.003911474216147326,0.2,0.0003
477,976896,34728.614724110004,51884,336.0,18,0.095556640625,-0.607500608637929,0.3201451897621155,0.0063797203,9650,821850.1875,0.049940407276153564,1743576.3064453125,-0.0020257496638805606,0.2,0.0003
478,978944,34116.30305604001,51983,336.0,18,0.12353515625,-0.6034189136698842,0.32045355439186096,0.00936142,9660,899418.6875,0.041719019412994385,2226078.017578125,-0.0037182644999120386,0.2,0.0003
479,980992,33803.276684549994,52083,336.0,18,0.1595703125,-0.5909759452566504,0.31848207116127014,0.012740142,9670,549792.3125,0.03410375118255615,1752261.433203125,0.00017578750412212686,0.2,0.0003
480,983040,34612.93628034,52185,336.0,18,0.07177734375,-0.5773773988708853,0.31788209080696106,0.0035607996,9680,1011833.75,0.03032916784286499,1837451.596484375,-0.0007669612328754738,0.2,0.0003
481,985088,34713.62608542999,52289,336.0,18,0.13994140625,-0.583029305934906,0.319328248500824,0.011992827,9690,1581405.5,0.044873714447021484,2291966.2328125,-0.005045481827983167,0.2,0.0003
482,987136,34737.647666000004,52389,336.0,18,0.145751953125,-0.5973547682166099,0.32054129242897034,0.013587009,9700,864498.625,0.034890592098236084,2084747.26953125,-0.004558664986689109,0.2,0.0003
483,989184,34487.38769499,52490,336.0,18,0.1283203125,-0.6087334202602506,0.32132571935653687,0.007189756,9710,1505685.0,0.03484588861465454,2212338.7609375,0.0007118119508959353,0.2,0.0003
484,991232,35122.97706153,52591,336.0,18,0.05322265625,-0.6138439936563372,0.3211229741573334,0.0050152647,9720,1376702.75,0.025826334953308105,2360021.682421875,-0.0038535176194272936,0.2,0.0003
485,993280,35215.08751121,52692,336.0,18,0.07861328125,-0.6163801401853561,0.32197892665863037,0.0068276264,9730,997851.25,0.03040778636932373,2193933.84140625,-0.0027500746116857046,0.2,0.0003
486,995328,35213.34316257,52793,336.0,18,0.08916015625,-0.6145528085529804,0.3208370804786682,0.008617019,9740,1068010.0,0.03051239252090454,2065473.860546875,-0.001329820032697171,0.2,0.0003
487,997376,35509.101408129995,52893,336.0,18,0.133642578125,-0.6147922771051526,0.32124343514442444,0.0056857844,9750,752877.125,0.03022944927215576,1832071.597265625,0.00037863398320041596,0.2,0.0003
488,999424,35445.9469064,52996,336.0,18,0.077685546875,-0.6169069165363907,0.3222755491733551,0.005668291,9760,748251.125,0.05158436298370361,2147807.8720703125,-0.002292193069297355,0.2,0.0003
489,1001472,35586.92334536,53089,336.0,18,0.1013671875,-0.6163453072309494,0.3219326436519623,0.005675246,9770,928712.5,0.022933125495910645,1681375.4015625,-0.00373346162668895,0.2,0.0003
