time/total_timesteps,time/fps,time/time_elapsed,rollout/ep_rew_mean,rollout/ep_len_mean,time/iterations,train/clip_fraction,train/learning_rate,train/loss,train/entropy_loss,train/std,train/value_loss,train/n_updates,train/approx_kl,train/explained_variance,train/policy_gradient_loss,train/clip_range
2048,28,70,-42181.64005633334,336.0,1,,,,,,,,,,,
4096,28,142,-45898.04672816667,336.0,2,0.0916015625,0.0003,2544740.75,-4.251976962387562,0.9971438050270081,6840718.85625,10,0.008471438,-5.245208740234375e-06,-0.012312093297077808,0.2
6144,28,214,-42787.85455833333,336.0,3,0.063427734375,0.0003,3539904.0,-4.235558673739433,0.9890685081481934,6440845.9328125,20,0.008626701,-0.00018513202667236328,-0.011047494538070168,0.2
8192,28,286,-43894.601872458334,336.0,4,0.075537109375,0.0003,2336701.0,-4.21619126945734,0.9834678769111633,4273375.64453125,30,0.008300245,-0.00010800361633300781,-0.01102207926014671,0.2
10240,28,359,-40462.09301580001,336.0,5,0.06455078125,0.0003,3414407.0,-4.2029065728187565,0.9809492230415344,6403609.90390625,40,0.007412833,3.9517879486083984e-05,-0.010565863788360729,0.2
12288,28,434,-38988.24884961111,336.0,6,0.09130859375,0.0003,1296708.875,-4.1852644577622415,0.9733608365058899,2688376.357421875,50,0.009536418,2.2590160369873047e-05,-0.013882321053824854,0.2
14336,28,509,-36062.06053997619,336.0,7,0.075830078125,0.0003,1534084.0,-4.166125020384788,0.9677221179008484,2954065.485546875,60,0.0079663955,-3.0994415283203125e-06,-0.010683721417444758,0.2
16384,28,583,-33904.575239750004,336.0,8,0.09140625,0.0003,1065075.5,-4.142833538353443,0.9590874314308167,1768745.614453125,70,0.008623723,-5.125999450683594e-06,-0.011070187473524128,0.2
18432,27,660,-32265.05259188889,336.0,9,0.08916015625,0.0003,1140196.0,-4.1077418506145476,0.9464738965034485,2465390.027734375,80,0.010099264,1.7881393432617188e-07,-0.013165327839669772,0.2
20480,27,735,-29309.369253050005,336.0,10,0.1087890625,0.0003,840744.3125,-4.065837585926056,0.9348995089530945,1244552.7197265625,90,0.009632708,-1.1920928955078125e-07,-0.013216756064502988,0.2
22528,27,810,-26392.650654388064,336.0,11,0.111181640625,0.0003,516582.65625,-4.032926318049431,0.9251992702484131,1085449.7873046875,100,0.008138709,6.222724914550781e-05,-0.008107739593833685,0.2
24576,27,885,-23957.410633164385,336.0,12,0.123779296875,0.0003,507380.15625,-3.995476742088795,0.9148194789886475,797107.9409179688,110,0.009815024,-0.0006923675537109375,-0.006930449664650951,0.2
26624,27,959,-22259.631039734177,336.0,13,0.06435546875,0.0003,237002.953125,-3.9759121127426624,0.9118385910987854,550245.084765625,120,0.006049571,0.0037798285484313965,-0.0068266896138084125,0.2
28672,27,1034,-20121.833039788235,336.0,14,0.049755859375,0.0003,541168.875,-3.966610284894705,0.9095544219017029,1059173.6525390625,130,0.0064518047,0.0020606517791748047,-0.007467954207822913,0.2
30720,27,1110,-18298.15190332967,336.0,15,0.062451171875,0.0003,441329.53125,-3.953842630237341,0.9048213958740234,874696.9017578125,140,0.0074168523,0.004343569278717041,-0.008867907113744878,0.2
32768,27,1184,-16219.301032402063,336.0,16,0.030859375,0.0003,507805.59375,-3.9372066728770734,0.8992010951042175,1017768.987890625,150,0.0048622163,-0.0006424188613891602,-0.006923094913508976,0.2
34816,27,1262,-13716.37281113,336.0,17,0.059619140625,0.0003,603731.4375,-3.9184616982936857,0.8949248194694519,1389221.0771484375,160,0.007002999,-0.004585742950439453,-0.008997333156003151,0.2
36864,27,1341,-9472.456570970004,336.0,18,0.03837890625,0.0003,623431.6875,-3.894951608031988,0.8863177299499512,1446921.7890625,170,0.0064677154,-0.005071163177490234,-0.006595664062479046,0.2
38912,27,1415,-6100.682483219999,336.0,19,0.048583984375,0.0003,808580.25,-3.8696450494229793,0.8810327053070068,1503432.9423828125,180,0.006845058,0.0015109777450561523,-0.006033721323183272,0.2
40960,27,1494,-2153.383355550001,336.0,20,0.055810546875,0.0003,959292.25,-3.8471417352557182,0.8741101622581482,1999228.63203125,190,0.0063605784,0.0001875162124633789,-0.0074494170534308065,0.2
43008,27,1570,1694.7356129899997,336.0,21,0.046875,0.0003,686014.375,-3.828895651549101,0.8704226613044739,1498575.709765625,200,0.006494205,0.002098679542541504,-0.006767790103913285,0.2
45056,27,1644,4950.48734196,336.0,22,0.0326171875,0.0003,1139367.0,-3.810619639605284,0.8654223084449768,2138157.46953125,210,0.0056851963,0.002208530902862549,-0.005495465430431068,0.2
47104,27,1719,7996.202390719999,336.0,23,0.0208984375,0.0003,1091812.0,-3.7951781429350375,0.8606579899787903,2109670.512109375,220,0.0046822084,0.007479548454284668,-0.003597799306953675,0.2
49152,27,1795,10610.25751931,336.0,24,0.03349609375,0.0003,1064648.0,-3.7832092925906182,0.8585250377655029,2252602.36484375,230,0.0055874963,0.00810939073562622,-0.006423896394335315,0.2
51200,27,1876,13262.956066120001,336.0,25,0.046630859375,0.0003,1046256.625,-3.7641799353063106,0.8516366481781006,1994172.119921875,240,0.006452379,0.011714756488800049,-0.006464365258580074,0.2
53248,27,1953,15208.782902230001,336.0,26,0.038037109375,0.0003,1246296.875,-3.743692172318697,0.846962034702301,2344236.7875,250,0.005678152,0.007291257381439209,-0.005127055184857454,0.2
55296,27,2027,16653.45830171,336.0,27,0.048974609375,0.0003,1200018.5,-3.724548377841711,0.841579258441925,2282927.55078125,260,0.006960934,0.0070642828941345215,-0.005882932789972983,0.2
57344,27,2103,18118.330512459997,336.0,28,0.0259765625,0.0003,1198948.625,-3.7094893977046013,0.8396344780921936,2521710.071875,270,0.0057296017,0.0063558220863342285,-0.004887230697204359,0.2
59392,27,2179,19760.88874074,336.0,29,0.050341796875,0.0003,1064670.75,-3.6922957435250283,0.8336624503135681,2269226.585546875,280,0.007071525,0.00602799654006958,-0.005685948122118134,0.2
61440,27,2256,21060.110255260002,336.0,30,0.047314453125,0.0003,1128446.75,-3.668585900962353,0.827120304107666,2557658.539453125,290,0.006571435,0.00354844331741333,-0.0065736646109144205,0.2
63488,27,2337,22521.12430228,336.0,31,0.041015625,0.0003,1351849.0,-3.6467098362743853,0.8227258324623108,2487954.5671875,300,0.006174071,0.0017342567443847656,-0.004565013726823964,0.2
65536,27,2416,23774.13112334,336.0,32,0.049853515625,0.0003,1501080.5,-3.6324074350297453,0.8210237622261047,3021069.05546875,310,0.0062979474,0.0018746256828308105,-0.006112802484130953,0.2
67584,27,2492,24400.687760799992,336.0,33,0.034033203125,0.0003,1542740.25,-3.6251800119876862,0.8189694881439209,2998379.534375,320,0.0055595543,0.0005062222480773926,-0.0034634813797310925,0.2
69632,27,2568,24932.549510140005,336.0,34,0.063623046875,0.0003,1299595.875,-3.603998227417469,0.8108260631561279,2500350.2765625,330,0.0074285846,0.0001252293586730957,-0.007767448858066928,0.2
71680,27,2642,25417.30658622,336.0,35,0.018603515625,0.0003,1270881.625,-3.5883961386978624,0.8091276288032532,2929688.82578125,340,0.0050705695,0.00014019012451171875,-0.0031096161823370495,0.2
73728,27,2719,26106.442502610007,336.0,36,0.0646484375,0.0003,1473183.0,-3.5747889176011087,0.804627001285553,2669490.67734375,350,0.00681906,0.0002187490463256836,-0.00786652749957284,0.2
75776,27,2795,26726.856882410008,336.0,37,0.04501953125,0.0003,1648738.25,-3.562117452174425,0.804185688495636,3094230.45234375,360,0.005317496,0.00021827220916748047,-0.006686905994138214,0.2
77824,27,2871,27234.389555169997,336.0,38,0.06064453125,0.0003,1618232.875,-3.5457923233509065,0.7975740432739258,3446867.33671875,370,0.0066844476,5.0067901611328125e-06,-0.008484613047039602,0.2
79872,27,2949,27486.318609590006,336.0,39,0.038037109375,0.0003,1267244.0,-3.525436428189278,0.7940108180046082,2152362.892578125,380,0.005183218,2.384185791015625e-06,-0.0044614334256039,0.2
81920,27,3027,27925.950314129997,336.0,40,0.071044921875,0.0003,1271518.375,-3.5109233289957045,0.7908235192298889,2719183.648828125,390,0.007402423,4.172325134277344e-06,-0.00782886110828258,0.2
83968,27,3105,27806.529999530005,336.0,41,0.0390625,0.0003,1564164.25,-3.4925556011497974,0.7839980125427246,2988677.462109375,400,0.006291918,2.682209014892578e-06,-0.004791802797990385,0.2
86016,27,3185,28048.376148780004,336.0,42,0.040771484375,0.0003,1427078.5,-3.478808518499136,0.7834317088127136,2701261.778125,410,0.00524301,1.3709068298339844e-06,-0.004849375115009024,0.2
88064,26,3262,28264.86934256,336.0,43,0.051611328125,0.0003,1584406.875,-3.4843927517533304,0.786766529083252,2917208.85,420,0.0061679417,2.384185791015625e-06,-0.0060790321469539775,0.2
90112,26,3337,28716.644054829994,336.0,44,0.0462890625,0.0003,1363824.25,-3.488720191270113,0.7860931754112244,2797116.78359375,430,0.0062529314,1.3709068298339844e-06,-0.005914703680900857,0.2
92160,26,3415,29169.67670759,336.0,45,0.025,0.0003,1732117.5,-3.4799043864011763,0.7821550369262695,3591357.4390625,440,0.004757033,9.5367431640625e-07,-0.003948791824223008,0.2
94208,26,3495,29743.554264039994,336.0,46,0.0556640625,0.0003,1430913.875,-3.461469854414463,0.7759808897972107,3087356.8609375,450,0.0071506193,1.3709068298339844e-06,-0.008714684053848032,0.2
96256,26,3575,30026.36858516,336.0,47,0.0341796875,0.0003,1514900.875,-3.4389073684811593,0.7706623673439026,3464734.83828125,460,0.0058369422,1.0728836059570312e-06,-0.005159603928041179,0.2
98304,26,3656,29923.777632479992,336.0,48,0.036572265625,0.0003,1640811.25,-3.4222655527293684,0.7679991126060486,3259772.484375,470,0.0053883935,8.344650268554688e-07,-0.00484344220458297,0.2
100352,26,3758,30109.651889190005,336.0,49,0.03251953125,0.0003,1335988.25,-3.4113146916031836,0.7662408947944641,2661733.15234375,480,0.005481233,7.748603820800781e-07,-0.004558586545317667,0.2
102400,26,3842,30817.931473180004,336.0,50,0.0302734375,0.0003,1774407.25,-3.4082112953066828,0.7668569087982178,3475522.36875,490,0.0052732974,5.960464477539062e-07,-0.004043180852022488,0.2
104448,26,3925,31068.148934740002,336.0,51,0.05322265625,0.0003,1176435.375,-3.407802587747574,0.7665226459503174,2800540.032421875,500,0.006756692,4.76837158203125e-07,-0.006061184457212221,0.2
106496,26,4007,30760.91124047,336.0,52,0.046484375,0.0003,1505126.5,-3.3934218123555184,0.760969340801239,3063157.5734375,510,0.0057377694,4.76837158203125e-07,-0.005369791315752081,0.2
108544,26,4089,31342.176067670003,336.0,53,0.02265625,0.0003,1301106.125,-3.370238070189953,0.7536144256591797,3385286.56015625,520,0.005019832,5.364418029785156e-07,-0.004246209284610813,0.2
110592,26,4171,31181.710817199997,336.0,54,0.033984375,0.0003,2081817.625,-3.3445694759488105,0.7480396628379822,3907331.996875,530,0.0061347946,5.960464477539062e-07,-0.005313073121214984,0.2
112640,26,4252,31306.371444629993,336.0,55,0.06494140625,0.0003,1166657.25,-3.324627261608839,0.7438562512397766,2566885.884765625,540,0.01276001,3.5762786865234375e-07,-0.00412968301679939,0.2
114688,26,4330,30984.836952519996,336.0,56,0.050146484375,0.0003,1400832.625,-3.3060304492712023,0.7395179271697998,2786808.534375,550,0.0065264767,4.172325134277344e-07,-0.004987353457545396,0.2
116736,26,4409,31161.432170579996,336.0,57,0.06796875,0.0003,1123718.375,-3.298044718056917,0.7394174933433533,2560210.3375,560,0.007703413,0.0,-0.006713535456219688,0.2
118784,26,4489,31650.376759920004,336.0,58,0.049072265625,0.0003,1275261.875,-3.2976163037121298,0.7390803694725037,2904211.751953125,570,0.0067987754,3.5762786865234375e-07,-0.006128388680372155,0.2
120832,26,4568,31570.472863699997,336.0,59,0.018212890625,0.0003,1659384.0,-3.294908958673477,0.7391193509101868,3106608.89765625,580,0.004394371,3.5762786865234375e-07,-0.0031609033918357453,0.2
122880,26,4647,31665.32286019,336.0,60,0.0654296875,0.0003,1274841.0,-3.2937441259622573,0.7390859127044678,2808257.521875,590,0.007216131,1.1920928955078125e-07,-0.006921602418879047,0.2
124928,26,4726,31694.220134720006,336.0,61,0.035546875,0.0003,1385809.875,-3.2913261607289312,0.7385939955711365,2735129.055078125,600,0.00602496,2.384185791015625e-07,-0.005190111867705127,0.2
126976,26,4804,31651.66553729,336.0,62,0.061865234375,0.0003,1549543.125,-3.2946074649691584,0.7402341365814209,3609187.171875,610,0.0074452846,3.5762786865234375e-07,-0.007414564973441884,0.2
129024,26,4883,31642.829367040005,336.0,63,0.0400390625,0.0003,1130496.125,-3.290520068258047,0.7359082102775574,2719399.32578125,620,0.0063675633,3.5762786865234375e-07,-0.004994661745877238,0.2
131072,26,4962,31319.308461260003,336.0,64,0.04296875,0.0003,1611247.875,-3.278301237523556,0.7346694469451904,3591675.46640625,630,0.006637506,1.1920928955078125e-07,-0.005537217450910248,0.2
133120,26,5039,31132.57933255,336.0,65,0.037109375,0.0003,1956195.5,-3.2686462454497813,0.7331507802009583,2971442.030859375,640,0.00502552,0.0,-0.003996832665870897,0.2
135168,26,5117,30630.95745205,336.0,66,0.04423828125,0.0003,1281774.75,-3.2561667919158936,0.7286038398742676,2277877.33203125,650,0.0061151804,1.1920928955078125e-07,-0.005593727697851136,0.2
137216,26,5195,31431.37344606,336.0,67,0.04208984375,0.0003,1694881.25,-3.251402413100004,0.7301324009895325,2735100.551171875,660,0.005979741,0.0,-0.0041505391265673095,0.2
139264,26,5272,31279.987764769998,336.0,68,0.0291015625,0.0003,1729284.625,-3.2504595182836056,0.7283559441566467,3776802.146875,670,0.0046503954,0.0,-0.003607211940106936,0.2
141312,26,5348,31067.204133119998,336.0,69,0.076513671875,0.0003,1544055.0,-3.24257335588336,0.7265889048576355,2803873.78203125,680,0.008791521,0.0,-0.006481080396042671,0.2
143360,26,5424,30673.97501106,336.0,70,0.053125,0.0003,1635069.125,-3.2375136613845825,0.7266433835029602,3168209.81484375,690,0.0061877416,-1.1920928955078125e-07,-0.005349633520381758,0.2
145408,26,5499,31269.596250270006,336.0,71,0.037255859375,0.0003,1233908.625,-3.2243067659437656,0.7212276458740234,2878382.37578125,700,0.0053305,1.7881393432617188e-07,-0.004431129680597223,0.2
147456,26,5576,31576.09330373,336.0,72,0.0462890625,0.0003,1796940.0,-3.202616560459137,0.7181887030601501,3398980.8328125,710,0.0060765315,1.7881393432617188e-07,-0.005642642230668571,0.2
149504,26,5652,32476.90152609,336.0,73,0.04091796875,0.0003,1440583.0,-3.196912894397974,0.7198182940483093,3319544.7734375,720,0.0054388074,1.7881393432617188e-07,-0.004328701509803068,0.2
151552,26,5728,32680.766473259995,336.0,74,0.066015625,0.0003,2037823.375,-3.2059512987732885,0.7232382297515869,4097497.421875,730,0.009500282,1.7881393432617188e-07,-0.0028384487028233706,0.2
153600,26,5805,32498.81604360999,336.0,75,0.042138671875,0.0003,1587672.75,-3.209599047899246,0.7224614024162292,3458062.7125,740,0.0062925806,0.0,-0.00561576918407809,0.2
155648,26,5880,31975.385589640002,336.0,76,0.0375,0.0003,1479090.375,-3.20708342269063,0.7227547764778137,2694182.866796875,750,0.0043127732,0.0,-0.003662179819366429,0.2
157696,26,5956,32130.947081750004,336.0,77,0.061572265625,0.0003,951406.0,-3.199530879408121,0.7206969857215881,2292781.0921875,760,0.006953934,0.0,-0.007536013978824485,0.2
159744,26,6033,32305.47289655,336.0,78,0.049365234375,0.0003,2170189.25,-3.193675822019577,0.7207586765289307,3525205.709375,770,0.0060167136,1.7881393432617188e-07,-0.00627162565215258,0.2
161792,26,6110,32356.44642149,336.0,79,0.0453125,0.0003,1721674.0,-3.184251959621906,0.7168572545051575,3142725.2609375,780,0.0063659963,0.0,-0.0058304436097387224,0.2
163840,26,6186,31934.075994570005,336.0,80,0.030029296875,0.0003,1608586.375,-3.1727950885891913,0.7163575291633606,2847045.91875,790,0.0058114277,1.7881393432617188e-07,-0.0030591359434765765,0.2
165888,26,6264,32919.57466739,336.0,81,0.035302734375,0.0003,1684338.375,-3.173316689580679,0.7162392735481262,2952796.56953125,800,0.005856565,0.0,-0.0038663620376610196,0.2
167936,26,6342,32959.23665412,336.0,82,0.059228515625,0.0003,1474584.0,-3.168856383860111,0.7158689498901367,3310873.08125,810,0.0065982947,0.0,-0.007010629982687533,0.2
169984,26,6419,32941.41659822,336.0,83,0.04306640625,0.0003,1759838.75,-3.1601592876017093,0.7115240097045898,3171073.890625,820,0.006782458,1.1920928955078125e-07,-0.0039149364849436095,0.2
172032,26,6495,32945.19446733001,336.0,84,0.069580078125,0.0003,1336602.375,-3.1445970855653287,0.7077862620353699,3237137.05390625,830,0.008094726,-1.1920928955078125e-07,-0.007240113918669522,0.2
174080,26,6571,33054.765057950004,336.0,85,0.046533203125,0.0003,1370281.625,-3.122227467596531,0.7016631960868835,3286357.5046875,840,0.0070812614,5.960464477539063e-08,-0.006981007121794391,0.2
176128,26,6649,33796.027406040004,336.0,86,0.0263671875,0.0003,1246800.875,-3.1068338453769684,0.700201690196991,2984000.23984375,850,0.0046098656,0.0,-0.003677098768821452,0.2
178176,26,6726,33953.56327145,336.0,87,0.046923828125,0.0003,1840316.75,-3.102179056406021,0.6987856030464172,4025319.97109375,860,0.006274663,0.0,-0.0033392337383702396,0.2
180224,26,6804,33918.336437679995,336.0,88,0.051708984375,0.0003,1735627.375,-3.0996304556727408,0.6989330649375916,3542939.79921875,870,0.0067627653,1.7881393432617188e-07,-0.006032418573158793,0.2
182272,26,6882,33082.983697649994,336.0,89,0.0494140625,0.0003,1613435.0,-3.098696468025446,0.699047863483429,3565328.25234375,880,0.0070074815,5.960464477539063e-08,-0.006742634346301202,0.2
184320,26,6958,33085.84263103,336.0,90,0.072998046875,0.0003,751021.6875,-3.0887575052678584,0.6953226923942566,2275440.49375,890,0.012413759,5.960464477539063e-08,-0.00717942115443293,0.2
186368,26,7035,33403.829530120005,336.0,91,0.064013671875,0.0003,1580365.0,-3.085737293958664,0.6982675194740295,2829004.097265625,900,0.0068219863,0.0,-0.006287462551699719,0.2
188416,26,7113,33793.458346110005,336.0,92,0.028955078125,0.0003,1557649.25,-3.0927673168480396,0.6972670555114746,3372726.5546875,910,0.004097717,0.0,-0.0038708848296664655,0.2
190464,26,7189,34094.8919629,336.0,93,0.0533203125,0.0003,1856599.125,-3.0760197333991526,0.6912159323692322,3345358.425,920,0.0059022917,0.0,-0.006684691376722185,0.2
192512,26,7267,33866.52098988,336.0,94,0.0533203125,0.0003,1850813.5,-3.0583040095865726,0.6903085708618164,2905957.3828125,930,0.0067220735,0.0,-0.005939237363054417,0.2
194560,26,7344,34185.77610892,336.0,95,0.018701171875,0.0003,1820407.25,-3.050699966400862,0.6887226700782776,3638096.221875,940,0.0041299583,0.0,-0.0020494934360613115,0.2
196608,26,7421,34494.53755257999,336.0,96,0.063525390625,0.0003,2094885.375,-3.039597325026989,0.6861269474029541,3845779.72890625,950,0.0064321896,1.7881393432617188e-07,-0.006910172174684703,0.2
198656,26,7501,34730.028570680006,336.0,97,0.095947265625,0.0003,1916687.125,-3.0236234568059444,0.6818681359291077,3662244.0609375,960,0.008534199,5.960464477539063e-08,-0.010030186764197424,0.2
200704,26,7582,34350.137503570004,336.0,98,0.0736328125,0.0003,1545488.25,-3.013006664812565,0.6814634203910828,3283896.02265625,970,0.008123914,5.960464477539063e-08,-0.006749931839294732,0.2
202752,26,7662,34365.462344119995,336.0,99,0.04111328125,0.0003,1460983.125,-3.003832336515188,0.6766319274902344,2922360.1890625,980,0.006575697,5.960464477539063e-08,-0.004443696458474733,0.2
204800,26,7744,34706.56915534999,336.0,100,0.06982421875,0.0003,1549188.375,-2.9904803946614265,0.6757494807243347,3017671.334375,990,0.008286224,0.0,-0.007492173070204444,0.2
206848,26,7824,34252.97283328999,336.0,101,0.0435546875,0.0003,1388704.0,-2.988833972066641,0.6770033836364746,3187445.04765625,1000,0.006623356,1.1920928955078125e-07,-0.004461189084395301,0.2
208896,26,7905,34121.8365098,336.0,102,0.024560546875,0.0003,1120705.0,-2.9862611681222915,0.6758925318717957,2374017.413671875,1010,0.004872427,0.0,-0.0021745558973634616,0.2
210944,26,7987,33915.20167327,336.0,103,0.04345703125,0.0003,1834242.875,-2.977239029854536,0.6738360524177551,3222948.1625,1020,0.0060582627,1.7881393432617188e-07,-0.005834188034350518,0.2
212992,26,8067,33490.44869308,336.0,104,0.040234375,0.0003,1774245.25,-2.973989360034466,0.6753923892974854,3039211.809375,1030,0.005740152,0.0,-0.0033467928486061284,0.2
215040,26,8146,34486.06856367,336.0,105,0.058642578125,0.0003,1742981.5,-2.9770193457603455,0.6748221516609192,3237486.7015625,1040,0.006433815,5.960464477539063e-08,-0.004440089362469734,0.2
217088,26,8226,34611.26562023,336.0,106,0.0537109375,0.0003,2120885.5,-2.9690555050969123,0.6718427538871765,4217842.6734375,1050,0.0059010293,1.1920928955078125e-07,-0.0050995982936001385,0.2
219136,26,8306,34201.08151418,336.0,107,0.0458984375,0.0003,1418973.125,-2.959218432754278,0.6708313822746277,2967135.1421875,1060,0.0062657613,0.0,-0.005592612527834717,0.2
221184,26,8384,34460.20025468,336.0,108,0.059619140625,0.0003,1329915.5,-2.9487310528755186,0.667910635471344,2736353.44921875,1070,0.007277785,1.1920928955078125e-07,-0.0046035663879592905,0.2
223232,26,8463,35021.057334790006,336.0,109,0.06455078125,0.0003,1825311.75,-2.9357813842594624,0.6636903285980225,3984076.665625,1080,0.0073042726,0.0,-0.007110164762707427,0.2
225280,26,8540,34960.37754098,336.0,110,0.049951171875,0.0003,1642683.75,-2.9277381040155888,0.6644889712333679,3717160.02265625,1090,0.007337448,1.7881393432617188e-07,-0.006626560834411066,0.2
227328,26,8616,34979.008985060005,336.0,111,0.068798828125,0.0003,1536519.75,-2.9271503143012523,0.6648893356323242,3203515.5609375,1100,0.007527828,5.960464477539063e-08,-0.006754116389492993,0.2
229376,26,8694,34723.892912539995,336.0,112,0.06787109375,0.0003,1770901.625,-2.923077915608883,0.6630620956420898,3275503.11015625,1110,0.0077047125,0.0,-0.00676590645161923,0.2
231424,26,8772,34951.31324047001,336.0,113,0.033740234375,0.0003,1702319.375,-2.921955668926239,0.6639054417610168,3162298.00390625,1120,0.003940898,1.7881393432617188e-07,-0.0030932679772377016,0.2
233472,26,8849,34716.672501730005,336.0,114,0.051513671875,0.0003,1831903.25,-2.927721780538559,0.665910542011261,3547170.88828125,1130,0.0061294385,1.1920928955078125e-07,-0.005680329950700979,0.2
235520,26,8927,34833.21092134,336.0,115,0.063623046875,0.0003,1618173.0,-2.9308349817991255,0.6654323935508728,2936836.2125,1140,0.0057461266,1.7881393432617188e-07,-0.005323162087006494,0.2
237568,26,9003,34651.193666130006,336.0,116,0.049267578125,0.0003,1294977.375,-2.9255241103470326,0.6648779511451721,3052195.04765625,1150,0.005739658,-1.1920928955078125e-07,-0.005807498149079038,0.2
239616,26,9080,35087.43619501,336.0,117,0.043115234375,0.0003,1243291.125,-2.9210112281143665,0.6626409888267517,2751639.148046875,1160,0.006957131,5.960464477539063e-08,-0.0044548312507686205,0.2
241664,26,9158,35236.954843520005,336.0,118,0.028369140625,0.0003,1663419.875,-2.9067950308322907,0.6579653024673462,3126351.42734375,1170,0.0042657796,5.960464477539063e-08,-0.0028660642041359098,0.2
243712,26,9237,35706.417262719995,336.0,119,0.036962890625,0.0003,2052575.625,-2.897304915636778,0.6585482358932495,3673195.78984375,1180,0.005651219,-1.1920928955078125e-07,-0.003996004884538706,0.2
245760,26,9316,35959.11088374,336.0,120,0.0228515625,0.0003,1894153.75,-2.900894445925951,0.6593770980834961,4289230.9140625,1190,0.004841839,0.0,-0.002314008057510364,0.2
247808,26,9395,35812.266422349996,336.0,121,0.04716796875,0.0003,1816541.75,-2.904095143824816,0.6600915789604187,3577884.64765625,1200,0.0055469833,5.960464477539063e-08,-0.005700098471425008,0.2
249856,26,9472,35780.39110105,336.0,122,0.041845703125,0.0003,1647150.0,-2.9036387629806995,0.6589633822441101,3051832.62890625,1210,0.006366006,1.7881393432617188e-07,-0.0038691130859660914,0.2
251904,26,9553,35571.65109371001,336.0,123,0.029052734375,0.0003,1321143.125,-2.906923922151327,0.6601585745811462,2835506.9890625,1220,0.0050742854,1.7881393432617188e-07,-0.00392392654903233,0.2
253952,26,9638,35756.47963499,336.0,124,0.05458984375,0.0003,1297650.0,-2.9121619246900083,0.6601772308349609,2722621.0796875,1230,0.006110682,0.0,-0.004457828991871793,0.2
256000,26,9716,35553.61274184,336.0,125,0.062353515625,0.0003,1693669.625,-2.8991040058434008,0.6540712118148804,3656174.96796875,1240,0.006870895,0.0,-0.006004927463072818,0.2
258048,26,9794,35453.22185147001,336.0,126,0.05712890625,0.0003,1434452.25,-2.8797590531408788,0.6505124568939209,3022601.9359375,1250,0.007473513,0.0,-0.006356458929076325,0.2
260096,26,9871,35361.76089482,336.0,127,0.06435546875,0.0003,1462841.0,-2.8630425184965134,0.646518349647522,3188307.215625,1260,0.007843965,0.0,-0.006674237534753047,0.2
262144,26,9963,35283.335298210004,336.0,128,0.051220703125,0.0003,1570465.5,-2.858530569821596,0.6485641598701477,3117032.946875,1270,0.0055371863,5.960464477539063e-08,-0.005686540126043837,0.2
264192,26,10080,35286.51618659,336.0,129,0.04384765625,0.0003,1937420.25,-2.8623082138597966,0.6477947235107422,3623951.21328125,1280,0.0053764377,0.0,-0.003902058883977588,0.2
266240,26,10181,35416.271362750005,336.0,130,0.0322265625,0.0003,1923877.625,-2.865202310681343,0.6499594449996948,3209335.85234375,1290,0.0053398525,1.1920928955078125e-07,-0.0029459983816195745,0.2
268288,26,10283,35617.15636586,336.0,131,0.05087890625,0.0003,1498318.0,-2.8677974261343477,0.6506578922271729,3803097.37109375,1300,0.0062361797,0.0,-0.005704450023768004,0.2
270336,26,10386,35637.25217656,336.0,132,0.047412109375,0.0003,1690855.5,-2.858263444900513,0.6457502245903015,3247120.48046875,1310,0.0057680695,5.960464477539063e-08,-0.004609175087534822,0.2
272384,25,10490,35909.08516462,336.0,133,0.04794921875,0.0003,1453520.625,-2.8426152504980564,0.6441612839698792,3197256.321484375,1320,0.005932439,0.0,-0.005620732203533407,0.2
274432,25,10593,36152.49560824,336.0,134,0.0708984375,0.0003,1648467.625,-2.8313209131360053,0.6409631371498108,3615641.0484375,1330,0.006911817,-1.1920928955078125e-07,-0.007054710758529837,0.2
276480,25,10695,35961.54898831,336.0,135,0.026953125,0.0003,1602242.625,-2.82278783172369,0.6411346197128296,3214989.54453125,1340,0.005138141,-1.1920928955078125e-07,-0.002402950088435318,0.2
278528,25,10798,35514.37642094999,336.0,136,0.042529296875,0.0003,1711557.0,-2.8167909651994707,0.6396113038063049,3759959.8453125,1350,0.0062701507,0.0,-0.004536395582545083,0.2
280576,25,10901,35506.55168969,336.0,137,0.070458984375,0.0003,1392810.5,-2.817371053993702,0.6416399478912354,2879122.278515625,1360,0.0073084207,0.0,-0.009366841573501006,0.2
282624,25,11004,35387.77703464001,336.0,138,0.080419921875,0.0003,2141247.25,-2.8163407616317273,0.6387403607368469,3649647.95390625,1370,0.007032739,1.1920928955078125e-07,-0.006932612242235336,0.2
284672,25,11107,35487.40021411,336.0,139,0.031640625,0.0003,1572981.75,-2.796181792765856,0.632378876209259,2753052.9609375,1380,0.0048665805,5.960464477539063e-08,-0.0037916616201982833,0.2
286720,25,11212,35597.02448706,336.0,140,0.046728515625,0.0003,1651731.375,-2.775933286547661,0.6301242709159851,3012789.48359375,1390,0.005893583,0.0,-0.005048500357952434,0.2
288768,25,11315,36025.70907692,336.0,141,0.084130859375,0.0003,1934624.0,-2.783064218610525,0.6348851323127747,4037027.91015625,1400,0.008567797,5.960464477539063e-08,-0.010127777469460853,0.2
290816,25,11418,36226.88015744,336.0,142,0.058544921875,0.0003,1805332.5,-2.781660144031048,0.6285871863365173,3547964.15703125,1410,0.0068968786,-1.1920928955078125e-07,-0.005494087308761664,0.2
292864,25,11520,36442.23899098,336.0,143,0.05888671875,0.0003,1849189.25,-2.762110610306263,0.6276721358299255,3597073.75234375,1420,0.006136731,0.0,-0.005713785794796422,0.2
294912,25,11623,36171.73529824,336.0,144,0.0619140625,0.0003,1866576.0,-2.7483262680470943,0.6234897375106812,3464678.590625,1430,0.0071702264,0.0,-0.006379179794748779,0.2
296960,25,11730,35847.10212017,336.0,145,0.084326171875,0.0003,1395497.0,-2.7364659406244756,0.6229512095451355,2950343.580078125,1440,0.0066480488,0.0,-0.008392719189578202,0.2
299008,25,11834,36137.0171793,336.0,146,0.03515625,0.0003,1675733.375,-2.7212916649878025,0.6157233715057373,2963706.72265625,1450,0.004293694,1.1920928955078125e-07,-0.0037877171198488213,0.2
301056,25,11939,36623.26476617,336.0,147,0.0431640625,0.0003,1930286.125,-2.705190448462963,0.6169792413711548,3848394.6015625,1460,0.0064307004,5.960464477539063e-08,-0.0045558990503195675,0.2
303104,25,12041,36203.96277133,336.0,148,0.027880859375,0.0003,2387617.75,-2.704365395754576,0.6154450178146362,4590708.87265625,1470,0.005157002,5.960464477539063e-08,-0.003279259866394568,0.2
305152,25,12143,36099.90658696,336.0,149,0.081689453125,0.0003,1319106.0,-2.6959480814635755,0.6135290861129761,2918205.935546875,1480,0.007088572,-1.1920928955078125e-07,-0.0074435333430301395,0.2
307200,25,12246,36291.60564803999,336.0,150,0.08671875,0.0003,1381718.0,-2.6896190986037256,0.611954927444458,3029560.527734375,1490,0.008949659,0.0,-0.007557096732489299,0.2
309248,25,12354,36432.41534459999,336.0,151,0.031005859375,0.0003,2161061.75,-2.6920791365206242,0.612879753112793,3996919.8375,1500,0.0056169326,-1.1920928955078125e-07,-0.004345183154509868,0.2
311296,24,12459,36477.16494537001,336.0,152,0.07001953125,0.0003,1651696.75,-2.6841983504593374,0.6094846129417419,3496873.9484375,1510,0.0074611683,-1.1920928955078125e-07,-0.008043223881395533,0.2
313344,24,12563,36696.7306656,336.0,153,0.066064453125,0.0003,1800301.25,-2.6736754059791563,0.6086378693580627,3622429.5671875,1520,0.0073639695,0.0,-0.007536075053212699,0.2
315392,24,12666,36616.362506339996,336.0,154,0.03359375,0.0003,1932159.125,-2.677097477018833,0.6097652316093445,3844861.57265625,1530,0.0054711103,0.0,-0.0031966844660928475,0.2
317440,24,12769,36901.49084148,336.0,155,0.053955078125,0.0003,1637498.0,-2.6837042562663553,0.6105325818061829,3099722.05,1540,0.0050949208,1.1920928955078125e-07,-0.004895108152413741,0.2
319488,24,12870,37385.73105488,336.0,156,0.05498046875,0.0003,1915852.25,-2.683577881008387,0.6104138493537903,3870109.92109375,1550,0.009977687,0.0,-0.003696506714913994,0.2
321536,24,12973,37450.75449227,336.0,157,0.04765625,0.0003,1868158.75,-2.6862960137426852,0.6115308403968811,4271434.4203125,1560,0.0057765767,0.0,-0.004821704321511788,0.2
323584,24,13077,37349.628267429995,336.0,158,0.040087890625,0.0003,1581164.5,-2.6829275958240033,0.6087306141853333,4130900.04765625,1570,0.0059132623,1.1920928955078125e-07,-0.005613007289503003,0.2
325632,24,13178,37850.49476743,336.0,159,0.035302734375,0.0003,1640819.375,-2.676468688249588,0.6088986396789551,3340008.9765625,1580,0.0053430875,0.0,-0.002653490118973423,0.2
327680,24,13280,38016.16875106,336.0,160,0.0265625,0.0003,2046332.25,-2.672773615270853,0.6074721813201904,4608376.10234375,1590,0.0045722085,0.0,-0.003862841846057563,0.2
329728,24,13381,38811.72201502,336.0,161,0.039111328125,0.0003,1730831.0,-2.6727441146969797,0.6083065867424011,3478357.7453125,1600,0.0055226968,0.0,-0.003890206478536129,0.2
331776,24,13488,38932.75332083,336.0,162,0.029833984375,0.0003,2573530.25,-2.6715728871524336,0.6058564186096191,5123690.82265625,1610,0.0044025416,0.0,-0.0030163080380589237,0.2
333824,24,13595,38522.58253972,336.0,163,0.04228515625,0.0003,1458178.0,-2.662908411771059,0.604374349117279,3023485.571875,1620,0.0057910173,1.1920928955078125e-07,-0.0031678834900958465,0.2
335872,24,13697,38623.19870936,336.0,164,0.054296875,0.0003,1424908.375,-2.6528562419116497,0.6002180576324463,3140692.145703125,1630,0.0063812146,0.0,-0.0050480847661674485,0.2
337920,24,13806,39260.99671271,336.0,165,0.051171875,0.0003,1588719.625,-2.6385090716183184,0.5977696776390076,3573917.79921875,1640,0.006440093,5.960464477539063e-08,-0.005266701336950064,0.2
339968,24,13921,38773.57958988,336.0,166,0.02744140625,0.0003,1726260.375,-2.630960104614496,0.5960516333580017,4058089.140625,1650,0.0049416986,5.960464477539063e-08,-0.004347256843175273,0.2
342016,24,14024,38865.78418361,336.0,167,0.064013671875,0.0003,1295401.125,-2.624216175079346,0.5942268371582031,2698253.19921875,1660,0.007105051,-2.384185791015625e-07,-0.004028070001368178,0.2
344064,24,14129,38870.55289864,336.0,168,0.031982421875,0.0003,1484250.375,-2.62517761439085,0.5955283045768738,3659378.2125,1670,0.0047586653,-1.1920928955078125e-07,-0.0032028943809564226,0.2
346112,24,14234,38755.071311299995,336.0,169,0.071240234375,0.0003,1875595.75,-2.6222367912530897,0.593876838684082,3287543.534375,1680,0.007562076,5.960464477539063e-08,-0.005792945941357175,0.2
348160,24,14337,39018.24548131,336.0,170,0.043115234375,0.0003,1619593.5,-2.616986036300659,0.5926477313041687,3432618.7234375,1690,0.006050905,1.7881393432617188e-07,-0.004430190240964293,0.2
350208,24,14448,38868.118498170006,336.0,171,0.0677734375,0.0003,2067758.375,-2.6156271249055862,0.5921130776405334,4122814.55703125,1700,0.020279594,0.0,0.006486321537158802,0.2
352256,24,14558,39000.16721259001,336.0,172,0.045654296875,0.0003,1795729.25,-2.6132085040211677,0.5915929675102234,3547517.98984375,1710,0.006364069,0.0,-0.004181513427465688,0.2
354304,24,14662,38395.18521874,336.0,173,0.06552734375,0.0003,2038200.125,-2.6113040864467623,0.5917737483978271,3977080.7546875,1720,0.0059917765,1.7881393432617188e-07,-0.006150519974471536,0.2
356352,24,14764,38960.643403329996,336.0,174,0.044091796875,0.0003,1804052.375,-2.601113548129797,0.5883939266204834,3386735.37421875,1730,0.0059077507,0.0,-0.0054731657801312394,0.2
358400,24,14873,38728.55795276,336.0,175,0.04609375,0.0003,1880220.5,-2.580422784388065,0.5843173265457153,3841044.8328125,1740,0.0072336895,5.960464477539063e-08,-0.005949151165259537,0.2
360448,24,15017,38559.25067315,336.0,176,0.05751953125,0.0003,1930025.125,-2.569091031700373,0.5841627717018127,4123710.50625,1750,0.007279427,0.0,-0.004521305509842932,0.2
362496,23,15205,38251.20969229,336.0,177,0.034228515625,0.0003,1321714.375,-2.564243358373642,0.5825591087341309,3434330.871875,1760,0.0052790795,-1.1920928955078125e-07,-0.0031793723392183892,0.2
364544,23,15391,38079.53834802,336.0,178,0.076513671875,0.0003,1792691.25,-2.557589825242758,0.5824064612388611,3255356.19296875,1770,0.0070533296,0.0,-0.008416420612775255,0.2
366592,23,15587,37768.1884624,336.0,179,0.06640625,0.0003,1790760.25,-2.554854779690504,0.5818117260932922,3296319.31171875,1780,0.007075958,-1.1920928955078125e-07,-0.005092660282389261,0.2
368640,23,15775,38055.04448921,336.0,180,0.0470703125,0.0003,1186393.0,-2.549068459868431,0.5796816349029541,3219452.371875,1790,0.0058564376,1.1920928955078125e-07,-0.0033540610907948575,0.2
370688,23,15981,38051.874838380005,336.0,181,0.057080078125,0.0003,2059275.625,-2.537101095914841,0.5772549510002136,4323567.25234375,1800,0.006718571,1.1920928955078125e-07,-0.006188398606900592,0.2
372736,23,16155,37963.67381673,336.0,182,0.05546875,0.0003,1861953.5,-2.5278331682085993,0.5767952799797058,3980436.9421875,1810,0.007595863,-1.1920928955078125e-07,-0.0067315012260223735,0.2
374784,22,16320,38318.26988124,336.0,183,0.064111328125,0.0003,1980481.0,-2.5317996613681317,0.5790179371833801,3779783.1734375,1820,0.007704256,-1.1920928955078125e-07,-0.006766221946963924,0.2
376832,22,16477,38303.49299987999,336.0,184,0.032421875,0.0003,1875202.75,-2.5340371526777745,0.5781115293502808,3521760.30546875,1830,0.0050783595,0.0,-0.004192976765625645,0.2
378880,22,16642,38486.70750084,336.0,185,0.0529296875,0.0003,1767837.25,-2.5315358437597753,0.5787107944488525,3460062.02109375,1840,0.006519097,1.1920928955078125e-07,-0.004501221477403306,0.2
380928,22,16811,38436.57463157,336.0,186,0.034423828125,0.0003,1872247.25,-2.529762600362301,0.5769146084785461,3981299.25546875,1850,0.0043516792,-1.1920928955078125e-07,-0.003483890133793466,0.2
382976,22,16984,38156.16580589,336.0,187,0.0306640625,0.0003,1482091.75,-2.530310543626547,0.5785603523254395,3059552.06484375,1860,0.004680525,1.1920928955078125e-07,-0.002260218338051345,0.2
385024,22,17153,38203.38821635,336.0,188,0.030419921875,0.0003,1891600.5,-2.5395643785595894,0.5810132622718811,3665385.8375,1870,0.0045867423,1.1920928955078125e-07,-0.0028929371444974096,0.2
387072,22,17321,38177.21140751,336.0,189,0.047119140625,0.0003,1952854.0,-2.546777927130461,0.5814164876937866,4226880.33203125,1880,0.006362202,0.0,-0.005658729239803506,0.2
389120,22,17486,38206.6791438,336.0,190,0.09296875,0.0003,1709945.125,-2.551234021782875,0.582768440246582,3454703.17734375,1890,0.007838383,0.0,-0.007989693965646439,0.2
391168,22,17663,38309.1585569,336.0,191,0.0337890625,0.0003,1914051.375,-2.5518443152308463,0.5815650820732117,3887851.79609375,1900,0.00472778,-1.1920928955078125e-07,-0.004431674818624743,0.2
393216,22,17839,38093.188710610004,336.0,192,0.05478515625,0.0003,1502657.875,-2.542653426527977,0.5789415240287781,3803925.83203125,1910,0.0058835084,5.960464477539063e-08,-0.004011866230575834,0.2
395264,21,18011,38459.42367986,336.0,193,0.025537109375,0.0003,1698838.625,-2.533613631874323,0.5774635672569275,3386127.12578125,1920,0.002641456,5.960464477539063e-08,-0.002091258701693732,0.2
397312,21,18175,38942.763066789994,336.0,194,0.04169921875,0.0003,2120734.25,-2.5321791507303715,0.5777069330215454,3816970.2953125,1930,0.00546374,0.0,-0.0038597258848312777,0.2
399360,21,18341,39400.69908923999,336.0,195,0.056005859375,0.0003,2188283.25,-2.5333266735076903,0.5779779553413391,4270824.42421875,1940,0.006057838,-1.1920928955078125e-07,-0.006014555535512045,0.2
401408,21,18506,39140.428277779996,336.0,196,0.060009765625,0.0003,1505889.875,-2.5303309790790083,0.5770045518875122,2973985.378125,1950,0.007669936,1.1920928955078125e-07,-0.0046058008672844155,0.2
403456,21,18668,38963.22962981,336.0,197,0.038916015625,0.0003,2514615.0,-2.5316900707781316,0.5785862803459167,4215766.52578125,1960,0.005548901,0.0,-0.0038492982981551903,0.2
405504,21,18826,38918.084367419986,336.0,198,0.06103515625,0.0003,1513983.25,-2.5326301202178003,0.577936589717865,3261349.8828125,1970,0.008505242,-1.1920928955078125e-07,-0.006118023513408843,0.2
407552,21,18986,39178.766477779995,336.0,199,0.065185546875,0.0003,1752356.5,-2.5241027496755124,0.5766410231590271,3699304.934375,1980,0.0075368336,0.0,-0.005642388557316735,0.2
409600,21,19145,39689.52182057,336.0,200,0.03525390625,0.0003,2075505.625,-2.513003931939602,0.5743500590324402,4390101.09375,1990,0.0045136297,1.7881393432617188e-07,-0.004215331206069095,0.2
411648,21,19303,39994.12080484,336.0,201,0.0486328125,0.0003,2386323.75,-2.5044953383505346,0.5730316042900085,4537722.353125,2000,0.0066186357,0.0,-0.004461358620028477,0.2
413696,21,19461,39734.00338000999,336.0,202,0.066015625,0.0003,2432602.25,-2.4993377551436424,0.5719934701919556,4003523.9390625,2010,0.007929105,-1.1920928955078125e-07,-0.007649001995741855,0.2
415744,21,19620,39957.68292239,336.0,203,0.039697265625,0.0003,1483164.125,-2.499983641505241,0.5744083523750305,3266501.8328125,2020,0.004274587,0.0,-0.002768565014412161,0.2
417792,21,19781,40255.4182416,336.0,204,0.036865234375,0.0003,2567483.75,-2.4982279129326344,0.5723718404769897,4240947.9453125,2030,0.0046868334,1.1920928955078125e-07,-0.003834232149529271,0.2
419840,21,19936,40000.883376820006,336.0,205,0.06298828125,0.0003,1597998.5,-2.49066197425127,0.5721984505653381,3742823.87734375,2040,0.0078946315,5.960464477539063e-08,-0.004887065546063241,0.2
421888,20,20097,39933.60996318,336.0,206,0.038623046875,0.0003,1451133.5,-2.4927628681063654,0.5730864405632019,3112929.2671875,2050,0.0045607295,0.0,-0.002664961450500414,0.2
423936,20,20260,40146.69932530999,336.0,207,0.074658203125,0.0003,1549826.0,-2.4955034881830214,0.5740209817886353,3399113.5,2060,0.007723436,0.0,-0.00476812619890552,0.2
425984,20,20424,39995.044890679994,336.0,208,0.051025390625,0.0003,1996608.75,-2.496775481849909,0.5736232995986938,4462537.475,2070,0.006714496,1.7881393432617188e-07,-0.005234804828069173,0.2
428032,20,20582,39887.01592348,336.0,209,0.08125,0.0003,1707102.25,-2.49683523029089,0.5746260285377502,2903055.5984375,2080,0.007791889,0.0,-0.006060300575336441,0.2
430080,20,20739,39851.14652782,336.0,210,0.070947265625,0.0003,2165733.0,-2.4962089754641057,0.5739839673042297,4079349.11328125,2090,0.006450861,0.0,-0.0066114341148932,0.2
432128,20,20898,39965.789731829995,336.0,211,0.04169921875,0.0003,1951586.0,-2.4979825526475907,0.5761153697967529,3573053.29375,2100,0.0058535,1.1920928955078125e-07,-0.004880864721781108,0.2
434176,20,21064,40065.87811991,336.0,212,0.042919921875,0.0003,2018605.25,-2.4981912709772587,0.5750312209129333,3695567.58046875,2110,0.00550359,0.0,-0.003976990288356319,0.2
436224,20,21225,40080.292568799996,336.0,213,0.059716796875,0.0003,1817174.5,-2.4838308088481424,0.5706594586372375,3844668.41875,2120,0.0041802116,-1.1920928955078125e-07,-0.00662038782320451,0.2
438272,20,21391,39960.037051780004,336.0,214,0.055517578125,0.0003,1282248.75,-2.472946561872959,0.5709810256958008,2737029.139453125,2130,0.0067583458,0.0,-0.005517142014286947,0.2
440320,20,21565,39689.49006306,336.0,215,0.0705078125,0.0003,1415743.0,-2.474126768112183,0.571492612361908,3502091.58828125,2140,0.0066937115,0.0,-0.006092615571105853,0.2
442368,20,21724,39370.11396622,336.0,216,0.065625,0.0003,1841437.0,-2.4805286340415478,0.5736333727836609,3579649.26484375,2150,0.006954765,0.0,-0.005879027425544336,0.2
444416,20,21891,39636.56652225999,336.0,217,0.050732421875,0.0003,1575910.875,-2.4849256038665772,0.5730460286140442,3559445.58359375,2160,0.00695779,-1.1920928955078125e-07,-0.0031806525053980294,0.2
446464,20,22057,39812.36265340001,336.0,218,0.08916015625,0.0003,2169985.25,-2.4894825048744678,0.5752883553504944,4702001.66953125,2170,0.006139845,-1.1920928955078125e-07,-0.008356617350364104,0.2
448512,20,22218,39861.76107942001,336.0,219,0.056201171875,0.0003,2346003.0,-2.4965678051114084,0.5760177969932556,4249009.34609375,2180,0.0060622077,5.960464477539063e-08,-0.003914709830132779,0.2
450560,20,22376,39916.02569241,336.0,220,0.0171875,0.0003,1759172.25,-2.4978581085801124,0.5768523216247559,3922140.58125,2190,0.0045733387,0.0,-0.0017560905813297722,0.2
452608,20,22534,40096.9073385,336.0,221,0.102001953125,0.0003,1874049.5,-2.4975465312600136,0.5761566758155823,3812911.68828125,2200,0.009599779,0.0,-0.009923637226165738,0.2
454656,20,22700,40565.426942000006,336.0,222,0.041552734375,0.0003,2074152.375,-2.5012360461056233,0.5777119994163513,4162872.41875,2210,0.004949042,0.0,-0.002810687437886372,0.2
456704,19,22863,40345.89137273,336.0,223,0.046337890625,0.0003,2092454.875,-2.4970105692744253,0.573946475982666,4305356.06328125,2220,0.005032911,5.960464477539063e-08,-0.005346758288214915,0.2
458752,19,23026,40348.310225299996,336.0,224,0.04052734375,0.0003,1382038.5,-2.481482098996639,0.5724321007728577,3041285.853125,2230,0.005195497,0.0,-0.0034929678375192454,0.2
460800,19,23189,39928.60469027,336.0,225,0.0775390625,0.0003,1617818.75,-2.4731125481426717,0.5711480379104614,3503088.56875,2240,0.0070737456,-1.1920928955078125e-07,-0.006272967848053668,0.2
462848,19,23347,38946.655281319996,336.0,226,0.05673828125,0.0003,1233010.0,-2.4584364004433157,0.5665724277496338,2678139.170703125,2250,0.007289471,-1.1920928955078125e-07,-0.002877349809568841,0.2
464896,19,23509,39063.930228260004,336.0,227,0.05908203125,0.0003,1229877.625,-2.4430555388331414,0.5654199719429016,2421501.41875,2260,0.005724827,0.0,-0.005526588913926389,0.2
466944,19,23667,38962.4424678,336.0,228,0.075732421875,0.0003,1858486.375,-2.440052204579115,0.565396249294281,3397996.14375,2270,0.006210716,0.0,-0.006142735535104293,0.2
468992,19,23825,38800.71301208,336.0,229,0.035791015625,0.0003,2090932.5,-2.4299342654645444,0.5612778067588806,3886644.1,2280,0.0048894673,-1.1920928955078125e-07,-0.004198851715773344,0.2
471040,19,23983,39006.307728620006,336.0,230,0.02080078125,0.0003,1620391.875,-2.4090342044830324,0.5567967891693115,3239699.40234375,2290,0.0044303234,0.0,-0.003097498623901629,0.2
473088,19,24142,38409.11471005,336.0,231,0.05380859375,0.0003,1140980.75,-2.3892925940454006,0.553056001663208,2563779.958984375,2300,0.00609597,5.960464477539063e-08,-0.0035265476850327103,0.2
475136,19,24299,38972.15111209,336.0,232,0.05107421875,0.0003,1228508.25,-2.381432122737169,0.5529153943061829,2661619.714453125,2310,0.0062369574,0.0,-0.005025449577078689,0.2
477184,19,24459,38723.05249419,336.0,233,0.03408203125,0.0003,2330517.25,-2.383651930093765,0.5539067387580872,4586737.4421875,2320,0.005945869,-1.1920928955078125e-07,-0.003521549412107561,0.2
479232,19,24621,38426.06558044,336.0,234,0.032861328125,0.0003,1542835.125,-2.376224957406521,0.5507034659385681,3587609.33984375,2330,0.0051468164,0.0,-0.002677616440632846,0.2
481280,19,24782,38275.107449580006,336.0,235,0.06240234375,0.0003,1905885.875,-2.362019328773022,0.5489631295204163,3919325.70234375,2340,0.006355703,5.960464477539063e-08,-0.0050896222470328215,0.2
483328,19,24940,38096.15024657,336.0,236,0.05517578125,0.0003,1326693.5,-2.3545479916036127,0.5486549139022827,3288780.6578125,2350,0.006409893,0.0,-0.004897501098457724,0.2
485376,19,25099,37950.689027889995,336.0,237,0.05087890625,0.0003,1864088.0,-2.357081864029169,0.5499162077903748,3669550.2796875,2360,0.0061327247,-1.1920928955078125e-07,-0.004532257543178275,0.2
487424,19,25256,37539.5208136,336.0,238,0.045703125,0.0003,1529380.75,-2.360074666142464,0.5495330691337585,2735808.676953125,2370,0.0052236198,0.0,-0.003986330979387276,0.2
489472,19,25421,37899.94211315,336.0,239,0.075048828125,0.0003,2385632.5,-2.359740310162306,0.549558162689209,3826213.0234375,2380,0.0071761683,0.0,-0.006914295381284319,0.2
491520,19,25588,38011.288081900006,336.0,240,0.041650390625,0.0003,1704099.0,-2.351474525779486,0.5461735725402832,3518739.24453125,2390,0.006050531,0.0,-0.0033911457358044572,0.2
493568,19,25749,38259.31294982001,336.0,241,0.039892578125,0.0003,2011795.625,-2.3433573849499227,0.5462396740913391,4117830.47578125,2400,0.0054028668,-1.1920928955078125e-07,-0.0032242201021290386,0.2
495616,19,25913,39223.613745400005,336.0,242,0.0619140625,0.0003,1760567.625,-2.348094966262579,0.5483384132385254,3230276.453125,2410,0.007085978,0.0,-0.006146243080729618,0.2
497664,19,26076,38771.634742869996,336.0,243,0.072412109375,0.0003,2001224.875,-2.347530560195446,0.5466633439064026,3378634.06953125,2420,0.007036673,1.7881393432617188e-07,-0.006330796738620847,0.2
499712,19,26233,39401.85822459,336.0,244,0.065283203125,0.0003,1355863.75,-2.3334289625287057,0.5429736971855164,2871390.606640625,2430,0.0071030986,0.0,-0.0042845377436606215,0.2
501760,19,26395,39326.958667340004,336.0,245,0.06337890625,0.0003,2736908.75,-2.320184703171253,0.5426968932151794,4950052.09140625,2440,0.005613417,-1.1920928955078125e-07,-0.004846385672863107,0.2
503808,18,26554,39559.47017496,336.0,246,0.03369140625,0.0003,1684310.25,-2.3144478410482408,0.5405513644218445,3374974.48203125,2450,0.003514507,0.0,-0.0018686347641050816,0.2
505856,18,26711,40167.562554020005,336.0,247,0.040576171875,0.0003,2117079.75,-2.309146085381508,0.5403072237968445,3728824.22734375,2460,0.0055744806,5.960464477539063e-08,-0.004071400672546588,0.2
507904,18,26867,40203.36884620001,336.0,248,0.069775390625,0.0003,2380329.75,-2.302217044681311,0.5386257767677307,3975383.7390625,2470,0.007186277,0.0,-0.006679989826807287,0.2
509952,18,27024,40192.67871233,336.0,249,0.060791015625,0.0003,1407547.125,-2.2982035987079144,0.5395713448524475,3309908.9078125,2480,0.0068237586,0.0,-0.004768159594823374,0.2
512000,18,27181,40164.83403619,336.0,250,0.039111328125,0.0003,2034550.125,-2.292944786697626,0.5376446843147278,3969492.35234375,2490,0.005508125,0.0,-0.0032097848757985047,0.2
514048,18,27339,39822.74781864,336.0,251,0.05341796875,0.0003,1941215.625,-2.279385054856539,0.5347593426704407,3242209.6046875,2500,0.006533292,5.960464477539063e-08,-0.004479768842429621,0.2
516096,18,27497,39977.209268850005,336.0,252,0.047216796875,0.0003,1478239.625,-2.266202065348625,0.5329663157463074,3152097.67265625,2510,0.005116584,5.960464477539063e-08,-0.004704430151468842,0.2
518144,18,27655,40403.92820212,336.0,253,0.0728515625,0.0003,1676933.125,-2.2590534798800945,0.5321676731109619,3401105.11953125,2520,0.007226778,-1.1920928955078125e-07,-0.004205660302250181,0.2
520192,18,27813,40735.78235451,336.0,254,0.05947265625,0.0003,2015347.5,-2.259126861393452,0.5326353907585144,4134236.78359375,2530,0.0068799322,0.0,-0.004190007617580704,0.2
522240,18,27972,40639.21622067,336.0,255,0.03974609375,0.0003,1936387.5,-2.266452068835497,0.5342082381248474,3964805.2375,2540,0.005577233,1.1920928955078125e-07,-0.0050771670903486665,0.2
524288,18,28128,40206.7957667,336.0,256,0.07041015625,0.0003,1738233.625,-2.2789684757590294,0.5366107821464539,3561139.99453125,2550,0.007397457,0.0,-0.005426751852064626,0.2
526336,18,28298,39751.71650578001,336.0,257,0.03974609375,0.0003,1211119.125,-2.2761384785175323,0.533592939376831,2929895.97265625,2560,0.005891178,-1.1920928955078125e-07,-0.003001004493853543,0.2
528384,18,28452,39770.86981163,336.0,258,0.053759765625,0.0003,1376715.25,-2.2768088079988957,0.5360400080680847,2687303.378515625,2570,0.0047880923,0.0,-0.003840698661224451,0.2
530432,18,28609,39901.378825989996,336.0,259,0.046923828125,0.0003,2389704.5,-2.2837914027273656,0.5352046489715576,3676488.26484375,2580,0.0056317784,1.1920928955078125e-07,-0.003990934563626069,0.2
532480,18,28763,39687.91388652001,336.0,260,0.066259765625,0.0003,1431988.5,-2.28116452395916,0.5351226925849915,3216801.10078125,2590,0.005975005,-1.1920928955078125e-07,-0.004233107964682859,0.2
534528,18,28920,39758.999182290005,336.0,261,0.05126953125,0.0003,1118742.75,-2.272083180397749,0.5327616930007935,2917630.1234375,2600,0.006256746,0.0,-0.0048898015222221146,0.2
536576,18,29079,39868.28652577,336.0,262,0.053125,0.0003,2295773.0,-2.2656837940216064,0.5338440537452698,4470768.00859375,2610,0.005752596,0.0,-0.005162624290096574,0.2
538624,18,29238,39687.08894563,336.0,263,0.066650390625,0.0003,2005481.625,-2.2651534266769886,0.5320404171943665,3402831.1390625,2620,0.0069562336,1.1920928955078125e-07,-0.006894841157190967,0.2
540672,18,29392,39522.47125522,336.0,264,0.0392578125,0.0003,1548397.125,-2.2587240755558016,0.5313833355903625,3488446.59609375,2630,0.0052467617,0.0,-0.003405702346935868,0.2
542720,18,29555,39334.08160039,336.0,265,0.0685546875,0.0003,1490180.0,-2.248146512359381,0.5290438532829285,2857039.445703125,2640,0.0068592527,-1.1920928955078125e-07,-0.005147752762422897,0.2
544768,18,29712,39262.26599732,336.0,266,0.05185546875,0.0003,1877793.375,-2.227194720506668,0.5249742865562439,3553777.07578125,2650,0.005123416,-1.1920928955078125e-07,-0.004136115459550638,0.2
546816,18,29874,39355.2801387,336.0,267,0.060107421875,0.0003,1505164.0,-2.2181927040219307,0.5247409343719482,3393011.31171875,2660,0.007191544,0.0,-0.004601821569667664,0.2
548864,18,30028,39223.84891601,336.0,268,0.044189453125,0.0003,2000452.0,-2.2213238410651686,0.5254446864128113,3887897.2859375,2670,0.0043388754,1.1920928955078125e-07,-0.003437924537865911,0.2
550912,18,30186,38953.908762720006,336.0,269,0.0697265625,0.0003,1592554.625,-2.217045255750418,0.5229358673095703,3018940.27890625,2680,0.0064519346,-1.1920928955078125e-07,-0.005992614188289736,0.2
552960,18,30339,38063.05131355,336.0,270,0.053564453125,0.0003,1322795.125,-2.211528895050287,0.5237498879432678,2275053.150390625,2690,0.007822581,0.0,-0.003368178014352452,0.2
555008,18,30500,37910.341536110005,336.0,271,0.048681640625,0.0003,776364.875,-2.2065922625362875,0.5226171016693115,2376681.1203125,2700,0.005056874,1.1920928955078125e-07,-0.0028588187698915133,0.2
557056,18,30657,37867.618030419995,336.0,272,0.05166015625,0.0003,1878300.5,-2.2019975647330283,0.5228307843208313,3902040.7015625,2710,0.007017906,5.960464477539063e-08,-0.003161098330747336,0.2
559104,18,30815,37854.765414860005,336.0,273,0.054541015625,0.0003,1303988.5,-2.199728741496801,0.5219674706459045,2746873.70390625,2720,0.005252716,0.0,-0.0028389966711984014,0.2
561152,18,30973,37946.80452591,336.0,274,0.0603515625,0.0003,1675186.5,-2.205395647883415,0.5255825519561768,3082522.587109375,2730,0.0072629536,0.0,-0.004254256146668922,0.2
563200,18,31134,38408.166079660004,336.0,275,0.0552734375,0.0003,1739864.625,-2.2132198341190814,0.5244844555854797,3811974.23828125,2740,0.0069065574,1.1920928955078125e-07,-0.004604044389270712,0.2
565248,18,31302,39093.092251120004,336.0,276,0.03125,0.0003,2351702.0,-2.209145350009203,0.5248728394508362,3963271.06328125,2750,0.0045499825,5.960464477539063e-08,-0.0030071296656387857,0.2
567296,18,31473,38743.78983333,336.0,277,0.044091796875,0.0003,2692069.0,-2.20062662512064,0.5218233466148376,4415652.92890625,2760,0.004647075,-1.1920928955078125e-07,-0.0042166832645307295,0.2
569344,17,31643,39116.49165151,336.0,278,0.064404296875,0.0003,1598579.5,-2.195976158976555,0.5231361389160156,3207608.306640625,2770,0.0060505653,-1.1920928955078125e-07,-0.00464356871380005,0.2
571392,17,31807,39368.44210463,336.0,279,0.05458984375,0.0003,2623961.75,-2.200117963552475,0.5230021476745605,4459853.84296875,2780,0.005899451,1.1920928955078125e-07,-0.003717982686066534,0.2
573440,17,31969,39284.52811777,336.0,280,0.043798828125,0.0003,1874941.0,-2.195273070782423,0.5206067562103271,3872980.0359375,2790,0.00520967,0.0,-0.003297277886304073,0.2
575488,17,32133,39200.17985420999,336.0,281,0.0607421875,0.0003,1881195.625,-2.196102476865053,0.5236535668373108,3141428.4140625,2800,0.005021305,-1.1920928955078125e-07,-0.004735110166075173,0.2
577536,17,32304,39651.950616990005,336.0,282,0.022265625,0.0003,1568614.0,-2.197515057772398,0.5223238468170166,3375945.8359375,2810,0.003747915,0.0,-0.000889309162448626,0.2
579584,17,32466,39715.52801119,336.0,283,0.06513671875,0.0003,2123148.5,-2.185795956104994,0.5211508870124817,3777349.653125,2820,0.007484508,1.1920928955078125e-07,-0.005346294399350882,0.2
581632,17,32631,39881.623613,336.0,284,0.06875,0.0003,2104893.25,-2.183203964680433,0.5216326713562012,4093107.05234375,2830,0.00620917,0.0,-0.004537628040998243,0.2
583680,17,32791,39768.36332525001,336.0,285,0.049755859375,0.0003,1634857.875,-2.1892222099006178,0.523669958114624,3683841.45625,2840,0.004960735,-1.1920928955078125e-07,-0.004088909305573906,0.2
585728,17,32955,40240.87255419,336.0,286,0.044873046875,0.0003,1240598.5,-2.182040060311556,0.5195996165275574,2644060.35,2850,0.005161617,0.0,-0.0012341476569417865,0.2
587776,17,33114,40664.24918308,336.0,287,0.05029296875,0.0003,2173296.5,-2.168734376877546,0.5188239812850952,3873951.434375,2860,0.0054603387,0.0,-0.004002323365421034,0.2
589824,17,33282,40775.37871043999,336.0,288,0.05283203125,0.0003,1863120.0,-2.168910276144743,0.5193960666656494,3695811.35390625,2870,0.0066344654,0.0,-0.00470024959067814,0.2
591872,17,33442,41399.286724039994,336.0,289,0.08994140625,0.0003,1794247.125,-2.171396090090275,0.519549548625946,3366311.828125,2880,0.009324444,0.0,-0.006532362646976253,0.2
593920,17,33604,41283.36950636,336.0,290,0.05927734375,0.0003,1423418.375,-2.1637198716402053,0.5166822671890259,3583919.80625,2890,0.007268483,0.0,-0.00578387962304987,0.2
595968,17,33769,40902.905932589994,336.0,291,0.068115234375,0.0003,1617078.0,-2.1538433112204074,0.5164670944213867,3002562.3046875,2900,0.006242483,1.1920928955078125e-07,-0.004727666678081732,0.2
598016,17,33931,40441.96013934,336.0,292,0.08369140625,0.0003,1803099.75,-2.1592307291924953,0.5195426344871521,3191447.18515625,2910,0.007200217,0.0,-0.005085080274147913,0.2
600064,17,34092,40669.49429419001,336.0,293,0.069873046875,0.0003,1505438.25,-2.1659583948552608,0.518522322177887,3142476.215625,2920,0.007159178,-1.1920928955078125e-07,-0.0048796545073855665,0.2
602112,17,34259,40141.010155870004,336.0,294,0.050537109375,0.0003,1947952.125,-2.1720167331397535,0.5206020474433899,4050212.57578125,2930,0.0039912146,0.0,-0.006375907806796022,0.2
604160,17,34434,39617.67597166,336.0,295,0.109912109375,0.0003,1429767.125,-2.1773233480751513,0.5204446911811829,3085346.00234375,2940,0.045615353,1.1920928955078125e-07,0.003844044778452371,0.2
606208,17,34595,39730.28309826,336.0,296,0.069384765625,0.0003,1536508.5,-2.179373500496149,0.5215096473693848,2868678.558203125,2950,0.0062619913,1.1920928955078125e-07,-0.003964629472466186,0.2
608256,17,34754,39789.06012677,336.0,297,0.0318359375,0.0003,1853516.125,-2.1763210132718087,0.5204386115074158,3333041.68828125,2960,0.003993785,0.0,-0.001429409353295341,0.2
610304,17,34915,40134.44425216,336.0,298,0.0708984375,0.0003,1552166.625,-2.165440025925636,0.5186551213264465,3326974.15,2970,0.0063652014,-1.1920928955078125e-07,-0.005213768524117768,0.2
612352,17,35074,39957.50577415,336.0,299,0.07197265625,0.0003,2337764.0,-2.1569698974490166,0.5165644288063049,4345972.61484375,2980,0.007403952,0.0,-0.004717212049581576,0.2
614400,17,35234,40046.82190215,336.0,300,0.0623046875,0.0003,1718551.75,-2.1523901782929897,0.5158318877220154,3792948.26484375,2990,0.0058961655,1.1920928955078125e-07,-0.004917072400712641,0.2
616448,17,35395,40038.83619198,336.0,301,0.07001953125,0.0003,1699210.25,-2.151622959971428,0.5159308314323425,3752025.2671875,3000,0.0065443274,0.0,-0.005494827647635247,0.2
618496,17,35554,40188.487199560004,336.0,302,0.083203125,0.0003,1736732.0,-2.156952243298292,0.5171205997467041,3189941.971875,3010,0.008438934,-1.1920928955078125e-07,-0.005563084442110266,0.2
620544,17,35713,40193.85755842,336.0,303,0.05244140625,0.0003,1547538.25,-2.154670277237892,0.5147004127502441,3187897.22109375,3020,0.006302634,5.960464477539063e-08,-0.0029301168644451535,0.2
622592,17,35871,40292.52562995999,336.0,304,0.076611328125,0.0003,2039941.375,-2.1446752943098546,0.5129035115242004,3910195.0734375,3030,0.0070258137,1.1920928955078125e-07,-0.004739602742483839,0.2
624640,17,36029,39857.46681405001,336.0,305,0.085888671875,0.0003,1604685.0,-2.1435779720544814,0.5142073631286621,3240705.4375,3040,0.00751023,0.0,-0.006982410245109349,0.2
626688,17,36187,40194.629840300004,336.0,306,0.05693359375,0.0003,1443612.5,-2.138578747957945,0.5101583003997803,3083442.49375,3050,0.0061885305,0.0,-0.005926102663215716,0.2
628736,17,36344,40015.34604619,336.0,307,0.042724609375,0.0003,1954351.625,-2.1323496311903,0.5109220147132874,3579513.503125,3060,0.0042908704,0.0,-0.0033673133089905604,0.2
630784,17,36502,39834.36898993,336.0,308,0.1130859375,0.0003,1201165.25,-2.13522407412529,0.5115192532539368,2926750.1125,3070,0.045893364,5.960464477539063e-08,0.017162168584764003,0.2
632832,17,36661,39775.653965850004,336.0,309,0.11279296875,0.0003,1277158.0,-2.1368441440165045,0.5111634731292725,2742693.483203125,3080,0.008539254,-1.1920928955078125e-07,-0.008594059318420477,0.2
634880,17,36819,39622.26641992,336.0,310,0.09033203125,0.0003,1441418.375,-2.139523363858461,0.511928379535675,3463295.36484375,3090,0.008211222,-1.1920928955078125e-07,-0.007375285404850729,0.2
636928,17,36977,39779.7096015,336.0,311,0.0708984375,0.0003,1825151.0,-2.1350689828395844,0.5099270343780518,3633732.20078125,3100,0.0073691797,0.0,-0.006204876159608829,0.2
638976,17,37135,40237.52415394001,336.0,312,0.083203125,0.0003,1225414.0,-2.1185780599713326,0.5063064098358154,3076384.9359375,3110,0.006789899,1.1920928955078125e-07,-0.005977203445218038,0.2
641024,17,37292,40612.07014689001,336.0,313,0.0552734375,0.0003,1889697.75,-2.1095294088125227,0.5068439245223999,3325886.67265625,3120,0.0064179003,-1.1920928955078125e-07,-0.004823076099273749,0.2
643072,17,37452,40321.29303886,336.0,314,0.07314453125,0.0003,1914787.0,-2.1117879293859003,0.5067839026451111,4157429.1078125,3130,0.007053323,0.0,-0.004802752991963644,0.2
645120,17,37613,40163.64267737,336.0,315,0.06748046875,0.0003,1567623.5,-2.117450837790966,0.5087301135063171,3292258.7015625,3140,0.005337844,0.0,-0.0052612831161241045,0.2
647168,17,37773,39654.96431944,336.0,316,0.029443359375,0.0003,1708599.875,-2.125448790937662,0.5092130899429321,3626227.14296875,3150,0.0038678993,1.1920928955078125e-07,-0.0023932663621963,0.2
649216,17,37935,39525.33711344001,336.0,317,0.040283203125,0.0003,1257545.625,-2.118787357956171,0.5064857006072998,2742907.237890625,3160,0.00526213,-1.1920928955078125e-07,-0.003079417815024499,0.2
651264,17,38094,39908.05893035,336.0,318,0.065673828125,0.0003,1541174.25,-2.1058350995182993,0.5063323974609375,3235845.490625,3170,0.005913754,0.0,-0.006152007330092602,0.2
653312,17,38252,40012.62537923,336.0,319,0.061572265625,0.0003,2169638.25,-2.093481525033712,0.5027999877929688,4154619.82109375,3180,0.0069764783,0.0,-0.005691989089245908,0.2
655360,17,38412,39930.08625828999,336.0,320,0.082421875,0.0003,1852701.25,-2.0733707025647163,0.4989558160305023,3417041.7515625,3190,0.006548673,0.0,-0.0082186230662046,0.2
657408,17,38571,39800.77588203,336.0,321,0.073583984375,0.0003,1997079.5,-2.063054047524929,0.49905648827552795,3691131.796875,3200,0.006754712,5.960464477539063e-08,-0.0051866341498680415,0.2
659456,17,38729,40018.952785819994,336.0,322,0.049609375,0.0003,1842780.875,-2.0697037488222123,0.501376748085022,3072236.266796875,3210,0.006052167,0.0,-0.0025944998778868467,0.2
661504,17,38890,40220.102098209994,336.0,323,0.062744140625,0.0003,2080727.75,-2.069548737257719,0.4993840754032135,3454961.49921875,3220,0.0067484733,0.0,-0.005380793886433821,0.2
663552,16,39050,40528.86453696,336.0,324,0.059716796875,0.0003,1590703.125,-2.0649495720863342,0.4992593228816986,3754539.96015625,3230,0.006045956,0.0,-0.004826929201954044,0.2
665600,16,39208,41049.8140843,336.0,325,0.073876953125,0.0003,1756941.5,-2.0626195900142195,0.49865004420280457,3807939.62734375,3240,0.005952374,0.0,-0.005755395935557317,0.2
667648,16,39369,40594.84211246,336.0,326,0.0564453125,0.0003,2068596.0,-2.0620882757008077,0.4992688000202179,4325530.7140625,3250,0.005955112,0.0,-0.004506317082268651,0.2
669696,16,39530,40599.376754599994,336.0,327,0.072265625,0.0003,1509760.0,-2.059774202853441,0.5001495480537415,2645310.395703125,3260,0.0071727955,0.0,-0.0036464437987888234,0.2
671744,16,39692,40458.83003027,336.0,328,0.08876953125,0.0003,1261391.125,-2.0486553899943827,0.4972839057445526,2889894.89609375,3270,0.006843098,1.1920928955078125e-07,-0.006161755899665877,0.2
673792,16,39852,39868.7172897,336.0,329,0.050390625,0.0003,1501030.125,-2.0337138935923575,0.49549734592437744,2933067.296484375,3280,0.0044731535,0.0,-0.003942002310941462,0.2
675840,16,40013,39437.62681746,336.0,330,0.0541015625,0.0003,1126538.125,-2.024532262980938,0.4931471347808838,2650098.528125,3290,0.00694861,-1.1920928955078125e-07,-0.002700863797508646,0.2
677888,16,40174,39454.09786639001,336.0,331,0.061083984375,0.0003,1134082.625,-2.022436910122633,0.494286447763443,2595235.694140625,3300,0.0055142352,0.0,-0.004579668973019579,0.2
679936,16,40335,39453.64272440999,336.0,332,0.051416015625,0.0003,1841740.25,-2.023806582391262,0.4936887323856354,3139499.50078125,3310,0.0063866507,1.1920928955078125e-07,-0.003220482786127832,0.2
681984,16,40493,39664.34733963,336.0,333,0.03955078125,0.0003,1700073.875,-2.021671026945114,0.4933626651763916,3382453.68359375,3320,0.005706221,-1.1920928955078125e-07,-0.00367516249534674,0.2
684032,16,40654,39209.77292301,336.0,334,0.05546875,0.0003,1491440.25,-2.0068214971572162,0.48810967803001404,2793929.198046875,3330,0.006648955,-1.1920928955078125e-07,-0.0044587780168512834,0.2
686080,16,40815,38794.974823849996,336.0,335,0.067041015625,0.0003,1728165.5,-1.9920062661170959,0.4880469739437103,2968660.82578125,3340,0.005813583,0.0,-0.003829411285551032,0.2
688128,16,40975,38368.20668618,336.0,336,0.03818359375,0.0003,1240461.875,-1.9902571700513363,0.48770394921302795,2627895.995703125,3350,0.00480726,1.1920928955078125e-07,-0.002568367693311302,0.2
690176,16,41136,38893.05745218,336.0,337,0.0763671875,0.0003,1200369.5,-1.987801766395569,0.48672857880592346,2927158.86953125,3360,0.0071579833,5.960464477539063e-08,-0.005808737597544677,0.2
692224,16,41296,38611.9382004,336.0,338,0.090673828125,0.0003,1789717.25,-1.9802661377936601,0.48474612832069397,3769936.53515625,3370,0.005525279,0.0,-0.005084716879355256,0.2
694272,16,41454,38848.28839554999,336.0,339,0.047607421875,0.0003,1621533.0,-1.9717208951711656,0.4835582673549652,3161931.32734375,3380,0.0049458817,0.0,-0.003428590833209455,0.2
696320,16,41613,38138.63852313,336.0,340,0.021875,0.0003,1866182.625,-1.9714368477463722,0.4842401444911957,3582130.1171875,3390,0.0029546637,-1.1920928955078125e-07,-0.0016333858380676246,0.2
698368,16,41772,37927.07753838999,336.0,341,0.064501953125,0.0003,1386944.0,-1.9768526390194894,0.4854241609573364,2824990.65859375,3400,0.006538561,0.0,-0.004818651831010356,0.2
700416,16,41932,38223.49772133999,336.0,342,0.08623046875,0.0003,1982036.75,-1.9783612336963414,0.484216570854187,3459476.30625,3410,0.008764319,1.1920928955078125e-07,-0.005719946775934659,0.2
702464,16,42093,38157.856339540005,336.0,343,0.079248046875,0.0003,1628705.75,-1.9823656935244798,0.48596397042274475,3813848.6984375,3420,0.008384682,0.0,-0.005428218167071464,0.2
704512,16,42253,38252.49928766999,336.0,344,0.068798828125,0.0003,1430644.5,-1.9853343039751052,0.48542341589927673,3163323.6296875,3430,0.0063777235,0.0,-0.005115113368083258,0.2
706560,16,42413,38819.4658687,336.0,345,0.05966796875,0.0003,1420395.375,-1.9780327942222358,0.4853575527667999,2685184.102734375,3440,0.0049423235,0.0,-0.005492363570374437,0.2
708608,16,42576,39310.62186691,336.0,346,0.095166015625,0.0003,1862811.125,-1.9667501028627157,0.4828238785266876,3165059.7125,3450,0.009477446,0.0,-0.007983700172917451,0.2
710656,16,42738,39412.79117975,336.0,347,0.0451171875,0.0003,1805427.5,-1.9605229742825032,0.4823729693889618,3879984.68203125,3460,0.006299871,0.0,-0.0031498112832196055,0.2
712704,16,42898,38850.86052036,336.0,348,0.06142578125,0.0003,1792274.25,-1.9548606671392919,0.4804471731185913,3292532.84296875,3470,0.0063420516,0.0,-0.0045658268747502005,0.2
714752,16,43061,38994.9791309,336.0,349,0.082080078125,0.0003,1263983.5,-1.9421306438744068,0.4784363806247711,2378612.15546875,3480,0.008794215,0.0,-0.0034879611179349014,0.2
716800,16,43223,39822.25287165,336.0,350,0.077490234375,0.0003,1725790.5,-1.9355755548924207,0.47807690501213074,3607755.83515625,3490,0.008548372,0.0,-0.006623068944463739,0.2
718848,16,43384,39760.01011491,336.0,351,0.07060546875,0.0003,2106059.0,-1.934419457986951,0.4779137670993805,4172531.39296875,3500,0.0068624765,5.960464477539063e-08,-0.004697803742601536,0.2
720896,16,43544,39836.98505276001,336.0,352,0.057080078125,0.0003,1694511.0,-1.9279748149216176,0.4759511947631836,2826515.290234375,3510,0.007405673,0.0,-0.0038482405281683894,0.2
722944,16,43706,40082.272274630006,336.0,353,0.07685546875,0.0003,1907563.75,-1.9253653474152088,0.4766169488430023,3149087.65546875,3520,0.007763305,1.1920928955078125e-07,-0.004394786467310041,0.2
724992,16,43869,39953.35253642,336.0,354,0.047509765625,0.0003,1575464.0,-1.929444793984294,0.4781382083892822,3456960.015625,3530,0.005478247,0.0,-0.0038221879251068456,0.2
727040,16,44030,39816.894425670005,336.0,355,0.04423828125,0.0003,1232169.75,-1.9315647590905427,0.47826120257377625,2854479.4890625,3540,0.005060355,0.0,-0.0023298828178667462,0.2
729088,16,44192,39406.88142647,336.0,356,0.083056640625,0.0003,1342878.25,-1.9278537571430205,0.47781291604042053,3046953.380078125,3550,0.008411415,0.0,-0.006241710795438849,0.2
731136,16,44354,39910.737858960005,336.0,357,0.06474609375,0.0003,1509664.625,-1.9282423958182335,0.47761717438697815,2844075.24921875,3560,0.006673347,0.0,-0.006667202469543554,0.2
733184,16,44516,39553.7019793,336.0,358,0.100830078125,0.0003,1664664.25,-1.9268039528280496,0.4770890176296234,3003012.98359375,3570,0.0073994854,0.0,-0.0074035301935509775,0.2
735232,16,44677,39730.9614993,336.0,359,0.04033203125,0.0003,2000535.75,-1.9232572127133607,0.47632917761802673,3230552.178125,3580,0.0046715736,1.1920928955078125e-07,-0.002448304885183461,0.2
737280,16,44839,39710.248068099994,336.0,360,0.039453125,0.0003,1477257.125,-1.9260810919106006,0.47669824957847595,3299987.30703125,3590,0.004381984,0.0,-0.002397721122542862,0.2
739328,16,44999,39749.53509297,336.0,361,0.028564453125,0.0003,1399029.75,-1.9259478986263274,0.4754903316497803,3247404.21484375,3600,0.0045374753,5.960464477539063e-08,-0.002840249575092457,0.2
741376,16,45161,39400.350778809996,336.0,362,0.060595703125,0.0003,1292816.5,-1.922590820863843,0.47519877552986145,2705756.8640625,3610,0.006511617,0.0,-0.0031183296116068958,0.2
743424,16,45321,38967.63375378,336.0,363,0.059765625,0.0003,1826251.75,-1.9235666498541832,0.4764666259288788,3003868.884375,3620,0.007138149,0.0,-0.005499997505103238,0.2
745472,16,45481,39181.586867260005,336.0,364,0.044873046875,0.0003,1549885.875,-1.929430228471756,0.47797679901123047,3032532.75703125,3630,0.0049699713,0.0,-0.0022882208591909147,0.2
747520,16,45642,39659.42393691,336.0,365,0.03603515625,0.0003,1173482.0,-1.9287864949554205,0.4753924310207367,2317646.589453125,3640,0.005852939,0.0,-0.002176976679766085,0.2
749568,16,45802,39650.21740796,336.0,366,0.0744140625,0.0003,2016432.25,-1.9137456484138966,0.47236737608909607,3938656.20859375,3650,0.0068591954,0.0,-0.007170121287344955,0.2
751616,16,45962,39716.39116604,336.0,367,0.064794921875,0.0003,1527933.75,-1.9035611920058728,0.47198987007141113,3442941.44296875,3660,0.008461196,5.960464477539063e-08,-0.003972616858663969,0.2
753664,16,46123,39568.409662239996,336.0,368,0.064208984375,0.0003,1668269.0,-1.9026744425296784,0.4721728265285492,3549291.909375,3670,0.0054863077,0.0,-0.00468724925085553,0.2
755712,16,46284,39502.724215940005,336.0,369,0.050244140625,0.0003,1227099.375,-1.8925218056887387,0.469168096780777,2570060.779296875,3680,0.0053676153,0.0,-0.002749372688413132,0.2
757760,16,46444,39806.852882850006,336.0,370,0.045361328125,0.0003,1551894.125,-1.8791429325938225,0.4678024351596832,3084237.259375,3690,0.0058361557,0.0,-0.003630985919153318,0.2
759808,16,46605,39539.362625860005,336.0,371,0.051025390625,0.0003,1644865.875,-1.8666808102279902,0.46487581729888916,3322286.72890625,3700,0.006225594,5.960464477539063e-08,-0.0032286335859680547,0.2
761856,16,46766,40023.67253943,336.0,372,0.06982421875,0.0003,1569776.625,-1.8557989280670881,0.46416082978248596,2981189.70625,3710,0.0077758026,0.0,-0.0044925633177626875,0.2
763904,16,46923,39960.93883064001,336.0,373,0.0609375,0.0003,2180233.25,-1.8471351508051157,0.46200132369995117,3703603.98203125,3720,0.006204001,1.1920928955078125e-07,-0.0044557683926541355,0.2
765952,16,47084,40136.23930841,336.0,374,0.061279296875,0.0003,1653344.625,-1.8454689893871545,0.4638198912143707,2973677.933203125,3730,0.005752313,2.384185791015625e-07,-0.0036321234685601665,0.2
768000,16,47244,40155.014822139994,336.0,375,0.06767578125,0.0003,1632221.5,-1.8509982127696276,0.4638272225856781,3373212.19609375,3740,0.0075206487,0.0,-0.004609255355899222,0.2
770048,16,47404,40049.433135759995,336.0,376,0.046435546875,0.0003,1753337.125,-1.8510490234941244,0.46379753947257996,3367589.9984375,3750,0.0058286907,0.0,-0.0018775626391288824,0.2
772096,16,47564,40129.06265667001,336.0,377,0.100390625,0.0003,1247641.75,-1.852472085878253,0.4648010730743408,2950617.694921875,3760,0.009076837,0.0,-0.007417419557168614,0.2
774144,16,47723,40366.47503375,336.0,378,0.074658203125,0.0003,2076484.375,-1.8478510521352292,0.46266674995422363,3521686.93828125,3770,0.008543789,5.960464477539063e-08,-0.004573985672323033,0.2
776192,16,47884,40774.15617265001,336.0,379,0.045458984375,0.0003,1593464.875,-1.8385500345379113,0.4615279734134674,2900159.238671875,3780,0.0055985088,1.1920928955078125e-07,-0.0024548727640649306,0.2
778240,16,48045,41031.13524843999,336.0,380,0.07412109375,0.0003,2093688.125,-1.8346053298562766,0.46144309639930725,3793827.8828125,3790,0.007616682,1.1920928955078125e-07,-0.006834396277554333,0.2
780288,16,48204,41048.01376425,336.0,381,0.09765625,0.0003,1352024.375,-1.8346242748200894,0.4628666937351227,3117225.728125,3800,0.008834137,0.0,-0.0075731918783276345,0.2
782336,16,48368,40865.62145868,336.0,382,0.073974609375,0.0003,1741058.25,-1.82581916898489,0.4596070945262909,3499019.3296875,3810,0.007074587,5.960464477539063e-08,-0.006293283688137308,0.2
784384,16,48529,40592.79711166,336.0,383,0.066943359375,0.0003,1432426.625,-1.817355989664793,0.45973682403564453,3190324.8921875,3820,0.0071919058,0.0,-0.005416028878244106,0.2
786432,16,48692,40684.9828652,336.0,384,0.040283203125,0.0003,1229293.875,-1.8230748191475867,0.46319779753685,2899068.3484375,3830,0.00542429,1.1920928955078125e-07,-0.0032341756261303088,0.2
788480,16,48852,40833.66631734001,336.0,385,0.0548828125,0.0003,1551584.875,-1.8301972310990096,0.4643773138523102,3029059.4828125,3840,0.0069529917,5.960464477539063e-08,-0.0037910216531599874,0.2
790528,16,49013,40749.06375293,336.0,386,0.061962890625,0.0003,1430526.75,-1.8294152662158012,0.4626317024230957,3089551.08046875,3850,0.0055916426,0.0,-0.004668598575517535,0.2
792576,16,49173,40983.998472240004,336.0,387,0.067138671875,0.0003,1584988.0,-1.8264696881175042,0.46387800574302673,3420742.59921875,3860,0.006350208,1.1920928955078125e-07,-0.004621350578963757,0.2
794624,16,49336,40866.80175706,336.0,388,0.04912109375,0.0003,1876912.625,-1.8216247666627168,0.4610082805156708,3798248.05,3870,0.006009157,5.960464477539063e-08,-0.003884913641377352,0.2
796672,16,49495,41245.119282199994,336.0,389,0.0791015625,0.0003,1477012.625,-1.8176166873425246,0.4616076946258545,2783765.10546875,3880,0.006151229,1.1920928955078125e-07,-0.007349721010541543,0.2
798720,16,49656,40971.66512934,336.0,390,0.082958984375,0.0003,1484992.875,-1.8185605868697166,0.46105730533599854,3491111.8453125,3890,0.007730125,5.960464477539063e-08,-0.005913946917280555,0.2
800768,16,49820,40779.12873354,336.0,391,0.058642578125,0.0003,1495669.25,-1.8183977466076613,0.4609503746032715,2999651.16796875,3900,0.0050722687,0.0,-0.0036176887268084103,0.2
802816,16,49981,41222.631661370004,336.0,392,0.068994140625,0.0003,1501624.125,-1.8248808689415454,0.4625205993652344,3163026.11171875,3910,0.005629913,-1.1920928955078125e-07,-0.0036623769527068363,0.2
804864,16,50142,41786.51037425,336.0,393,0.074072265625,0.0003,2354309.0,-1.8321834426373242,0.46352648735046387,4488666.05078125,3920,0.007098372,0.0,-0.0056996117258677256,0.2
806912,16,50304,42017.91837202,336.0,394,0.064990234375,0.0003,2098683.0,-1.8380956057459117,0.46489572525024414,4338387.74921875,3930,0.006340935,5.960464477539063e-08,-0.004160667055111844,0.2
808960,16,50466,41572.29564113,336.0,395,0.07880859375,0.0003,1550085.375,-1.849212111532688,0.46659383177757263,3323192.30546875,3940,0.0065532154,1.1920928955078125e-07,-0.006686900091881398,0.2
811008,16,50627,41277.71039439,336.0,396,0.0833984375,0.0003,1323763.5,-1.859334908798337,0.4672323763370514,2541820.460546875,3950,0.010944195,1.1920928955078125e-07,-0.006241938378661871,0.2
813056,16,50788,40974.12242168,336.0,397,0.06494140625,0.0003,1302060.0,-1.863795791938901,0.46795573830604553,3006928.60078125,3960,0.0050828974,0.0,-0.003922321027494036,0.2
815104,15,50949,41081.22391770001,336.0,398,0.075439453125,0.0003,1604408.5,-1.8664318449795245,0.4675775468349457,2978382.38046875,3970,0.006718697,0.0,-0.005918697548622731,0.2
817152,15,51111,41538.03779581,336.0,399,0.0517578125,0.0003,1947801.5,-1.870830101519823,0.468740314245224,4148097.03359375,3980,0.00504388,0.0,-0.005556114595674444,0.2
819200,15,51273,41935.17418113,336.0,400,0.058984375,0.0003,1728036.125,-1.864730754867196,0.4660510718822479,3331465.8953125,3990,0.0063573522,0.0,-0.003743798498180695,0.2
821248,15,51434,41628.25109364,336.0,401,0.089501953125,0.0003,1783084.625,-1.850532914698124,0.4643503725528717,3420729.69765625,4000,0.006830318,5.960464477539063e-08,-0.006882237143145176,0.2
823296,15,51595,41848.66797364,336.0,402,0.05966796875,0.0003,1511240.75,-1.8415936656296252,0.4626832902431488,3001671.730859375,4010,0.007118629,0.0,-0.0054401811765274035,0.2
825344,15,51757,41793.92783971,336.0,403,0.086376953125,0.0003,1777688.625,-1.8295715026557446,0.4603569507598877,3753198.803125,4020,0.008244462,0.0,-0.0064950381420203485,0.2
827392,15,51918,41789.83719826,336.0,404,0.09736328125,0.0003,1544328.5,-1.8167109947651625,0.45756611227989197,3090471.01328125,4030,0.008158236,5.960464477539063e-08,-0.006439350132131949,0.2
829440,15,52081,41479.3794464,336.0,405,0.058251953125,0.0003,1658901.0,-1.8138299990445375,0.4584260880947113,2884473.3875,4040,0.0058976132,5.960464477539063e-08,-0.00392161085474072,0.2
831488,15,52242,41269.42642418,336.0,406,0.06357421875,0.0003,1352928.25,-1.8033193625509738,0.45481812953948975,2452886.657421875,4050,0.00655894,0.0,-0.0038081588994828054,0.2
833536,15,52403,41523.89156895,336.0,407,0.056982421875,0.0003,1408017.75,-1.797066542506218,0.45703935623168945,3287801.0890625,4060,0.007427631,0.0,-0.004049874180054758,0.2
835584,15,52564,41444.37482353,336.0,408,0.056005859375,0.0003,2084620.25,-1.799005414918065,0.4548846185207367,3602990.38125,4070,0.005715265,0.0,-0.005453249478887301,0.2
837632,15,52725,40920.2667843,336.0,409,0.044921875,0.0003,1462101.5,-1.7979048710316419,0.45686736702919006,2988870.51015625,4080,0.0064653736,5.960464477539063e-08,-0.002454066157224588,0.2
839680,15,52886,40745.58352441001,336.0,410,0.0740234375,0.0003,1510539.0,-1.8032323013991118,0.4570416510105133,3187234.2203125,4090,0.0075700665,1.1920928955078125e-07,-0.006498252459277864,0.2
841728,15,53047,41108.76075994,336.0,411,0.066796875,0.0003,1884037.5,-1.7931924659758807,0.45440495014190674,3498600.14375,4100,0.00767798,0.0,-0.005684311356162652,0.2
843776,15,53208,41501.27698471,336.0,412,0.051171875,0.0003,1820796.25,-1.778751763701439,0.45278647541999817,3169476.5890625,4110,0.006756761,0.0,-0.004460353682225105,0.2
845824,15,53367,41344.69683329,336.0,413,0.0509765625,0.0003,1403940.0,-1.771546385064721,0.45182958245277405,3009366.803125,4120,0.005786361,5.960464477539063e-08,-0.003843446741666412,0.2
847872,15,53529,41168.38191431,336.0,414,0.059228515625,0.0003,1627434.75,-1.7802047852426768,0.45525792241096497,3249208.7453125,4130,0.0050700847,5.960464477539063e-08,-0.004357513433205895,0.2
849920,15,53691,40828.72402417,336.0,415,0.0580078125,0.0003,1275211.875,-1.7858148623257875,0.45336833596229553,2760693.4203125,4140,0.0060546966,5.960464477539063e-08,-0.002746646324521862,0.2
851968,15,53852,40603.29141209999,336.0,416,0.06259765625,0.0003,1313430.375,-1.7730729270726442,0.45099183917045593,2484955.492578125,4150,0.005938867,5.960464477539063e-08,-0.004027086906717159,0.2
854016,15,54014,40763.259768380005,336.0,417,0.059814453125,0.0003,1681340.5,-1.7599157772958278,0.44973111152648926,3247067.74453125,4160,0.007038541,0.0,-0.005094297684263438,0.2
856064,15,54175,40907.696137670006,336.0,418,0.062353515625,0.0003,1688549.5,-1.7490542933344841,0.44815996289253235,2930964.9984375,4170,0.0072687226,0.0,-0.00254463541568839,0.2
858112,15,54337,40769.1663961,336.0,419,0.0537109375,0.0003,1547176.375,-1.736019366979599,0.44623255729675293,3300794.94140625,4180,0.005750536,0.0,-0.004654852004023269,0.2
860160,15,54502,40212.70676334,336.0,420,0.064697265625,0.0003,1559956.25,-1.7252785459160804,0.445444792509079,3249771.99296875,4190,0.0062897773,0.0,-0.0043118246190715585,0.2
862208,15,54662,40409.69812566,336.0,421,0.079638671875,0.0003,1751930.875,-1.7316407069563866,0.44790494441986084,2790642.146875,4200,0.0062654354,0.0,-0.004420525514433393,0.2
864256,15,54823,40866.00104941,336.0,422,0.064599609375,0.0003,1286147.25,-1.740039560198784,0.4476374685764313,3219076.67421875,4210,0.0065590646,5.960464477539063e-08,-0.003867741336580366,0.2
866304,15,54985,40714.56549162,336.0,423,0.0416015625,0.0003,1587427.875,-1.732851330190897,0.4454324245452881,3072921.476171875,4220,0.0054403106,0.0,-0.0008940465188061353,0.2
868352,15,55147,40533.24311313,336.0,424,0.048974609375,0.0003,1936035.75,-1.7201963186264038,0.4436425268650055,3654095.98984375,4230,0.007077886,0.0,-0.0023621796470251867,0.2
870400,15,55308,40413.2948446,336.0,425,0.060595703125,0.0003,1449801.5,-1.713867460563779,0.443500280380249,2554349.355078125,4240,0.005856079,0.0,-0.0034658337441214825,0.2
872448,15,55471,39981.21289225,336.0,426,0.06240234375,0.0003,1368194.5,-1.703982063755393,0.44159194827079773,2853806.4984375,4250,0.006760207,2.384185791015625e-07,-0.003712993816589005,0.2
874496,15,55635,39939.97657933,336.0,427,0.0662109375,0.0003,1353342.625,-1.698195543140173,0.4416228234767914,2994291.32421875,4260,0.0058781826,0.0,-0.0033569866383913903,0.2
876544,15,55797,39603.55734772,336.0,428,0.071630859375,0.0003,1600583.75,-1.6984563190490007,0.44159355759620667,2866119.314453125,4270,0.0067375954,5.960464477539063e-08,-0.004866208457679022,0.2
878592,15,55959,39950.00104091,336.0,429,0.07412109375,0.0003,1378307.125,-1.694926878809929,0.4411959648132324,2922735.018359375,4280,0.006827818,0.0,-0.004508483994868584,0.2
880640,15,56119,40058.17801637,336.0,430,0.08583984375,0.0003,1760210.375,-1.6990669660270215,0.44312918186187744,3792679.90546875,4290,0.0064667445,0.0,-0.005368823291064473,0.2
882688,15,56281,40335.66864720001,336.0,431,0.04560546875,0.0003,1564466.5,-1.6941534765064716,0.4405788481235504,3179448.42578125,4300,0.0054918407,-1.1920928955078125e-07,-0.0033761042781407014,0.2
884736,15,56444,40681.390106499995,336.0,432,0.079736328125,0.0003,1619789.125,-1.6841450449079276,0.44084247946739197,2996364.453515625,4310,0.0076796524,0.0,-0.0058381971481139775,0.2
886784,15,56605,40415.7721761,336.0,433,0.0703125,0.0003,2239646.25,-1.6800554808229209,0.4399585425853729,3551535.60625,4320,0.0066756243,0.0,-0.003424561825522687,0.2
888832,15,56766,39917.823750669995,336.0,434,0.068212890625,0.0003,1483143.75,-1.681513874605298,0.44058123230934143,2925369.495703125,4330,0.008227995,0.0,-0.0023719556294963693,0.2
890880,15,56928,40119.387865050005,336.0,435,0.077734375,0.0003,1059575.125,-1.6766600389033557,0.438627153635025,2432633.475,4340,0.007908408,-1.1920928955078125e-07,-0.003965031627740245,0.2
892928,15,57095,40236.885201289995,336.0,436,0.081298828125,0.0003,1827841.875,-1.6689862132072448,0.43782222270965576,3013170.2453125,4350,0.008465106,0.0,-0.004985425305494573,0.2
894976,15,57253,40285.33115042,336.0,437,0.07470703125,0.0003,1421622.125,-1.660532545670867,0.4356612265110016,2754799.443359375,4360,0.00789668,0.0,-0.006298970119678416,0.2
897024,15,57413,40029.554006599996,336.0,438,0.05869140625,0.0003,1408816.75,-1.6553287506103516,0.4361790120601654,3012288.2984375,4370,0.005845057,0.0,-0.004112802994495723,0.2
899072,15,57572,39789.01388816999,336.0,439,0.080029296875,0.0003,1392773.25,-1.6552094269543887,0.43707409501075745,2909615.6,4380,0.0067087254,0.0,-0.005796242685028119,0.2
901120,15,57732,40096.85517789,336.0,440,0.0521484375,0.0003,1388462.625,-1.6536878757178783,0.4372274875640869,2876697.318359375,4390,0.005136228,0.0,-0.0037518969817028846,0.2
903168,15,57891,40324.10297791,336.0,441,0.0755859375,0.0003,2128881.25,-1.6595507711172104,0.43936511874198914,3907136.996875,4400,0.0073324037,0.0,-0.005707919507403858,0.2
905216,15,58052,40427.923999759994,336.0,442,0.095947265625,0.0003,1555189.25,-1.663404778763652,0.4382929801940918,3169032.71875,4410,0.0074711293,0.0,-0.004320979930344038,0.2
907264,15,58209,39989.68204428,336.0,443,0.110546875,0.0003,1632283.875,-1.6625817477703095,0.43784475326538086,2575958.186328125,4420,0.008568888,0.0,-0.00786417566050659,0.2
909312,15,58372,40178.90509717,336.0,444,0.10234375,0.0003,882340.125,-1.6658876474946738,0.43802690505981445,2152887.933203125,4430,0.008210199,0.0,-0.006902670057024806,0.2
911360,15,58532,39999.210680920005,336.0,445,0.05791015625,0.0003,1438120.625,-1.6659182578325271,0.43831542134284973,2763906.428125,4440,0.0062660538,0.0,-0.003872444103762973,0.2
913408,15,58692,40161.505793120006,336.0,446,0.077685546875,0.0003,1687262.125,-1.6670896239578723,0.4389146864414215,3358106.2125,4450,0.008163054,0.0,-0.005078971921466291,0.2
915456,15,58850,40508.9488615,336.0,447,0.053369140625,0.0003,1617328.5,-1.6680022794753313,0.4389422833919525,3799086.38671875,4460,0.0066370675,0.0,-0.002526881088851951,0.2
917504,15,59009,40524.026290099995,336.0,448,0.036669921875,0.0003,1839870.0,-1.6695213500410317,0.43905702233314514,3836672.92109375,4470,0.004340988,0.0,-0.002069878255861113,0.2
919552,15,59170,40248.666287759996,336.0,449,0.047900390625,0.0003,1717302.5,-1.6654251132160425,0.4385371506214142,3181066.00078125,4480,0.0055348007,0.0,-0.002984893925167853,0.2
921600,15,59331,40256.60707506,336.0,450,0.080908203125,0.0003,1369914.75,-1.6543663460761309,0.4360809028148651,2664039.990625,4490,0.0068255328,0.0,-0.004721992369741202,0.2
923648,15,59492,40157.92643732,336.0,451,0.083203125,0.0003,1206294.0,-1.65162970200181,0.43720802664756775,2293795.815234375,4500,0.008001417,0.0,-0.004716914486198221,0.2
925696,15,59652,40275.685553049996,336.0,452,0.069873046875,0.0003,1270867.5,-1.6476215224713087,0.43477559089660645,2878740.14140625,4510,0.0078102048,0.0,-0.0038900926672795324,0.2
927744,15,59813,40278.770501939995,336.0,453,0.062841796875,0.0003,1421139.875,-1.6341108441352845,0.43366941809654236,2897642.482421875,4520,0.005296952,0.0,-0.003731619739846792,0.2
929792,15,59972,40210.896605949994,336.0,454,0.06201171875,0.0003,1339393.875,-1.6251523409038782,0.4326537847518921,3102080.78203125,4530,0.006021317,0.0,-0.0037837946467334403,0.2
931840,15,60132,40527.35540565,336.0,455,0.061865234375,0.0003,1466787.25,-1.615594382584095,0.4311690628528595,2846652.820703125,4540,0.0067557786,-1.1920928955078125e-07,-0.003161193629784975,0.2
933888,15,60290,40542.83854514,336.0,456,0.05185546875,0.0003,1857642.125,-1.6106626849621535,0.43078383803367615,3226294.2796875,4550,0.005510765,0.0,-0.0028663287972449324,0.2
935936,15,60450,40344.15673705,336.0,457,0.060302734375,0.0003,1658591.75,-1.613316160067916,0.43170562386512756,3523974.18515625,4560,0.0059585804,0.0,-0.005508419062243775,0.2
937984,15,60611,40477.64287941999,336.0,458,0.080029296875,0.0003,1470528.875,-1.613439903780818,0.43063631653785706,2937381.41953125,4570,0.0073137116,0.0,-0.0044155735638923945,0.2
940032,15,60773,41017.52028556999,336.0,459,0.087109375,0.0003,1544928.625,-1.6144697245210409,0.4310257136821747,2722644.157421875,4580,0.0068135895,0.0,-0.006007259545731359,0.2
942080,15,60931,41331.662464680005,336.0,460,0.11181640625,0.0003,1607653.5,-1.6194714576005935,0.43227025866508484,3184758.478125,4590,0.010151014,0.0,-0.0067427972782752475,0.2
944128,15,61092,41203.478810270004,336.0,461,0.100732421875,0.0003,1459776.625,-1.6228399809449912,0.43272101879119873,3064460.672265625,4600,0.0082861725,0.0,-0.006925249405321665,0.2
946176,15,61250,40735.15301298999,336.0,462,0.064501953125,0.0003,1307546.0,-1.626066017150879,0.4335869550704956,2972516.105859375,4610,0.00676688,0.0,-0.0039766671077813955,0.2
948224,15,61408,40239.61478710999,336.0,463,0.04423828125,0.0003,1251449.125,-1.6400942608714104,0.4364151060581207,2809847.284375,4620,0.0053539965,0.0,-0.003441143286181614,0.2
950272,15,61567,40094.57534446,336.0,464,0.09609375,0.0003,1236580.75,-1.640475532785058,0.4337131083011627,2651397.4515625,4630,0.0070980955,0.0,-0.004620382053690264,0.2
952320,15,61725,40143.142969190005,336.0,465,0.083203125,0.0003,1938611.375,-1.6315837118774652,0.43360456824302673,3314987.4796875,4640,0.008359896,0.0,-0.00750961570374784,0.2
954368,15,61884,40416.322127110005,336.0,466,0.075,0.0003,1252219.5,-1.6256446078419686,0.4315234124660492,2919147.45234375,4650,0.0069020735,0.0,-0.004642024084751029,0.2
956416,15,62043,40253.291571609996,336.0,467,0.06171875,0.0003,1418630.125,-1.619729010015726,0.4322274625301361,2908686.66328125,4660,0.005937898,0.0,-0.0052231268084142355,0.2
958464,15,62203,40436.65057901,336.0,468,0.072998046875,0.0003,1157932.125,-1.6221833515912294,0.4322068393230438,2766868.30625,4670,0.006992028,0.0,-0.0047611974252504295,0.2
960512,15,62361,40581.36632862999,336.0,469,0.06591796875,0.0003,1610434.75,-1.6226583048701286,0.43191251158714294,2640111.155859375,4680,0.0064087044,0.0,-0.0042188909268588756,0.2
962560,15,62519,40416.78564903999,336.0,470,0.076953125,0.0003,1552507.0,-1.617551264166832,0.4293603003025055,2995186.295703125,4690,0.008538702,1.1920928955078125e-07,-0.006151042784040328,0.2
964608,15,62679,40057.71302833,336.0,471,0.084033203125,0.0003,1551716.875,-1.617241732403636,0.43146196007728577,2691506.64140625,4700,0.007374476,0.0,-0.006094342817959841,0.2
966656,15,62840,39761.74880487999,336.0,472,0.0794921875,0.0003,1107681.0,-1.6206134036183357,0.43130090832710266,2354451.443359375,4710,0.007791662,0.0,-0.004668971501814667,0.2
968704,15,62999,39353.658506379994,336.0,473,0.0630859375,0.0003,1419508.0,-1.6265905272215604,0.43412327766418457,2916318.55234375,4720,0.0061185528,-1.1920928955078125e-07,-0.0036842190907918847,0.2
970752,15,63158,39551.008859530004,336.0,474,0.05849609375,0.0003,1380477.25,-1.6388863530009985,0.4349396526813507,2550403.753125,4730,0.005066584,0.0,-0.002050526055973023,0.2
972800,15,63316,39626.74040406001,336.0,475,0.069921875,0.0003,1843967.0,-1.651575642824173,0.43723568320274353,3269115.121875,4740,0.006817939,0.0,-0.005359262412093812,0.2
974848,15,63477,39601.981087379994,336.0,476,0.082861328125,0.0003,1429771.125,-1.6626197297126055,0.4374832212924957,2807768.13203125,4750,0.0068645803,0.0,-0.0056062416086206214,0.2
976896,15,63638,39714.99169278001,336.0,477,0.087548828125,0.0003,1858207.0,-1.664840703085065,0.43698737025260925,3309215.0984375,4760,0.008119047,0.0,-0.0055708625674014915,0.2
978944,15,63796,39659.17934416001,336.0,478,0.055078125,0.0003,1359804.5,-1.6662838079035283,0.4372769296169281,2711298.141796875,4770,0.005064063,0.0,-0.0019502366318192798,0.2
980992,15,63956,39901.7814117,336.0,479,0.0740234375,0.0003,1186231.75,-1.6668269447982311,0.4364510476589203,2657715.287890625,4780,0.008018362,0.0,-0.004713838724273956,0.2
983040,15,64115,39682.36683402,336.0,480,0.0361328125,0.0003,1513294.625,-1.6592977177351713,0.43540921807289124,3565512.87421875,4790,0.005002392,0.0,-0.0017695418282528408,0.2
985088,15,64278,39116.03051243,336.0,481,0.10712890625,0.0003,1210693.375,-1.6600048828870058,0.4374810457229614,2069347.49140625,4800,0.009566815,-1.1920928955078125e-07,-0.004590241474215872,0.2
987136,15,64436,39350.15604645,336.0,482,0.075634765625,0.0003,1145164.75,-1.6607026655226946,0.43709123134613037,2247940.585546875,4810,0.0075986832,-1.1920928955078125e-07,-0.003615732005710015,0.2
989184,15,64597,40014.65717412999,336.0,483,0.07138671875,0.0003,1907834.5,-1.6514849852770568,0.43518051505088806,3563023.0015625,4820,0.0073213847,0.0,-0.005097261480113957,0.2
991232,15,64758,39837.614390660005,336.0,484,0.06533203125,0.0003,2081449.375,-1.6399510946124791,0.43301352858543396,3946169.5484375,4830,0.0059117917,-1.1920928955078125e-07,-0.004928500822279603,0.2
993280,15,64919,40059.317494990006,336.0,485,0.092138671875,0.0003,1380984.25,-1.6359700337052345,0.4329843819141388,2599294.772265625,4840,0.01028714,0.0,-0.005843907581584063,0.2
995328,15,65079,40054.32604433,336.0,486,0.039794921875,0.0003,1456962.5,-1.6302093714475632,0.4307492673397064,3091317.88125,4850,0.004081155,-1.1920928955078125e-07,-0.002208106936450349,0.2
997376,15,65237,40571.54763024,336.0,487,0.057763671875,0.0003,1239746.25,-1.6271768871694803,0.4318622648715973,2855938.911328125,4860,0.006296614,0.0,-0.0031842266878811644,0.2
999424,15,65397,40948.213375980005,336.0,488,0.062744140625,0.0003,1877618.25,-1.628937055170536,0.43232718110084534,3788092.75,4870,0.005533623,0.0,-0.004713800950412406,0.2
1001472,15,65559,41117.55217169001,336.0,489,0.07861328125,0.0003,1736733.375,-1.6237548358738423,0.43107056617736816,3040567.352734375,4880,0.00819888,0.0,-0.005594804366410244,0.2
