rollout/ep_len_mean,rollout/ep_rew_mean,time/iterations,time/fps,time/time_elapsed,time/total_timesteps,train/n_updates,train/value_loss,train/entropy_loss,train/explained_variance,train/std,train/policy_gradient_loss,train/approx_kl,train/learning_rate,train/clip_range,train/clip_fraction,train/loss
336.0,-61337.22657666667,1,22,91,2048,,,,,,,,,,,
336.0,-48576.448552416674,2,23,177,4096,10,11261288.98125,-4.249221195280552,1.5139579772949219e-05,0.9952853322029114,-0.01344443228590535,0.0089514945,0.0003,0.2,0.091259765625,5064141.5
336.0,-49190.80785061111,3,23,265,6144,20,3857010.0546875,-4.237889419496059,-8.785724639892578e-05,0.991993248462677,-0.01126781202183338,0.008902445,0.0003,0.2,0.09140625,2188281.5
336.0,-47626.259612999995,4,23,353,8192,30,7432552.975,-4.223169109225273,-5.960464477539062e-07,0.9859828352928162,-0.012537352315848693,0.008431543,0.0003,0.2,0.069384765625,3405972.75
336.0,-44079.326070566654,5,23,437,10240,40,5960571.784375,-4.207753881812096,-1.3113021850585938e-06,0.9814863801002502,-0.012430682228296065,0.007548757,0.0003,0.2,0.065771484375,2218711.25
336.0,-40851.350778416665,6,23,526,12288,50,2716234.751953125,-4.1829741761088375,1.8477439880371094e-06,0.9706910252571106,-0.019192122563254088,0.0112363715,0.0003,0.2,0.12958984375,1272611.75
336.0,-37284.976406261914,7,23,612,14336,60,2498199.700390625,-4.159622147679329,9.5367431640625e-07,0.9659720063209534,-0.013616130744776456,0.009023381,0.0003,0.2,0.097900390625,1082389.625
336.0,-34381.91687075,8,23,698,16384,70,1313856.4970703125,-4.138269470632077,4.172325134277344e-07,0.9591096043586731,-0.01585743629548233,0.009159335,0.0003,0.2,0.11552734375,777142.5
336.0,-31172.037492481486,9,23,785,18432,80,958404.6049804688,-4.099422457814216,-2.5033950805664062e-06,0.9426856637001038,-0.015652630587283056,0.009890173,0.0003,0.2,0.115966796875,540346.625
336.0,-28015.42368055,10,23,870,20480,90,828661.6483398437,-4.063851988315582,1.5497207641601562e-06,0.943016767501831,-0.00913012086530216,0.03678699,0.0003,0.2,0.22431640625,570312.6875
336.0,-24973.744847000005,11,23,956,22528,100,627287.0302734375,-4.066469144821167,2.6404857635498047e-05,0.9358646273612976,-0.01451446165010566,0.010301884,0.0003,0.2,0.127783203125,389013.65625
336.0,-21858.42044930137,12,23,1041,24576,110,584506.4953125,-4.042853201925754,0.012782692909240723,0.9285747408866882,-0.013239691693161148,0.009133043,0.0003,0.2,0.094384765625,415944.40625
336.0,-19141.63956325317,13,23,1127,26624,120,863347.1599609375,-4.018748956918716,0.022828102111816406,0.9213579297065735,-0.013089951412257505,0.008235853,0.0003,0.2,0.085009765625,383666.34375
336.0,-16460.836473776475,14,23,1213,28672,130,930341.9548828125,-3.992773470282555,0.02190375328063965,0.9139086604118347,-0.011341574785183184,0.0074237036,0.0003,0.2,0.075830078125,434791.46875
336.0,-14511.240988648351,15,23,1299,30720,140,1491142.3072265624,-3.9772240415215494,0.017249703407287598,0.9117135405540466,-0.007373834289319347,0.0061883787,0.0003,0.2,0.03271484375,719898.4375
336.0,-12108.286377371136,16,23,1386,32768,150,1023923.577734375,-3.970029403269291,0.011559903621673584,0.9091903567314148,-0.00529204236518126,0.0058403416,0.0003,0.2,0.031396484375,463266.625
336.0,-8691.96738252,17,23,1476,34816,160,1722346.610546875,-3.962021244317293,0.006108105182647705,0.9075198173522949,-0.00792681651582825,0.007014054,0.0003,0.2,0.054296875,775031.0
336.0,-4518.55137246,18,23,1564,36864,170,1726752.186328125,-3.954820888489485,0.002174675464630127,0.9048416614532471,-0.008958039246499539,0.005753091,0.0003,0.2,0.0423828125,824447.625
336.0,-439.25521161999944,19,23,1651,38912,180,1757928.2109375,-3.9447335436940194,0.00030738115310668945,0.901861846446991,-0.006025941070402041,0.005555761,0.0003,0.2,0.0267578125,896162.625
336.0,4326.9700305,20,23,1744,40960,190,2360252.643359375,-3.933267379552126,0.00033152103424072266,0.8980920314788818,-0.0042878539919911415,0.004544845,0.0003,0.2,0.027392578125,1016566.9375
336.0,8398.889063460001,21,23,1836,43008,200,2191810.959375,-3.923181603103876,0.00013589859008789062,0.8959043622016907,-0.007443500502995448,0.0062767304,0.0003,0.2,0.05283203125,1005961.4375
336.0,11632.064991440002,22,23,1939,45056,210,2301526.7078125,-3.9161858089268207,0.0002186894416809082,0.8939568400382996,-0.004308383447641973,0.0040470045,0.0003,0.2,0.020849609375,1004317.875
336.0,14245.082429540002,23,23,2032,47104,220,2334715.45,-3.911694449931383,0.0010467171669006348,0.8935052752494812,-0.006720247957127867,0.0060056113,0.0003,0.2,0.039306640625,1247409.75
336.0,16630.00862511,24,22,2138,49152,230,2100892.610546875,-3.9023647613823416,3.248453140258789e-05,0.8892642855644226,-0.005254649781272746,0.003970354,0.0003,0.2,0.0287109375,972094.625
336.0,18402.92004115,25,22,2232,51200,240,2440951.958984375,-3.8891174726188185,0.0007257461547851562,0.8862326145172119,-0.0042265301104635,0.004231999,0.0003,0.2,0.015576171875,1361989.875
336.0,19996.66514874,26,22,2321,53248,250,2381125.043359375,-3.8727794639766215,8.64863395690918e-05,0.8800396919250488,0.011515179493289906,0.01582162,0.0003,0.2,0.16181640625,819964.875
336.0,21379.13222547,27,22,2413,55296,260,2159378.147265625,-3.8507818073034286,0.0020567774772644043,0.8742402195930481,-0.005514387167932,0.0054440605,0.0003,0.2,0.039501953125,1026497.25
336.0,21802.565594149997,28,22,2503,57344,270,2173436.21640625,-3.8331276908516885,0.00046634674072265625,0.869301974773407,-0.00594626629317645,0.0056624794,0.0003,0.2,0.031640625,901708.5
336.0,22168.811278150002,29,22,2598,59392,280,2995693.569140625,-3.8237665593624115,0.010850787162780762,0.8701591491699219,-0.005277881064102985,0.005005518,0.0003,0.2,0.026611328125,2055664.25
336.0,22111.329163359995,30,22,2689,61440,290,7127754.64375,-3.8224788822233675,0.014268219470977783,0.8681944012641907,-0.004300943791895407,0.005747523,0.0003,0.2,0.037451171875,2506654.25
336.0,22788.170558389997,31,22,2777,63488,300,3282702.89453125,-3.8118497267365457,0.021695256233215332,0.8644803166389465,-0.006060494673874928,0.0055698343,0.0003,0.2,0.044677734375,1338765.0
336.0,21747.691237649993,32,22,2868,65536,310,2762147.24375,-3.8040248937904835,0.03292185068130493,0.8651135563850403,0.006334105541463941,0.025048584,0.0003,0.2,0.179296875,1326196.875
336.0,21327.87176608,33,22,2955,67584,320,28625868.2703125,-3.799147313833237,0.012009918689727783,0.8629069924354553,-0.006017495016567409,0.004230971,0.0003,0.2,0.02138671875,12436054.0
336.0,20529.10861382,34,22,3046,69632,330,8497786.16640625,-3.797004756331444,0.024716675281524658,0.8637710213661194,-0.006087378998927306,0.00633331,0.0003,0.2,0.030029296875,2273220.5
336.0,20582.734029730003,35,22,3136,71680,340,14152712.48671875,-3.8049993224442007,0.022310614585876465,0.8674598336219788,-0.004560952413885389,0.0041167242,0.0003,0.2,0.025439453125,2294612.5
336.0,19233.62446572,36,22,3222,73728,350,4439594.1609375,-3.801790662109852,0.04732102155685425,0.8621261715888977,-0.0056062472649500705,0.005653328,0.0003,0.2,0.029248046875,1978608.875
336.0,18349.6056543,37,22,3309,75776,360,13760408.74375,-3.796108703315258,0.034140944480895996,0.8647763133049011,-0.005306909566570539,0.00373707,0.0003,0.2,0.016015625,11003389.0
336.0,16965.159419880005,38,22,3396,77824,370,16429006.79453125,-3.805153827369213,0.02421361207962036,0.8665897250175476,-0.0031307866775023285,0.0035059773,0.0003,0.2,0.00927734375,5536162.5
336.0,16658.77829303,39,22,3485,79872,380,13936885.140625,-3.8086547791957854,0.031129181385040283,0.8667412400245667,-0.0061109688511351125,0.0053591607,0.0003,0.2,0.023974609375,4443777.5
336.0,16363.04780976,40,22,3572,81920,390,9522087.62890625,-3.8020354241132734,0.03501516580581665,0.8625636100769043,-0.002804813121474581,0.0050188145,0.0003,0.2,0.018408203125,1967132.0
336.0,15196.352718499998,41,22,3661,83968,400,3616394.474609375,-3.7931712463498117,0.046644508838653564,0.8619880676269531,-0.0048000044276705015,0.005670947,0.0003,0.2,0.03701171875,1428349.375
336.0,15479.73396843,42,22,3748,86016,410,12753471.034375,-3.780286305397749,0.0239143967628479,0.8563801646232605,-0.006985722921672277,0.0073499163,0.0003,0.2,0.062158203125,8164067.5
336.0,15744.62254295,43,22,3835,88064,420,3745446.28046875,-3.7676962584257128,0.044622957706451416,0.8533263206481934,-0.007508238147420343,0.0064794687,0.0003,0.2,0.04814453125,1483754.625
336.0,16597.61138956,44,22,3922,90112,430,3166298.41953125,-3.7604974061250687,0.060839712619781494,0.8522809147834778,-0.004670828134112526,0.005103469,0.0003,0.2,0.0255859375,1559467.375
336.0,18019.64037388,45,22,4007,92160,440,4079560.36484375,-3.750427461415529,0.02770233154296875,0.8476149439811707,-0.002478448555484647,0.0034924669,0.0003,0.2,0.012158203125,2960916.5
336.0,18659.38382748,46,23,4095,94208,450,3651086.1328125,-3.739871755987406,0.03221970796585083,0.8459394574165344,-0.005204831603623461,0.0058095166,0.0003,0.2,0.03876953125,1902808.875
336.0,19216.205433749998,47,22,4185,96256,460,3848621.37734375,-3.7284998036921024,0.03598982095718384,0.8423892855644226,-0.0034802241389115807,0.0044792043,0.0003,0.2,0.0291015625,1873635.125
336.0,20660.79969858,48,22,4276,98304,470,5506518.3375,-3.718253652006388,0.04461967945098877,0.8405844569206238,-0.008846880712371784,0.008973043,0.0003,0.2,0.07353515625,2872009.0
336.0,21816.282746219997,49,22,4367,100352,480,4168499.525,-3.713062156736851,0.05002254247665405,0.8399059176445007,-0.010558606552513084,0.0066393698,0.0003,0.2,0.060791015625,1940137.875
336.0,23534.487293950002,50,22,4456,102400,490,3913234.87265625,-3.710035739094019,0.052654922008514404,0.8390493392944336,-0.003638219301501522,0.0035381042,0.0003,0.2,0.017236328125,1647613.0
336.0,23338.51649944,51,22,4547,104448,500,3766140.19765625,-3.7122910261154174,0.056544721126556396,0.8400246500968933,-0.0032108372688526288,0.0037062652,0.0003,0.2,0.0126953125,1917421.125
336.0,24900.643064339998,52,22,4637,106496,510,8827478.97265625,-3.717761691659689,0.039952218532562256,0.8428451418876648,-0.0060538062112755146,0.0052220393,0.0003,0.2,0.0193359375,2294810.0
336.0,26224.93962892,53,22,4724,108544,520,3340442.546875,-3.7238786943256854,0.07075881958007812,0.8451428413391113,-0.006740567689121235,0.005916469,0.0003,0.2,0.043115234375,1598051.75
336.0,28305.692574729997,54,22,4814,110592,530,3884445.94375,-3.715329845994711,0.07938551902770996,0.8394799828529358,-0.007367695806897246,0.005811052,0.0003,0.2,0.045751953125,1848149.125
336.0,28660.816531080003,55,22,4904,112640,540,2963834.792578125,-3.6991870239377023,0.04231351613998413,0.8365026116371155,-0.004518603593169246,0.004711644,0.0003,0.2,0.02529296875,1552632.875
336.0,29660.70857783,56,22,4999,114688,550,4388327.51953125,-3.6909709863364695,0.04534381628036499,0.8346037864685059,-0.006304538346012123,0.006472619,0.0003,0.2,0.05869140625,2721490.5
336.0,30865.879347639995,57,22,5094,116736,560,3564835.25078125,-3.675742424279451,0.05828750133514404,0.8284662365913391,-0.0036986152481404133,0.0049551157,0.0003,0.2,0.048583984375,1958472.75
336.0,31465.636565599994,58,22,5185,118784,570,3170066.15859375,-3.65736825093627,0.02692878246307373,0.8251798748970032,-0.0038040206120058427,0.004184765,0.0003,0.2,0.0236328125,1716517.125
336.0,31804.488610290005,59,22,5277,120832,580,2874497.82890625,-3.6419755071401596,0.0046405792236328125,0.820262610912323,-0.008579039611504413,0.007392412,0.0003,0.2,0.069921875,1566827.75
336.0,31605.797147020003,60,22,5370,122880,590,3412603.0203125,-3.6299495227634906,0.018656790256500244,0.8187368512153625,-0.004710699021234177,0.005220405,0.0003,0.2,0.03662109375,1818403.5
336.0,32004.361632800006,61,22,5460,124928,600,3300812.23828125,-3.623722992092371,0.019368231296539307,0.8174359202384949,-0.0048074925929540765,0.004442297,0.0003,0.2,0.029296875,1477162.75
336.0,31604.974355800005,62,22,5552,126976,610,3096266.1765625,-3.6265219286084176,0.009382843971252441,0.8204078078269958,-0.005911232543439837,0.0063994695,0.0003,0.2,0.046435546875,1397995.75
336.0,32412.283056419998,63,22,5644,129024,620,2930651.3328125,-3.6260613463819027,0.007652461528778076,0.8173127770423889,-0.006497780600329861,0.00467726,0.0003,0.2,0.04951171875,1276940.5
336.0,32747.603498179997,64,22,5733,131072,630,3999645.5890625,-3.618950220942497,0.04358482360839844,0.8174870014190674,-0.003918008640175686,0.003763835,0.0003,0.2,0.013623046875,1854834.5
336.0,33139.90351642,65,22,5826,133120,640,3580616.91640625,-3.6157392874360084,0.03318309783935547,0.8167800307273865,-0.005980524842743762,0.005852882,0.0003,0.2,0.037548828125,1678982.125
336.0,33271.47496936,66,22,5919,135168,650,4194984.571875,-3.6122697539627553,0.05622738599777222,0.8157380223274231,-0.0033233605383429675,0.0037757587,0.0003,0.2,0.01123046875,2131551.25
336.0,33326.674658790005,67,22,6007,137216,660,4193998.16328125,-3.6110981151461603,0.04602843523025513,0.8160330653190613,-0.008973823430278572,0.008389554,0.0003,0.2,0.06953125,2312425.5
336.0,32872.88637856,68,22,6089,139264,670,3793874.19375,-3.60358215123415,0.07145297527313232,0.8128252625465393,-0.005585260868974729,0.006671485,0.0003,0.2,0.046728515625,1799191.875
336.0,32673.883352619996,69,22,6171,141312,680,13194220.778125,-3.589580327272415,0.04836416244506836,0.8096434473991394,-0.006920487951720134,0.0060478863,0.0003,0.2,0.029833984375,4149360.5
336.0,32312.64791943,70,22,6253,143360,690,5861299.66796875,-3.5894379414618016,0.05796611309051514,0.8122068047523499,-0.005318952726520365,0.0065766433,0.0003,0.2,0.040673828125,4060451.25
336.0,31643.648779560008,71,22,6336,145408,700,5198313.87578125,-3.597421187162399,0.07896238565444946,0.8134346008300781,-0.00416821653561783,0.0044308486,0.0003,0.2,0.028857421875,1709626.25
336.0,31058.775556470002,72,22,6420,147456,710,12670404.37890625,-3.5942807331681252,0.04720580577850342,0.8113409876823425,-0.007178665582614485,0.0064270995,0.0003,0.2,0.047998046875,8326187.5
336.0,31451.147618110004,73,22,6503,149504,720,9542485.98359375,-3.5915686547756196,0.05704313516616821,0.8111858367919922,-0.005335783102782443,0.005212098,0.0003,0.2,0.037451171875,4632090.5
336.0,30630.53104758,74,23,6586,151552,730,3347863.95,-3.5946263916790486,0.09285306930541992,0.8131653666496277,-0.004217794605938252,0.0042547775,0.0003,0.2,0.01923828125,1603047.125
336.0,30008.814319579997,75,23,6671,153600,740,7713484.3,-3.6014112904667854,0.06492537260055542,0.8146050572395325,-0.002610308976727538,0.002845286,0.0003,0.2,0.004150390625,4108590.5
336.0,29818.765551719996,76,23,6754,155648,750,5757803.52109375,-3.604695272445679,0.08678674697875977,0.8153848648071289,-0.0053615130302205214,0.0053694416,0.0003,0.2,0.026953125,3347352.25
336.0,29138.57259025,77,23,6837,157696,760,4259721.77265625,-3.603875656425953,0.0951337218284607,0.8147199749946594,-0.0001948915174580179,0.009639988,0.0003,0.2,0.087451171875,1562866.25
336.0,28242.03804767,78,23,6936,159744,770,4637297.03046875,-3.5974125780165194,0.09048104286193848,0.8131747245788574,-0.007163541090267245,0.006494729,0.0003,0.2,0.05107421875,1744442.25
336.0,27112.314680189997,79,23,7023,161792,780,7221275.0984375,-3.585902263224125,0.06291323900222778,0.8099899291992188,-0.004624690721539082,0.0060262205,0.0003,0.2,0.0416015625,2723984.25
336.0,27003.233467360005,80,23,7109,163840,790,5146836.48359375,-3.5829584293067454,0.09381967782974243,0.8132264614105225,-0.0031334616993262897,0.0041302554,0.0003,0.2,0.0123046875,2286416.0
336.0,26033.131353359997,81,23,7197,165888,800,3845222.0203125,-3.5877344593405724,0.0962342619895935,0.8147302269935608,-0.003297263948479667,0.0033259396,0.0003,0.2,0.012548828125,1874227.875
336.0,24496.386334569994,82,23,7284,167936,810,5635895.88515625,-3.5889868184924127,0.0835341215133667,0.8158618807792664,-0.003004393761511892,0.005061662,0.0003,0.2,0.035400390625,2252398.75
336.0,22520.299166119996,83,23,7370,169984,820,13875343.26953125,-3.5900505028665064,0.06112051010131836,0.8156779408454895,-0.0029607653232233133,0.0037397053,0.0003,0.2,0.012841796875,4642422.0
336.0,21705.709301139996,84,23,7457,172032,830,14903577.42578125,-3.5883235312998294,0.07610273361206055,0.8148050308227539,-0.006237400379905012,0.0038641677,0.0003,0.2,0.018896484375,11055690.0
336.0,21139.71731337,85,23,7544,174080,840,21194789.015625,-3.590337038040161,0.06509751081466675,0.8161497712135315,-0.0018409202253678813,0.0024586795,0.0003,0.2,0.006005859375,13469995.0
336.0,19793.83249471,86,23,7653,176128,850,15205466.7234375,-3.5891552083194256,0.0720374584197998,0.814572811126709,-0.003498039167607203,0.0029239825,0.0003,0.2,0.00576171875,12685744.0
336.0,19539.192425690002,87,23,7739,178176,860,14108883.871875,-3.5863815300166606,0.07069230079650879,0.8143544793128967,-0.006358212798659224,0.0059883376,0.0003,0.2,0.0333984375,8712351.0
336.0,18958.235171309996,88,23,7822,180224,870,9724508.07578125,-3.582122365385294,0.10249507427215576,0.8119919896125793,-0.0031639403809094802,0.003989023,0.0003,0.2,0.0072265625,6067846.0
336.0,17728.579249950002,89,23,7905,182272,880,10411615.93984375,-3.575389747321606,0.09071820974349976,0.8111221790313721,-0.006388475534913595,0.005562951,0.0003,0.2,0.0251953125,6729322.5
336.0,17018.57091132,90,23,7990,184320,890,10595839.2890625,-3.575125162303448,0.09941500425338745,0.811406135559082,-0.002851500565884635,0.0044132136,0.0003,0.2,0.008984375,4111478.0
336.0,16130.248039580003,91,23,8074,186368,900,5808504.0734375,-3.5713766418397426,0.10407155752182007,0.8091761469841003,-0.004605965349037433,0.0037938452,0.0003,0.2,0.010888671875,1191658.875
336.0,15987.105111989998,92,23,8158,188416,910,14202372.446875,-3.568318159133196,0.08816051483154297,0.8091502785682678,-0.0033374637816450557,0.002180101,0.0003,0.2,0.004345703125,7494598.0
336.0,15325.104820670002,93,23,8241,190464,920,5988118.43125,-3.5649632208049296,0.10560804605484009,0.8064680099487305,-0.0018911562161520123,0.0028527756,0.0003,0.2,0.01181640625,3713691.75
336.0,14890.720147580001,94,23,8322,192512,930,10454950.0484375,-3.5523806363344193,0.09713244438171387,0.8024716973304749,-0.004348164959810674,0.004622237,0.0003,0.2,0.019287109375,6883879.0
336.0,15192.18332345,95,23,8404,194560,940,15092213.453125,-3.545921329408884,0.08170849084854126,0.8023101687431335,-0.0036908799505908974,0.0040026247,0.0003,0.2,0.01044921875,9828334.0
336.0,15391.204937290002,96,23,8486,196608,950,4449550.06640625,-3.5407932579517363,0.14075928926467896,0.800440788269043,-0.0038627232766884844,0.005844399,0.0003,0.2,0.019140625,1911196.125
336.0,15617.436993079999,97,23,8567,198656,960,4184717.275,-3.5269314110279084,0.11190134286880493,0.7964285016059875,-0.004600523471890483,0.005329118,0.0003,0.2,0.03662109375,1907715.875
336.0,15037.21005828,98,23,8649,200704,970,4372188.21796875,-3.513454882055521,0.13200414180755615,0.7932960391044617,-0.004289673289167695,0.005605575,0.0003,0.2,0.035693359375,1741299.375
336.0,14686.77659812,99,23,8732,202752,980,13163355.996875,-3.505802367627621,0.0946580171585083,0.7925499081611633,-0.002777934481855482,0.0056012515,0.0003,0.2,0.058837890625,7613830.0
336.0,14837.694796940003,100,23,8814,204800,990,12869315.00546875,-3.503321923315525,0.10365152359008789,0.7919772267341614,-0.0029061271336104253,0.0044015087,0.0003,0.2,0.0240234375,4976360.0
336.0,15303.516174909999,101,23,8895,206848,1000,13851997.7328125,-3.5012929953634737,0.0889822244644165,0.7913868427276611,-0.0043516769001143984,0.005094923,0.0003,0.2,0.020654296875,7553765.5
336.0,16207.21897257,102,23,8978,208896,1010,9682652.3078125,-3.500934337079525,0.10920989513397217,0.7914193272590637,-0.004220067692222074,0.0046611335,0.0003,0.2,0.017919921875,3144189.25
336.0,17671.47967688,103,23,9064,210944,1020,5390476.63125,-3.5002980016171934,0.14230769872665405,0.7913516163825989,-0.003122908595832996,0.0038412055,0.0003,0.2,0.01455078125,2878204.5
336.0,18671.10328688,104,23,9148,212992,1030,9947583.0625,-3.501433951407671,0.08803170919418335,0.7925601601600647,-0.004069439199520275,0.0059125815,0.0003,0.2,0.039501953125,9602461.0
336.0,19383.29810458,105,23,9230,215040,1040,4578175.88984375,-3.499990130960941,0.143660306930542,0.7905209064483643,-0.006148833320185077,0.006400059,0.0003,0.2,0.0466796875,2220281.0
336.0,19667.961390239998,106,23,9312,217088,1050,8514839.16796875,-3.491103671491146,0.10466581583023071,0.7883355021476746,-0.00436033694568323,0.0048473044,0.0003,0.2,0.020458984375,5483421.5
336.0,20966.58171463,107,23,9395,219136,1060,7685327.14453125,-3.4852327816188335,0.11122047901153564,0.7877545356750488,-0.0010701512670493684,0.01834428,0.0003,0.2,0.05419921875,2796488.0
336.0,20571.379122050002,108,23,9477,221184,1070,7986397.17421875,-3.4876671954989433,0.12128299474716187,0.790322482585907,-0.00579474100668449,0.004767535,0.0003,0.2,0.01552734375,3899037.5
336.0,20434.054952360002,109,23,9559,223232,1080,10385477.68828125,-3.4904971733689307,0.10640579462051392,0.7894290089607239,-0.003223021627491107,0.0036995693,0.0003,0.2,0.006640625,2638457.75
336.0,20233.836255449998,110,23,9640,225280,1090,7633920.4703125,-3.4891908705234527,0.1375652551651001,0.7888619303703308,-0.0025804272285313346,0.0039806785,0.0003,0.2,0.012353515625,3376974.75
336.0,20813.25269178,111,23,9719,227328,1100,4906629.56328125,-3.4851702742278574,0.15204107761383057,0.7883999347686768,-0.002357392389967572,0.003425295,0.0003,0.2,0.009619140625,2344059.75
336.0,20962.67148556,112,23,9798,229376,1110,7717582.08828125,-3.48428645208478,0.11488741636276245,0.7889523506164551,-0.0022644154109002558,0.002696922,0.0003,0.2,0.002294921875,2109832.25
336.0,21176.677480219998,113,23,9877,231424,1120,3717981.28515625,-3.4873401671648026,0.10141462087631226,0.7903168797492981,-0.004128893076267559,0.0056568077,0.0003,0.2,0.031591796875,1834544.75
336.0,22089.30541917,114,23,9956,233472,1130,3383819.303125,-3.4948696956038474,0.133212149143219,0.79246586561203,-0.002856696346862009,0.00714923,0.0003,0.2,0.059130859375,1753942.5
336.0,24130.518117219995,115,23,10035,235520,1140,4705671.98359375,-3.4896023511886596,0.11486005783081055,0.7878520488739014,-0.005686395199882099,0.006642637,0.0003,0.2,0.036279296875,2104543.0
336.0,25086.877657910005,116,23,10114,237568,1150,5709384.584375,-3.4801882296800613,0.10111761093139648,0.7875876426696777,-0.001939828513422981,0.0022495012,0.0003,0.2,0.007470703125,1943993.625
336.0,25854.645567040003,117,23,10193,239616,1160,10323680.9046875,-3.4788848876953127,0.0881691575050354,0.7872781753540039,-0.0025595028724637813,0.0022189738,0.0003,0.2,0.003759765625,5298344.5
336.0,26429.319009569994,118,23,10273,241664,1170,6095404.7328125,-3.47489989772439,0.1251838207244873,0.7851171493530273,-0.0036493564606644214,0.004775129,0.0003,0.2,0.015234375,4103057.5
336.0,25896.758151339996,119,23,10355,243712,1180,4343398.81015625,-3.45877395644784,0.08164101839065552,0.7795543074607849,-0.004742165522475261,0.0048264554,0.0003,0.2,0.0228515625,2123261.75
336.0,26347.55415748,120,23,10440,245760,1190,3219772.93046875,-3.4493227913975715,0.14641469717025757,0.7801193594932556,-0.007901641813077731,0.0066227056,0.0003,0.2,0.055859375,1670245.75
336.0,27661.138929610002,121,23,10541,247808,1200,5064331.9546875,-3.447385191172361,0.11012274026870728,0.7797388434410095,-0.007413400257792091,0.006153862,0.0003,0.2,0.054296875,2457588.0
336.0,28781.52859641,122,23,10651,249856,1210,4326631.01484375,-3.443066192418337,0.06845206022262573,0.7795662879943848,-0.005412179339327849,0.00604589,0.0003,0.2,0.03994140625,2112412.5
336.0,28977.910144259993,123,23,10735,251904,1220,3359004.678125,-3.44032648652792,0.05568122863769531,0.7788628935813904,-0.006307447027938906,0.006191867,0.0003,0.2,0.05537109375,1650503.125
336.0,30049.072956370004,124,23,10819,253952,1230,5499400.8671875,-3.441294142603874,0.12496781349182129,0.7800403237342834,-0.0037253979928209445,0.0043756915,0.0003,0.2,0.01865234375,3071181.5
336.0,30579.75152687,125,23,10900,256000,1240,4741091.31328125,-3.439486788958311,0.11575204133987427,0.7796733379364014,-0.003480537845462095,0.00589638,0.0003,0.2,0.0314453125,2280806.0
336.0,31411.091794219996,126,23,10980,258048,1250,6642116.703125,-3.4402818717062473,0.11546719074249268,0.7802903056144714,-0.0011289007612504064,0.004102947,0.0003,0.2,0.016162109375,4630758.0
336.0,31164.437772950005,127,23,11060,260096,1260,5896875.6359375,-3.4440930664539335,0.13637489080429077,0.7815194129943848,-0.005569816137722228,0.0048653344,0.0003,0.2,0.032861328125,2442592.25
336.0,29172.465407410004,128,23,11139,262144,1270,6682787.3921875,-3.4401551604270937,0.13422399759292603,0.7794616222381592,-0.006150161403638776,0.0049845157,0.0003,0.2,0.033740234375,2848614.75
336.0,28620.76245701,129,23,11218,264192,1280,17858356.4265625,-3.4379537776112556,0.10588037967681885,0.7800377011299133,0.007423053302045446,0.049229845,0.0003,0.2,0.044580078125,10571207.0
336.0,27393.173719630006,130,23,11298,266240,1290,5206529.99609375,-3.4382098466157913,0.17567962408065796,0.7792560458183289,-0.0030521135486196727,0.0055112056,0.0003,0.2,0.019091796875,2355738.25
336.0,26677.759983530003,131,23,11378,268288,1300,6689027.765625,-3.4377030320465565,0.14504659175872803,0.7795286774635315,-0.004449677858792711,0.0031786768,0.0003,0.2,0.012353515625,3128450.5
336.0,26417.317037490007,132,23,11459,270336,1310,5048563.37109375,-3.4345784351229667,0.17573976516723633,0.7776409983634949,-0.000913957750890404,0.0045995037,0.0003,0.2,0.016650390625,2157244.5
336.0,26964.455692950003,133,23,11540,272384,1320,10949884.084375,-3.4218580320477487,0.10893642902374268,0.7739624381065369,-0.006725099436152959,0.009019542,0.0003,0.2,0.05703125,7526721.0
336.0,26340.039683230003,134,23,11620,274432,1330,4406553.9015625,-3.419831994920969,0.15163159370422363,0.7754872441291809,-0.0030560091290681157,0.0035063329,0.0003,0.2,0.018359375,1396277.625
336.0,26570.92239638,135,23,11700,276480,1340,3162277.99375,-3.4252035528421403,0.2087785005569458,0.7779472470283508,-0.004961834187270142,0.005239862,0.0003,0.2,0.0365234375,1770321.375
336.0,26366.731310490002,136,23,11780,278528,1350,4369513.925,-3.426393697410822,0.18781757354736328,0.7766947746276855,-0.004379137221985729,0.0050297445,0.0003,0.2,0.02802734375,2497076.25
336.0,25988.18107339001,137,23,11860,280576,1360,3054721.323046875,-3.414302358031273,0.1380915641784668,0.7711145281791687,-0.004130143976362887,0.00674524,0.0003,0.2,0.041552734375,1820057.75
336.0,25001.99710266,138,23,11938,282624,1370,4550208.97265625,-3.4015224769711496,0.16582608222961426,0.7693922519683838,-0.005291008645144757,0.0060512554,0.0003,0.2,0.04794921875,2353601.75
336.0,24931.47384321,139,23,12018,284672,1380,7977506.88125,-3.3974708430469036,0.14223051071166992,0.7688809037208557,-0.0016170677059562876,0.0027295635,0.0003,0.2,0.00478515625,3327524.0
336.0,24281.660266630002,140,23,12097,286720,1390,7827519.53984375,-3.3950892329216003,0.1360710859298706,0.7686932682991028,-0.004936689856185695,0.0036110983,0.0003,0.2,0.01689453125,2472377.0
336.0,24203.524291190006,141,23,12175,288768,1400,4783407.12890625,-3.3986804209649564,0.16383230686187744,0.7712634205818176,-0.006280972414242569,0.0062084123,0.0003,0.2,0.035205078125,2388659.0
336.0,24392.370846020007,142,23,12256,290816,1410,6287181.41171875,-3.39774159938097,0.1388005018234253,0.7683770656585693,-0.0067825573947629895,0.004554355,0.0003,0.2,0.032763671875,3233507.75
336.0,23995.03636291,143,23,12336,292864,1420,5758108.037890625,-3.3917360745370386,0.12159109115600586,0.7692167162895203,-0.0034093617410690057,0.003833254,0.0003,0.2,0.015087890625,1420800.25
336.0,25029.469833900002,144,23,12416,294912,1430,5905006.81015625,-3.396565034240484,0.149003803730011,0.7707622647285461,-0.006019435667258222,0.0064670667,0.0003,0.2,0.033447265625,2015118.375
336.0,26703.13446772,145,23,12495,296960,1440,4170496.47890625,-3.3930069394409657,0.19341325759887695,0.7667582631111145,-0.005651114767533727,0.005871428,0.0003,0.2,0.037353515625,2251658.0
336.0,26557.180656110002,146,23,12578,299008,1450,5375671.40390625,-3.3872264996170998,0.1714351773262024,0.7676659226417542,-0.003142453754480812,0.0041074455,0.0003,0.2,0.01279296875,2749232.5
336.0,28087.35366906,147,23,12661,301056,1460,5449425.95546875,-3.382391647994518,0.16152870655059814,0.7644634246826172,-0.004407329707464669,0.011110927,0.0003,0.2,0.075390625,1772103.0
336.0,29032.90825425,148,23,12743,303104,1470,4854665.575,-3.3769405864179136,0.21132725477218628,0.7641019225120544,-0.004189472942380234,0.0048340205,0.0003,0.2,0.0208984375,2250868.75
336.0,28423.505450750003,149,23,12825,305152,1480,3307113.4375,-3.3718653447926044,0.1552007794380188,0.761378824710846,-0.004294476662471425,0.00543107,0.0003,0.2,0.031298828125,1636949.0
336.0,28802.17585812,150,23,12905,307200,1490,5965167.065625,-3.3737186044454575,0.161243736743927,0.7640113830566406,-0.0027539682487258688,0.0033979155,0.0003,0.2,0.012744140625,1611090.75
336.0,27315.298457740002,151,23,12984,309248,1500,5118756.46796875,-3.3791254341602324,0.1788044571876526,0.7638581395149231,-0.00511511473741848,0.0053746426,0.0003,0.2,0.035498046875,2317354.5
336.0,26469.15397089,152,23,13062,311296,1510,7711248.66015625,-3.3795874267816544,0.15898221731185913,0.7640285491943359,-0.0032378125019022264,0.0045638457,0.0003,0.2,0.016943359375,3612088.75
336.0,25928.079707059995,153,23,13140,313344,1520,9519006.26875,-3.3808480076491834,0.1621355414390564,0.7643343806266785,-0.0028197261846798936,0.0047936803,0.0003,0.2,0.018701171875,3870181.0
336.0,24949.63218871,154,23,13218,315392,1530,6657493.61484375,-3.375329016894102,0.17613810300827026,0.7606132626533508,-0.005501848382118623,0.004681004,0.0003,0.2,0.0296875,2394789.5
336.0,25070.268640300004,155,23,13296,317440,1540,10968279.73515625,-3.3644515596330167,0.14922934770584106,0.7583653330802917,-0.004422746272030054,0.005657279,0.0003,0.2,0.029931640625,3802302.0
336.0,26353.134404110002,156,23,13373,319488,1550,4594441.3578125,-3.364534392952919,0.18626219034194946,0.7608054280281067,-0.003271034746649093,0.0050233034,0.0003,0.2,0.03056640625,2699724.75
336.0,25103.462060360005,157,23,13451,321536,1560,3173054.98046875,-3.3692973852157593,0.24002045392990112,0.760810911655426,-0.005150566016163793,0.0055005867,0.0003,0.2,0.0259765625,1510642.125
336.0,25217.23869091,158,23,13530,323584,1570,14262134.6640625,-3.3706620529294016,0.1270931363105774,0.7617331147193909,-0.002467711495410185,0.0029899394,0.0003,0.2,0.006005859375,3916231.0
336.0,25653.758077499995,159,23,13609,325632,1580,7338993.190625,-3.368522135913372,0.1720983386039734,0.7607242465019226,0.008085418432892766,0.013264349,0.0003,0.2,0.16875,3282152.5
336.0,25777.359149689997,160,23,13687,327680,1590,3917080.30390625,-3.3667341440916063,0.22759801149368286,0.760864794254303,-0.006421102995955152,0.007083355,0.0003,0.2,0.04423828125,1913409.125
336.0,25065.599488020005,161,23,13766,329728,1600,6037200.69921875,-3.3734033785760404,0.19056850671768188,0.7636573314666748,-0.004080899395194138,0.004294798,0.0003,0.2,0.01796875,3854719.5
336.0,24389.99565018,162,23,13844,331776,1610,10379353.2703125,-3.376115967333317,0.1425113081932068,0.7628220915794373,-0.004066347230400424,0.0047047036,0.0003,0.2,0.0154296875,4712903.0
336.0,23557.717365630007,163,23,13924,333824,1620,12423004.6234375,-3.370254319906235,0.15150505304336548,0.7602870464324951,-0.003001622302690521,0.0049279276,0.0003,0.2,0.0091796875,5419593.5
336.0,22333.662951769995,164,23,14004,335872,1630,9491343.3609375,-3.3648786336183547,0.1528192162513733,0.7600173950195312,-0.0036204851865477396,0.0031808354,0.0003,0.2,0.004150390625,5379814.0
336.0,21543.99544795,165,23,14083,337920,1640,10843672.31953125,-3.3649319857358932,0.14774155616760254,0.7603549957275391,-0.005044698754500132,0.004518517,0.0003,0.2,0.018017578125,7472716.5
336.0,19580.91938798,166,24,14161,339968,1650,11516901.51171875,-3.3655640140175818,0.14928138256072998,0.7605125308036804,-0.00523723713849904,0.0044960734,0.0003,0.2,0.021728515625,3653191.25
336.0,19441.88299464,167,24,14240,342016,1660,18068801.765625,-3.3675104029476643,0.15101510286331177,0.7608749270439148,-0.001984575326059712,0.0015426147,0.0003,0.2,0.00078125,3629354.25
336.0,19736.02963588,168,24,14319,344064,1670,7693056.325,-3.369083307683468,0.21882402896881104,0.7616899609565735,-0.0011836450859846082,0.0008536387,0.0003,0.2,0.00078125,2963882.75
336.0,19830.522212850003,169,24,14398,346112,1680,11061047.3734375,-3.369797061383724,0.1701764464378357,0.7611894011497498,-0.00266252288420219,0.0020710274,0.0003,0.2,0.001416015625,8358120.0
336.0,21026.24362305,170,24,14477,348160,1690,5269305.71015625,-3.370485123246908,0.23979657888412476,0.7610184550285339,-0.005693922065984225,0.0058351466,0.0003,0.2,0.03544921875,1845129.875
336.0,19664.00087709,171,24,14557,350208,1700,3116743.0671875,-3.3648368678987026,0.25497645139694214,0.7588527798652649,-0.003925494529539719,0.0043137614,0.0003,0.2,0.025146484375,1730560.25
336.0,17201.345887790005,172,24,14636,352256,1710,12716741.39140625,-3.359883823245764,0.1502968668937683,0.7587763667106628,-0.0034823832102119923,0.0052075405,0.0003,0.2,0.02568359375,8856796.0
336.0,16322.592000720002,173,24,14715,354304,1720,17256826.8875,-3.362096956372261,0.17078620195388794,0.7594397664070129,-0.002334380584215978,0.002215893,0.0003,0.2,0.00185546875,10448765.0
336.0,16441.43945909,174,24,14795,356352,1730,19159786.615625,-3.3621825486421586,0.142619788646698,0.7584725022315979,-0.001884652367880335,0.0010547752,0.0003,0.2,0.004638671875,12584208.0
336.0,14242.6983125,175,24,14874,358400,1740,7515121.7625,-3.3591244176030157,0.21622496843338013,0.7580418586730957,-0.003411565251008142,0.0033416087,0.0003,0.2,0.006884765625,4124584.5
336.0,13755.735250499998,176,24,14954,360448,1750,20040516.2828125,-3.3562445431947707,0.1560693383216858,0.7568816542625427,-0.00223347776918672,0.0010459234,0.0003,0.2,0.00029296875,5295948.5
336.0,12435.76782281,177,24,15033,362496,1760,13474832.7734375,-3.352755919098854,0.1755605936050415,0.7560293078422546,-0.0016917651853873394,0.0010442517,0.0003,0.2,4.8828125e-05,5636424.0
336.0,11852.422136909996,178,24,15113,364544,1770,15690106.3578125,-3.3511798046529293,0.1799359917640686,0.7560152411460876,-0.0002791761660773773,0.0055698,0.0003,0.2,0.010888671875,8898264.0
336.0,9985.003406399997,179,24,15192,366592,1780,15248409.9765625,-3.351780056208372,0.17682504653930664,0.7564449310302734,-0.002377542691101553,0.0021732317,0.0003,0.2,0.003466796875,8516856.0
336.0,10209.60303017,180,24,15271,368640,1790,22526281.2015625,-3.3517041243612766,0.1575602889060974,0.7559514045715332,-0.0009491490505752154,0.0008809924,0.0003,0.2,0.000439453125,12300672.0
336.0,8518.60425882,181,24,15350,370688,1800,15718963.821875,-3.3507000744342803,0.15674275159835815,0.7560411095619202,-0.0023108561887056566,0.0013272448,0.0003,0.2,0.001513671875,8229306.0
336.0,8795.22619301,182,24,15429,372736,1810,21993635.3046875,-3.3507053695619105,0.15360379219055176,0.7558762431144714,-0.0064982135314494375,0.0045195995,0.0003,0.2,0.020458984375,14497143.0
336.0,7061.70920527,183,24,15509,374784,1820,15775159.678125,-3.3503514632582663,0.16029483079910278,0.7551562190055847,-0.0020784812353667804,0.0034310273,0.0003,0.2,0.007763671875,2502598.75
336.0,6295.644940380002,184,24,15588,376832,1830,28468375.796875,-3.348577469587326,0.13840067386627197,0.7550094127655029,-0.0022229165173484945,0.0014682958,0.0003,0.2,0.002783203125,13032915.0
336.0,6394.6033729599985,185,24,15667,378880,1840,11904657.359375,-3.3473212361335754,0.1678832769393921,0.7543110251426697,-0.002748966944636777,0.002622266,0.0003,0.2,0.00263671875,4753455.0
336.0,5030.994530449999,186,24,15746,380928,1850,10071670.16640625,-3.3484056398272513,0.2158125638961792,0.7565064430236816,-0.002521393948700279,0.0028802706,0.0003,0.2,0.002783203125,2570789.5
336.0,4618.055608059998,187,24,15825,382976,1860,12587427.3875,-3.351127488911152,0.1774718165397644,0.7554860711097717,-0.0018027606944087892,0.0020757967,0.0003,0.2,0.003564453125,6485560.5
336.0,6000.65479098,188,24,15904,385024,1870,14024189.8359375,-3.3508410014212133,0.1483677625656128,0.7567453980445862,-0.004309935215860605,0.0028309703,0.0003,0.2,0.00498046875,11812616.0
336.0,5978.578437749999,189,24,15982,387072,1880,9032762.1515625,-3.3544988416135313,0.18450981378555298,0.7569632530212402,-0.003831063078541774,0.004594736,0.0003,0.2,0.018408203125,2549456.25
336.0,6255.731805400001,190,24,16061,389120,1890,13940025.659375,-3.3530424311757088,0.17921984195709229,0.7556230425834656,-0.0019253063728683628,0.0026870004,0.0003,0.2,0.003662109375,7196133.0
336.0,7175.0548781299985,191,24,16139,391168,1900,11756958.7328125,-3.3501332342624663,0.16743040084838867,0.7556169033050537,-0.0019647887238534167,0.004932002,0.0003,0.2,0.019921875,7543498.5
336.0,8472.15384741,192,24,16218,393216,1910,7573797.0734375,-3.3483088739216327,0.21947193145751953,0.7541627883911133,-0.0038000728163751774,0.0028561614,0.0003,0.2,0.007470703125,4612692.5
336.0,9848.91255576,193,24,16296,395264,1920,4232490.9890625,-3.3369179271161555,0.2831234335899353,0.7495614886283875,-0.0034750828737742266,0.0048648627,0.0003,0.2,0.019140625,2540300.75
336.0,11488.33429187,194,24,16378,397312,1930,4541671.4453125,-3.326575256884098,0.2584325671195984,0.7504323124885559,-0.004301594155549537,0.0036531931,0.0003,0.2,0.0119140625,3283367.0
336.0,12535.976985109997,195,24,16462,399360,1940,6975412.56328125,-3.325667230039835,0.20836913585662842,0.749141275882721,-0.004465411175624467,0.004168029,0.0003,0.2,0.022314453125,2876292.25
336.0,14232.290192700002,196,24,16545,401408,1950,4647700.18125,-3.320700888335705,0.23629814386367798,0.748521089553833,-0.0042458242976863405,0.0036095693,0.0003,0.2,0.023583984375,1749286.625
336.0,15403.827425130003,197,24,16628,403456,1960,3448328.181640625,-3.318684308230877,0.24199062585830688,0.7475641369819641,-0.005237823775678408,0.007686693,0.0003,0.2,0.0484375,1416649.5
336.0,16967.42885131,198,24,16714,405504,1970,3894349.67578125,-3.3244970783591272,0.2264454960823059,0.7509889006614685,-0.00037130671116756273,0.008539261,0.0003,0.2,0.03154296875,1349429.375
336.0,19538.22916419,199,24,16798,407552,1980,4550134.609375,-3.328692697733641,0.2358795404434204,0.7498627305030823,-0.00024186827067751437,0.046248727,0.0003,0.2,0.053076171875,2472555.0
336.0,20522.8291086,200,24,16880,409600,1990,7937348.1109375,-3.324441834539175,0.18485456705093384,0.7476550936698914,-0.0025522614479996262,0.0048323856,0.0003,0.2,0.03876953125,3434586.5
336.0,20758.365080099997,201,24,16959,411648,2000,6370485.3203125,-3.3183615058660507,0.2060999870300293,0.7468239665031433,0.007143161018029786,0.05763017,0.0003,0.2,0.075390625,1511573.25
336.0,21604.716359110003,202,24,17039,413696,2010,8950027.8296875,-3.3190723679959775,0.1904166340827942,0.7482295036315918,-0.0022896436064911542,0.004056519,0.0003,0.2,0.031396484375,10331449.0
336.0,22191.15022061,203,24,17115,415744,2020,6761533.0921875,-3.3213156975805758,0.222514808177948,0.7476317286491394,-0.005354954715585336,0.0056305323,0.0003,0.2,0.03916015625,2252216.25
336.0,23999.799224529994,204,24,17191,417792,2030,3699306.4484375,-3.320822815597057,0.19813793897628784,0.7480945587158203,-0.005228229441854637,0.005091989,0.0003,0.2,0.026953125,1477730.75
336.0,24407.59078339,205,24,17268,419840,2040,4221428.503125,-3.3251111656427383,0.2505189776420593,0.7496616244316101,-0.003531957100494765,0.0038422735,0.0003,0.2,0.0162109375,2498339.25
336.0,25862.672190530004,206,24,17345,421888,2050,5602468.0390625,-3.3342253819108008,0.20929956436157227,0.7533810138702393,-0.006937561673112214,0.0071636387,0.0003,0.2,0.05849609375,1588503.875
336.0,26158.29543288,207,24,17421,423936,2060,11943061.534375,-3.3367218442261217,0.1491512656211853,0.7511637806892395,-0.004783980202773819,0.006968029,0.0003,0.2,0.052587890625,5256836.5
336.0,25235.457253470002,208,24,17498,425984,2070,5181296.93984375,-3.3347600877285,0.21073508262634277,0.7524152398109436,-0.005080271835322492,0.0042752516,0.0003,0.2,0.025048828125,1849707.375
336.0,24758.153416270005,209,24,17575,428032,2080,4866325.834375,-3.337175466120243,0.25193870067596436,0.7524116635322571,-0.004728965387039352,0.0048113284,0.0003,0.2,0.022314453125,2322590.0
336.0,25164.69529716,210,24,17652,430080,2090,14295300.9625,-3.3377598993480206,0.18691235780715942,0.7525463104248047,-0.0024504111119313166,0.0037710196,0.0003,0.2,0.00556640625,4652753.0
336.0,24765.130641540003,211,24,17729,432128,2100,4271086.2359375,-3.3415440030395986,0.274611234664917,0.7543938755989075,-0.0025588142409105783,0.0032229056,0.0003,0.2,0.00908203125,2056100.25
336.0,24918.443912199997,212,24,17805,434176,2110,2906949.060546875,-3.3428661040961742,0.23298370838165283,0.7530333995819092,-0.0035948184289736674,0.0051314356,0.0003,0.2,0.03505859375,1325735.875
336.0,26016.29372033,213,24,17882,436224,2120,4170075.9734375,-3.3406134597957133,0.22784632444381714,0.7540645003318787,-0.00402799913281342,0.005579289,0.0003,0.2,0.03798828125,1459974.625
336.0,25041.78054947,214,24,17957,438272,2130,3174167.15,-3.3396408833563327,0.23258095979690552,0.7528203129768372,-0.007685475554171717,0.007113995,0.0003,0.2,0.04794921875,1577340.0
336.0,24731.814960130007,215,24,18035,440320,2140,12413927.9171875,-3.3364943370223044,0.1602286696434021,0.753006637096405,-0.0032857129539479502,0.004096552,0.0003,0.2,0.0171875,8208419.5
336.0,24415.527057319996,216,24,18112,442368,2150,6444259.82109375,-3.3421582855284213,0.20104795694351196,0.7564918398857117,-0.004474347381619737,0.004445466,0.0003,0.2,0.0212890625,3506755.5
336.0,25621.582893310002,217,24,18189,444416,2160,13640763.98359375,-3.347388853132725,0.17039334774017334,0.7562904357910156,-0.005136160943948198,0.007462344,0.0003,0.2,0.04736328125,4999162.5
336.0,25618.17123985,218,24,18266,446464,2170,3978256.68828125,-3.347943077236414,0.3062034845352173,0.757019579410553,-0.0037188390124356374,0.004003094,0.0003,0.2,0.024072265625,2475383.25
336.0,26652.600698479997,219,24,18344,448512,2180,6335728.3296875,-3.347375190258026,0.23630154132843018,0.7572780251502991,-0.0032841861677297855,0.0023687682,0.0003,0.2,0.00380859375,4806604.0
336.0,26080.021773299995,220,24,18419,450560,2190,3268401.1390625,-3.3442617140710356,0.26847904920578003,0.7544703483581543,-0.0039463549925130795,0.004893276,0.0003,0.2,0.01865234375,1568670.125
336.0,26206.493222249992,221,24,18496,452608,2200,3832818.32265625,-3.3384116254746914,0.22759407758712769,0.7540990710258484,-0.004999954020604491,0.005197281,0.0003,0.2,0.032763671875,1601364.5
336.0,25402.833010439997,222,24,18572,454656,2210,3056592.81171875,-3.3342911191284657,0.27601248025894165,0.7512953877449036,-0.003961282763339113,0.0039609624,0.0003,0.2,0.02265625,1659056.5
336.0,25126.368628780005,223,24,18648,456704,2220,10626637.80859375,-3.330979958176613,0.19531911611557007,0.7513239979743958,-0.0010467621999850963,0.0034457846,0.0003,0.2,0.002685546875,4562087.0
336.0,25507.879032359997,224,24,18724,458752,2230,4959156.0578125,-3.330749177932739,0.27513331174850464,0.7518455386161804,-0.0012765506573487074,0.0021669322,0.0003,0.2,0.0017578125,1453175.25
336.0,25982.200882630004,225,24,18801,460800,2240,3874670.678125,-3.331544864922762,0.3112873435020447,0.751366138458252,-0.0023046827853249853,0.0045859264,0.0003,0.2,0.00986328125,1328031.5
336.0,26154.926522750004,226,24,18878,462848,2250,4862306.39921875,-3.3303115971386434,0.29896676540374756,0.7509828209877014,-0.002981618815829279,0.00368352,0.0003,0.2,0.00791015625,2542003.0
336.0,25886.972147130004,227,24,18954,464896,2260,6356549.35625,-3.3274429768323897,0.26978224515914917,0.7497119307518005,-0.0014924469011020846,0.0023988327,0.0003,0.2,0.002490234375,3072632.5
336.0,26608.257975400003,228,24,19030,466944,2270,4838328.846875,-3.325759329646826,0.31847476959228516,0.7501491904258728,-0.002348308012005873,0.0037271301,0.0003,0.2,0.01533203125,1905520.5
336.0,26576.326118530003,229,24,19105,468992,2280,3256072.05390625,-3.3271175377070903,0.2991788387298584,0.7507779002189636,-0.004358468780992553,0.0052862307,0.0003,0.2,0.032421875,1464188.375
336.0,26170.93543443,230,24,19181,471040,2290,4016633.6546875,-3.3256411023437975,0.2503100037574768,0.7500813007354736,-0.0017763150317477994,0.0028633138,0.0003,0.2,0.004248046875,1881894.25
336.0,25731.50853479,231,24,19257,473088,2300,6427104.86328125,-3.3246771790087224,0.26327794790267944,0.7505932450294495,-0.0009960948300431482,0.012590025,0.0003,0.2,0.015576171875,2474497.75
336.0,27708.117882020004,232,24,19332,475136,2310,5331004.78828125,-3.326510667055845,0.3045017719268799,0.7509548664093018,-0.0030056903298827818,0.0038270312,0.0003,0.2,0.008984375,1570505.625
336.0,27732.2183511,233,24,19408,477184,2320,2949179.86640625,-3.327311432361603,0.3645032048225403,0.7501344680786133,-0.0028349272099148946,0.004250115,0.0003,0.2,0.008544921875,1265930.5
336.0,27146.31924977,234,24,19484,479232,2330,3409062.040625,-3.33427816927433,0.18411171436309814,0.754066526889801,-0.0063212719207513144,0.023433862,0.0003,0.2,0.06015625,1769177.5
336.0,26563.562543989996,235,24,19560,481280,2340,5662642.2625,-3.3412149876356123,0.24529612064361572,0.7543817162513733,-0.002379485523852054,0.0023007048,0.0003,0.2,0.003515625,2892780.0
336.0,25589.4913851,236,24,19636,483328,2350,4109768.396875,-3.340441908687353,0.3668751120567322,0.7534218430519104,-0.002400457656767685,0.003179071,0.0003,0.2,0.00546875,2247809.0
336.0,25396.40061149,237,24,19711,485376,2360,8334874.38515625,-3.3406163856387137,0.23197311162948608,0.7541093230247498,0.0014920625973900315,0.010044428,0.0003,0.2,0.02421875,2167540.0
336.0,25425.06671637,238,24,19786,487424,2370,4674878.85625,-3.342956218868494,0.345872700214386,0.7544805407524109,-0.003956519372877665,0.0046541025,0.0003,0.2,0.021630859375,3639904.0
336.0,27310.148248439993,239,24,19861,489472,2380,4256334.79453125,-3.3434594802558424,0.27607548236846924,0.7539243698120117,-0.003815937707258854,0.0045545166,0.0003,0.2,0.022119140625,4225621.0
336.0,27723.855024099998,240,24,19937,491520,2390,2660007.726171875,-3.3364511325955393,0.3034760355949402,0.7512238621711731,-0.006137591855076607,0.006755155,0.0003,0.2,0.061083984375,1171635.75
336.0,27581.26774122,241,24,20013,493568,2400,3135414.23203125,-3.3260703392326834,0.270660400390625,0.7489780783653259,-0.004958717785484623,0.0052495487,0.0003,0.2,0.039794921875,1440946.25
336.0,28374.328614500002,242,24,20089,495616,2410,3814704.1796875,-3.3196323081851005,0.25737595558166504,0.7470893859863281,-0.005771198398724664,0.005755952,0.0003,0.2,0.041552734375,1567447.5
336.0,27652.538552340004,243,24,20165,497664,2420,3273709.1265625,-3.3148150734603403,0.29860812425613403,0.747515857219696,-0.005076914859819226,0.0047484767,0.0003,0.2,0.023828125,1884599.125
336.0,27720.934407509998,244,24,20242,499712,2430,4162802.71875,-3.3144184917211534,0.28859466314315796,0.7473509311676025,-0.0031589860489475543,0.006742658,0.0003,0.2,0.052099609375,1648463.5
336.0,26069.431767410002,245,24,20319,501760,2440,5098548.5515625,-3.3162114396691322,0.2730886936187744,0.747929036617279,-0.003495957737322897,0.0051397593,0.0003,0.2,0.0203125,2779743.0
336.0,24989.660847220002,246,24,20396,503808,2450,11225371.7734375,-3.3171007968485355,0.21709662675857544,0.747225821018219,-0.0034213537743198684,0.0034854552,0.0003,0.2,0.006494140625,5079131.0
336.0,23105.50334396,247,24,20472,505856,2460,14907522.571875,-3.313982207328081,0.19835740327835083,0.7462460994720459,-0.0016255270369583742,0.0017488971,0.0003,0.2,0.0025390625,4555827.0
336.0,20987.23249061,248,24,20549,507904,2470,30354099.5046875,-3.310820505768061,0.15108227729797363,0.7456404566764832,-0.0009872286886093208,0.0003349983,0.0003,0.2,0.000390625,11996291.0
336.0,18534.62743158,249,24,20624,509952,2480,22151474.290625,-3.3094928726553916,0.19249337911605835,0.7455903887748718,-0.002062437647691695,0.0028037955,0.0003,0.2,0.00244140625,12360229.0
336.0,16657.89397585,250,24,20700,512000,2490,30231351.64453125,-3.309238585084677,0.14166128635406494,0.7455876469612122,-0.0010802280114148744,0.0005764579,0.0003,0.2,0.0,16318044.0
336.0,15214.088019299996,251,24,20775,514048,2500,24512343.5328125,-3.309308544546366,0.16900944709777832,0.7454988956451416,-0.0017313636635662988,0.0012218864,0.0003,0.2,0.000927734375,13424014.0
336.0,13395.79366536,252,24,20852,516096,2510,27240903.0359375,-3.3088501669466495,0.17144560813903809,0.7452890276908875,-0.0010229270308627747,0.0005837437,0.0003,0.2,0.0,14885771.0
336.0,10781.407304790002,253,24,20928,518144,2520,18019253.940625,-3.307276590913534,0.1946008801460266,0.7447912096977234,-0.001138479385554092,0.0005479168,0.0003,0.2,0.000439453125,6926102.0
336.0,8214.224757420001,254,24,21005,520192,2530,36967713.7,-3.3067865781486034,0.162553608417511,0.7450368404388428,-0.0004891973738267552,0.0001724911,0.0003,0.2,0.0,16723150.0
336.0,5719.921142790001,255,24,21083,522240,2540,34301835.128125,-3.3079585663974287,0.16122251749038696,0.7452697157859802,-0.0003394747371203266,0.0020630278,0.0003,0.2,0.004345703125,14747852.0
336.0,4656.36720934,256,24,21159,524288,2550,24886197.9828125,-3.3085004173219206,0.17665594816207886,0.7454366683959961,-0.0006956687066121958,0.0007128392,0.0003,0.2,0.0,11088520.0
336.0,3369.1993956100005,257,24,21235,526336,2560,12796237.97421875,-3.306526508182287,0.20115160942077637,0.7442388534545898,-0.0016168335409020075,0.0014637052,0.0003,0.2,0.000439453125,7397967.5
336.0,241.50867792999986,258,24,21311,528384,2570,15935594.61328125,-3.3052607446908953,0.20173341035842896,0.7447287440299988,-0.005867198378109606,0.005926186,0.0003,0.2,0.039111328125,8211419.0
336.0,-1019.1555073300004,259,24,21387,530432,2580,27228342.1875,-3.306755302846432,0.1852644681930542,0.7443849444389343,-0.0008668875612784177,0.00028277977,0.0003,0.2,0.0,7293531.0
336.0,-1508.3871164899997,260,24,21463,532480,2590,13736133.42890625,-3.3052785985171793,0.17297232151031494,0.7440598011016846,-0.0011828994218376465,0.0013736533,0.0003,0.2,0.00263671875,4948618.5
336.0,-3188.5969625399994,261,24,21539,534528,2600,10313821.984375,-3.299425155669451,0.20627790689468384,0.7414529323577881,-0.001187324897182407,0.004429425,0.0003,0.2,0.0119140625,3912069.75
336.0,-2878.7913455800003,262,24,21616,536576,2610,22483294.9046875,-3.294052865356207,0.20316362380981445,0.7416183352470398,-0.004622465043212287,0.0023245295,0.0003,0.2,0.00693359375,8035814.0
336.0,-808.16014535,263,24,21693,538624,2620,11683415.46484375,-3.294315147399902,0.21414506435394287,0.7411069273948669,-0.0012679565857979468,0.0028596376,0.0003,0.2,0.002685546875,5773160.0
336.0,624.3269646599998,264,24,21769,540672,2630,10855712.290625,-3.2938713029026987,0.20683801174163818,0.7418649792671204,-0.004127726350816374,0.0062632477,0.0003,0.2,0.0244140625,4215617.5
336.0,1408.423372890001,265,24,21845,542720,2640,5502350.24296875,-3.2954609274864195,0.29594892263412476,0.7410256266593933,-0.0043411791128164625,0.005866942,0.0003,0.2,0.02421875,3792247.75
336.0,-327.6995931899999,266,24,21921,544768,2650,11415108.4890625,-3.2951931923627855,0.24517518281936646,0.7414394021034241,-0.0038413931884861085,0.003950761,0.0003,0.2,0.017529296875,10298282.0
336.0,2363.058400919999,267,24,21996,546816,2660,38022454.8296875,-3.295349646359682,0.17047381401062012,0.741193950176239,-0.0026053629640955477,0.0012968187,0.0003,0.2,0.000341796875,18444436.0
336.0,4115.765468209999,268,24,22072,548864,2670,4321533.428125,-3.2925791278481484,0.24363738298416138,0.7404098510742188,-0.0043311780420481226,0.0058035236,0.0003,0.2,0.03359375,3563112.0
336.0,5226.442538130001,269,24,22148,550912,2680,9297354.2203125,-3.2833224654197695,0.2371392846107483,0.7379927039146423,-0.003001528192544356,0.0068987673,0.0003,0.2,0.0232421875,3221264.25
336.0,7904.359477019999,270,24,22224,552960,2690,7535745.53046875,-3.271454130113125,0.23667460680007935,0.7343108057975769,-0.003206828528345795,0.004486954,0.0003,0.2,0.017724609375,4512020.0
336.0,10000.90235789,271,24,22300,555008,2700,4611282.85703125,-3.2618000812828543,0.2807360291481018,0.7331786155700684,-0.0009643623925512657,0.01718589,0.0003,0.2,0.056591796875,2281893.0
336.0,12133.07181432,272,24,22375,557056,2710,7027770.7234375,-3.2611885771155356,0.2502783536911011,0.7332873344421387,-0.003117683733580634,0.004246229,0.0003,0.2,0.036376953125,2241396.75
336.0,14144.683593029997,273,24,22450,559104,2720,5816018.73984375,-3.2597944483160974,0.21525639295578003,0.7333512306213379,-0.004939737045788206,0.0066149775,0.0003,0.2,0.045849609375,3533213.0
336.0,15743.84467373,274,24,22527,561152,2730,3124482.11640625,-3.2535810552537443,0.2632455825805664,0.7309856414794922,-0.004766674712300301,0.0047594886,0.0003,0.2,0.023779296875,1448014.75
336.0,17326.133933589997,275,24,22603,563200,2740,3260926.339453125,-3.2445536509156225,0.29941052198410034,0.729233980178833,-0.0038022520777303724,0.005449711,0.0003,0.2,0.032568359375,1912669.25
336.0,18116.24300475,276,24,22679,565248,2750,8696136.02265625,-3.2421124249696733,0.2157914638519287,0.7292659282684326,-0.0014159188722260296,0.0037983395,0.0003,0.2,0.009912109375,6287296.0
336.0,19718.72313165,277,24,22754,567296,2760,3880452.465625,-3.238375650346279,0.2854369282722473,0.7265726923942566,-0.0053893914795480665,0.0067221997,0.0003,0.2,0.04765625,1839527.0
336.0,20569.705518360002,278,24,22830,569344,2770,8578058.5953125,-3.226275806128979,0.21489959955215454,0.723436176776886,-0.006510034522216301,0.006807569,0.0003,0.2,0.051123046875,3769445.0
336.0,20545.85629052,279,24,22905,571392,2780,2677486.4015625,-3.219391302019358,0.2413947582244873,0.7235305905342102,-0.005656752859795233,0.0062405556,0.0003,0.2,0.033935546875,1243330.125
336.0,20780.364853099996,280,24,22981,573440,2790,4810428.63515625,-3.21406005397439,0.29145151376724243,0.7209535241127014,-0.004371013308264083,0.004780649,0.0003,0.2,0.023876953125,2832030.25
336.0,22522.24579138,281,24,23056,575488,2800,8708350.20625,-3.20091290473938,0.19959670305252075,0.7181025147438049,-0.005277463307720609,0.007107011,0.0003,0.2,0.0314453125,5242766.5
336.0,24640.787524219995,282,24,23131,577536,2810,4015212.6984375,-3.195940548926592,0.2767202854156494,0.7180290222167969,-0.004213078203611076,0.00529384,0.0003,0.2,0.03740234375,1528644.75
336.0,25223.280921820002,283,24,23207,579584,2820,8098788.809375,-3.1968347668647765,0.22748136520385742,0.7189614772796631,-0.003902693014970282,0.0034455485,0.0003,0.2,0.01533203125,2712384.5
336.0,24870.001249340003,284,24,23282,581632,2830,3324781.30703125,-3.1939614944159986,0.279563844203949,0.7168638110160828,-0.0028497223007434513,0.003322754,0.0003,0.2,0.01640625,1823586.375
336.0,24505.118710060004,285,24,23358,583680,2840,5908594.3359375,-3.1859051272273065,0.31459295749664307,0.7155377268791199,-0.0026956681933370417,0.0042252163,0.0003,0.2,0.016455078125,2066948.75
336.0,24899.57424602,286,24,23437,585728,2850,4933019.71484375,-3.1692504614591597,0.29276949167251587,0.710357129573822,-0.004987023668945767,0.00612265,0.0003,0.2,0.0314453125,2002477.0
336.0,25204.7540094,287,24,23514,587776,2860,3561387.077734375,-3.1630376487970353,0.3632792830467224,0.7116162180900574,-0.00506125550964498,0.0063168714,0.0003,0.2,0.02900390625,1850452.0
336.0,25684.04649186,288,25,23590,589824,2870,7968914.884375,-3.166841436177492,0.2674204111099243,0.7119548320770264,-0.007319410564377904,0.0128708575,0.0003,0.2,0.043603515625,2861502.75
336.0,25892.579862739996,289,25,23666,591872,2880,2722884.155078125,-3.161630728840828,0.3211060166358948,0.7096149921417236,-0.0047937836570781656,0.0066382512,0.0003,0.2,0.037109375,1407657.75
336.0,25448.443450640003,290,25,23741,593920,2890,3485029.98828125,-3.150177804380655,0.3179663419723511,0.7075393795967102,-0.0034008581220405175,0.0054727225,0.0003,0.2,0.042919921875,1407387.75
336.0,25529.495161960003,291,25,23817,595968,2900,8927449.46484375,-3.1421541042625902,0.24712741374969482,0.7060385346412659,-0.00491620643006172,0.0056381454,0.0003,0.2,0.038818359375,3201476.75
336.0,25271.583790040004,292,25,23892,598016,2910,3855816.41953125,-3.1406931288540365,0.31622421741485596,0.706829845905304,-0.003964161308249459,0.0051850807,0.0003,0.2,0.02421875,2029507.375
336.0,25721.13310599,293,25,23968,600064,2920,4537832.025,-3.136331386119127,0.2595817446708679,0.7045875191688538,-0.0045905307248176545,0.0050881207,0.0003,0.2,0.02099609375,2548604.25
336.0,24948.785193549997,294,25,24043,602112,2930,4123537.20703125,-3.13152167275548,0.31661027669906616,0.7044916749000549,-0.0033112990582594647,0.0050531537,0.0003,0.2,0.0220703125,2465126.0
336.0,25688.073584089998,295,25,24119,604160,2940,4265143.1875,-3.129904656857252,0.3026392459869385,0.7044069170951843,-0.004970160992525052,0.005455007,0.0003,0.2,0.023486328125,2102066.0
336.0,26723.98764257,296,25,24194,606208,2950,3498548.976171875,-3.1312421932816505,0.27204734086990356,0.7046425938606262,-0.0021931528841378166,0.013630604,0.0003,0.2,0.050390625,1851362.75
336.0,26258.0678897,297,25,24269,608256,2960,3367797.658203125,-3.128746527433395,0.31587690114974976,0.70365971326828,-0.0034410980842949357,0.00377946,0.0003,0.2,0.024609375,1258616.75
336.0,26447.4087658,298,25,24345,610304,2970,4812082.38203125,-3.132229972630739,0.3208733797073364,0.7060239911079407,-0.005703134768555174,0.0050691254,0.0003,0.2,0.03603515625,1597988.125
336.0,25486.647603530004,299,25,24420,612352,2980,2108286.0609375,-3.1359413668513296,0.17813640832901,0.7046346664428711,-0.008836595468164888,0.007970455,0.0003,0.2,0.055810546875,1199400.25
336.0,26423.015274499998,300,25,24496,614400,2990,6569539.7515625,-3.129769857227802,0.25925683975219727,0.7031347751617432,-0.004176214333710959,0.0032844092,0.0003,0.2,0.01376953125,3487206.5
336.0,26509.73763959,301,25,24572,616448,3000,4133001.49609375,-3.1253361560404302,0.36380356550216675,0.7026541829109192,-0.005386755996005377,0.0048059514,0.0003,0.2,0.029833984375,1297022.5
336.0,25844.018159339998,302,25,24648,618496,3010,8632131.8375,-3.1265944920480253,0.25693178176879883,0.7037546038627625,-0.004509119316935539,0.005561636,0.0003,0.2,0.03671875,2225490.5
336.0,25701.357764689998,303,25,24725,620544,3020,7810608.269140625,-3.131101781874895,0.24022746086120605,0.704662024974823,-0.004102337569929659,0.0046466654,0.0003,0.2,0.030419921875,7254668.5
336.0,25558.31019611,304,25,24801,622592,3030,5978174.334375,-3.1338071435689927,0.3303476572036743,0.7048717141151428,-0.00392501621536212,0.0034032585,0.0003,0.2,0.01318359375,2744089.25
336.0,24823.16589272,305,25,24876,624640,3040,3615676.78671875,-3.1344339460134507,0.38635069131851196,0.7050017714500427,-0.004420321941142902,0.0059106913,0.0003,0.2,0.028955078125,2102694.75
336.0,25171.455842420004,306,25,24951,626688,3050,2526944.66484375,-3.135126502066851,0.3438171148300171,0.7060506343841553,-0.005401712178718298,0.0053758007,0.0003,0.2,0.04541015625,997484.75
336.0,24890.789182020002,307,25,25027,628736,3060,2957032.80859375,-3.1365709125995638,0.1437050700187683,0.7045734524726868,-0.004974320477049332,0.006799817,0.0003,0.2,0.037109375,1448628.625
336.0,25168.779035759995,308,25,25103,630784,3070,4642675.5328125,-3.133492135256529,0.3211991786956787,0.7044333815574646,-0.0026444388131494634,0.0034024308,0.0003,0.2,0.021240234375,1493313.5
336.0,25123.416993229996,309,25,25179,632832,3080,3280455.94375,-3.130875412374735,0.3401000499725342,0.7035017609596252,-0.0032503709131560753,0.0043334207,0.0003,0.2,0.019873046875,1366229.375
336.0,25580.417252230003,310,25,25254,634880,3090,3163832.68515625,-3.1309799514710903,0.3224421739578247,0.7055472731590271,-0.0033354531522491017,0.0054279165,0.0003,0.2,0.033203125,1956178.875
336.0,26690.728683719997,311,25,25330,636928,3100,3373810.47421875,-3.1361209630966185,0.3411529064178467,0.7071836590766907,-0.005216739322349895,0.0049863653,0.0003,0.2,0.041845703125,1460257.5
336.0,25861.816058929995,312,25,25406,638976,3110,2999218.027734375,-3.1394928738474848,0.19947797060012817,0.7078907489776611,-0.005141427955823019,0.0061217756,0.0003,0.2,0.046240234375,1365112.25
336.0,26338.941987780006,313,25,25481,641024,3120,3581035.665625,-3.140013583749533,0.34229034185409546,0.7074933052062988,-0.0014022501607541926,0.0035725813,0.0003,0.2,0.010205078125,1866653.125
336.0,26407.141572099994,314,25,25557,643072,3130,3153635.71640625,-3.13425557538867,0.37462109327316284,0.7058367133140564,-0.0031874730750132583,0.004111754,0.0003,0.2,0.011279296875,1180319.0
336.0,26080.52220373,315,25,25633,645120,3140,4030715.64921875,-3.126671352982521,0.36027175188064575,0.7050272822380066,-0.0038664551568217574,0.006027869,0.0003,0.2,0.036962890625,1779749.25
336.0,26946.193368719996,316,25,25708,647168,3150,3842043.19921875,-3.125584626942873,0.40773987770080566,0.7058990597724915,-0.0024283870807266794,0.0034576221,0.0003,0.2,0.010205078125,1802178.25
336.0,26895.415709259993,317,25,25785,649216,3160,3684737.47109375,-3.123361586779356,0.30858713388442993,0.7046053409576416,-0.002370392304874258,0.0037773033,0.0003,0.2,0.014794921875,1600252.0
336.0,27047.073941740004,318,25,25861,651264,3170,9572315.5546875,-3.1215574234724044,0.23122954368591309,0.7058953642845154,-0.0027200931333936753,0.005095137,0.0003,0.2,0.02490234375,4382963.5
336.0,28452.558903429992,319,25,25936,653312,3180,3877488.409375,-3.1250032149255276,0.31779515743255615,0.7062363028526306,-0.0026487865980016068,0.0034618275,0.0003,0.2,0.017822265625,1540351.875
336.0,28209.462419689997,320,25,26011,655360,3190,3221483.6265625,-3.1280451700091363,0.32248079776763916,0.7080855369567871,-0.0038405835555749947,0.0067003556,0.0003,0.2,0.0703125,1719370.625
336.0,27979.42277799,321,25,26086,657408,3200,3670255.840625,-3.138127987831831,0.3363499641418457,0.7104145884513855,0.0007162878406234086,0.010218291,0.0003,0.2,0.044970703125,2042204.375
336.0,28037.740150999998,322,25,26162,659456,3210,2148221.524609375,-3.1408873319625856,0.32858729362487793,0.70940762758255,-0.0031412879325216636,0.0046410346,0.0003,0.2,0.021044921875,1165667.125
336.0,28698.20294235,323,25,26239,661504,3220,2904491.3734375,-3.1375778906047342,0.2699599862098694,0.7086923718452454,-0.003292542038980173,0.00365987,0.0003,0.2,0.02607421875,1175941.375
336.0,29421.276056249993,324,25,26315,663552,3230,4482055.60625,-3.139390639960766,0.296237587928772,0.709908664226532,-0.0024714449027669616,0.004107924,0.0003,0.2,0.013720703125,1647778.125
336.0,29521.4047928,325,25,26390,665600,3240,3797476.82421875,-3.1353364884853363,0.3719691038131714,0.7071039080619812,-0.005862311283999588,0.005579945,0.0003,0.2,0.035791015625,1611572.875
336.0,28768.803922509996,326,25,26466,667648,3250,2746163.82578125,-3.1301473796367647,0.28415077924728394,0.7080383896827698,-0.001971823303028941,0.004268262,0.0003,0.2,0.0171875,1300293.25
336.0,28396.44110926,327,25,26542,669696,3260,4140746.408984375,-3.1266532480716704,0.2641947865486145,0.7061497569084167,-0.003679102200840134,0.009387685,0.0003,0.2,0.073095703125,1170141.25
336.0,29044.961968470005,328,25,26617,671744,3270,2910556.99765625,-3.120712564885616,0.29270023107528687,0.7050306797027588,-0.003998666465486167,0.0063834083,0.0003,0.2,0.024951171875,1982763.625
336.0,29143.317634029998,329,25,26693,673792,3280,3598511.0578125,-3.1130823716521263,0.3238086700439453,0.7027015686035156,-0.004462656940449961,0.0059525063,0.0003,0.2,0.0298828125,1880583.5
336.0,29735.239249889994,330,25,26769,675840,3290,3030417.18125,-3.1019951567053794,0.3177986145019531,0.6998558640480042,-0.00483442053955514,0.006168741,0.0003,0.2,0.041943359375,1331206.625
336.0,29569.072259830005,331,25,26845,677888,3300,3148721.7328125,-3.089209020882845,0.2204875946044922,0.6975038051605225,-0.006661224237177521,0.006324336,0.0003,0.2,0.040869140625,1653797.375
336.0,29673.946946009994,332,25,26921,679936,3310,2795257.13125,-3.07847912684083,0.2508535385131836,0.695227324962616,-0.004721429018536583,0.00457317,0.0003,0.2,0.039990234375,1328008.0
336.0,30353.597116520003,333,25,26997,681984,3320,6293422.0671875,-3.0710388772189616,0.2513553500175476,0.6943555474281311,-0.007737155736685963,0.003983805,0.0003,0.2,0.033154296875,2683943.0
336.0,29754.757463300004,334,25,27072,684032,3330,2436304.89453125,-3.0680930323898794,0.36050575971603394,0.6928010582923889,-0.0018585247707960662,0.004227887,0.0003,0.2,0.0087890625,1238644.0
336.0,30211.29659756,335,25,27149,686080,3340,5639758.89140625,-3.0654804967343807,0.29235512018203735,0.6928356289863586,-0.0038385467007174155,0.0036141714,0.0003,0.2,0.0068359375,4202611.0
336.0,29680.68311059,336,25,27225,688128,3350,2972206.960546875,-3.064649964869022,0.312017023563385,0.6914113163948059,-0.0037055809487355875,0.006282067,0.0003,0.2,0.020068359375,1357303.0
336.0,30382.68416158,337,25,27300,690176,3360,7610216.47578125,-3.0619324587285517,0.2404111623764038,0.6906380653381348,-0.002474294371495489,0.0038887132,0.0003,0.2,0.017041015625,3105768.5
336.0,30246.541130879996,338,25,27376,692224,3370,2658929.673046875,-3.0568877547979354,0.26308679580688477,0.6898918151855469,-0.00326709557994036,0.0056985673,0.0003,0.2,0.033154296875,1284073.625
336.0,30176.68707841,339,25,27451,694272,3380,2668167.006640625,-3.0512125976383686,0.32731229066848755,0.687046468257904,-0.0034326714638154955,0.0041532423,0.0003,0.2,0.014794921875,1352199.25
336.0,28673.381576349995,340,25,27527,696320,3390,6394242.5015625,-3.045342969149351,0.29709863662719727,0.6873329281806946,-0.0024557092910981737,0.003191514,0.0003,0.2,0.015478515625,3807569.0
336.0,27723.85224143001,341,25,27603,698368,3400,12914494.806640625,-3.0444837898015975,0.22164398431777954,0.6867994666099548,-0.005568949010921642,0.0066092135,0.0003,0.2,0.037451171875,5009964.0
336.0,27157.382179980003,342,25,27679,700416,3410,10395135.58046875,-3.0428409330546855,0.25026196241378784,0.6865448951721191,-0.0020440327061805874,0.0022640554,0.0003,0.2,0.003955078125,7023641.0
336.0,26114.723248010003,343,25,27755,702464,3420,6364172.68125,-3.0409756667912005,0.33907896280288696,0.6858542561531067,-0.001987215262488462,0.0032831628,0.0003,0.2,0.012646484375,5195988.0
336.0,26352.667399590002,344,25,27830,704512,3430,10872875.5828125,-3.0394479855895042,0.2868172526359558,0.685932457447052,-0.0018773926145513541,0.0017697015,0.0003,0.2,0.00107421875,4584903.0
336.0,25766.579251779996,345,25,27906,706560,3440,4089571.24765625,-3.0395298324525357,0.3735719919204712,0.6856837868690491,-0.0021278571104630826,0.005426863,0.0003,0.2,0.01884765625,3518554.25
336.0,25817.996868079998,346,25,27982,708608,3450,4146364.3453125,-3.0394245706498624,0.3346370458602905,0.6858487725257874,-0.003594640630763024,0.004051718,0.0003,0.2,0.0302734375,2684642.5
336.0,25848.76650844,347,25,28057,710656,3460,4406670.3125,-3.035474792867899,0.32730400562286377,0.6839130520820618,-0.0027058735387981868,0.004349812,0.0003,0.2,0.01044921875,2133726.0
336.0,25325.823382740004,348,25,28133,712704,3470,4776567.946875,-3.0305091835558415,0.3597443699836731,0.6835920810699463,-0.004457120058941655,0.005040601,0.0003,0.2,0.027978515625,1890997.5
336.0,24816.8696997,349,25,28207,714752,3480,7608227.614453125,-3.029978870600462,0.2688968777656555,0.6835907101631165,-0.0021952686074655503,0.0034376811,0.0003,0.2,0.00732421875,1636677.75
336.0,25048.28291309,350,25,28282,716800,3490,5227873.2984375,-3.0274867437779904,0.3166006803512573,0.6819936633110046,-0.004515881550469203,0.0059835813,0.0003,0.2,0.039404296875,3144972.0
336.0,23959.177406190007,351,25,28358,718848,3500,4460927.91953125,-3.025302621722221,0.30891096591949463,0.6823368668556213,-0.00653749881676049,0.0060233194,0.0003,0.2,0.04111328125,1804447.875
336.0,23205.756741970006,352,25,28434,720896,3510,8804266.216796875,-3.027618453651667,0.28508830070495605,0.6823640465736389,-0.002182610801537521,0.013023755,0.0003,0.2,0.016259765625,5316153.5
336.0,23805.696185999997,353,25,28509,722944,3520,4893317.271875,-3.023798435181379,0.3445780277252197,0.6803165078163147,-0.0021754101078840906,0.004394223,0.0003,0.2,0.0076171875,2608415.75
336.0,23080.649972490002,354,25,28585,724992,3530,2948393.625,-3.0177097879350185,0.36345481872558594,0.6791493892669678,-0.0038111273301183247,0.0039243205,0.0003,0.2,0.0162109375,1439744.0
336.0,23321.742907840006,355,25,28661,727040,3540,7239747.964453125,-3.0152516171336172,0.2468245029449463,0.6794388294219971,0.0004302125897083897,0.016467506,0.0003,0.2,0.03056640625,3736541.25
336.0,24933.98809007,356,25,28739,729088,3550,5563196.3125,-3.015128631144762,0.28330427408218384,0.6790886521339417,-0.002625367895234376,0.0045433063,0.0003,0.2,0.01943359375,1808184.75
336.0,26067.268957129996,357,25,28819,731136,3560,3103703.4953125,-3.005623874813318,0.26394420862197876,0.6748418211936951,-0.004338225063111168,0.004887219,0.0003,0.2,0.024365234375,1554962.25
336.0,26562.004554569998,358,25,28897,733184,3570,3940445.415625,-2.9883790895342828,0.34963685274124146,0.6713469624519348,-0.005877150452579372,0.009285525,0.0003,0.2,0.062158203125,1798589.25
336.0,27825.7692588,359,25,28975,735232,3580,5854194.84609375,-2.982474336773157,0.29027414321899414,0.6715701222419739,-0.0013647730982484063,0.0021855044,0.0003,0.2,0.008984375,4428256.0
336.0,28601.541296249998,360,25,29053,737280,3590,3878609.02734375,-2.983968947082758,0.31950926780700684,0.6712436676025391,-0.0038719687378033995,0.002818543,0.0003,0.2,0.01064453125,1923609.875
336.0,29142.29475715,361,25,29131,739328,3600,3178524.84375,-2.9844511799514293,0.36297452449798584,0.6710006594657898,-0.00523918589024106,0.0060754856,0.0003,0.2,0.059716796875,1766816.5
336.0,29192.573613939996,362,25,29209,741376,3610,2456051.080078125,-2.9798375986516477,0.17018437385559082,0.6691063046455383,-0.005511625329381787,0.0064942804,0.0003,0.2,0.041943359375,1212718.5
336.0,29446.099979520008,363,25,29287,743424,3620,2836923.95,-2.9769025161862372,0.3211507201194763,0.6698595881462097,-0.004601647315575974,0.0055146953,0.0003,0.2,0.027197265625,1244794.375
336.0,29310.77351817,364,25,29364,745472,3630,3862168.26484375,-2.979356075823307,0.31672900915145874,0.6697425842285156,-0.0037650674108590464,0.005337054,0.0003,0.2,0.036376953125,1662581.375
336.0,29872.38500832,365,25,29442,747520,3640,3367993.625390625,-2.9764316082000732,0.3595055937767029,0.6685817837715149,-0.006267042686522473,0.0057765255,0.0003,0.2,0.0314453125,1415083.875
336.0,30644.66697319,366,25,29520,749568,3650,2189591.2546875,-2.9722461447119715,0.2599923014640808,0.6675674319267273,-0.0047081622571568,0.0043250453,0.0003,0.2,0.021630859375,1324639.5
336.0,30975.897024549995,367,25,29599,751616,3660,2655755.1765625,-2.9633853666484358,0.16670829057693481,0.6646592020988464,-0.0070360449222789615,0.0071246494,0.0003,0.2,0.046435546875,1251355.375
336.0,33439.96785272,368,25,29677,753664,3670,2207642.90234375,-2.953198651224375,0.3549802899360657,0.6628770232200623,-0.005120107509719673,0.0058730803,0.0003,0.2,0.039208984375,1151145.0
336.0,33767.61662473,369,25,29754,755712,3680,3897372.665625,-2.948749428987503,0.26921212673187256,0.6625938415527344,-0.0034465342927433086,0.0038759043,0.0003,0.2,0.014892578125,1920198.5
336.0,33515.41858423001,370,25,29835,757760,3690,3273031.12265625,-2.9522520937025547,0.2701135277748108,0.6646257042884827,-0.002268698384432355,0.0043244245,0.0003,0.2,0.0154296875,1411431.625
336.0,34087.90210618,371,25,29913,759808,3700,8494545.290625,-2.9564897045493126,0.24033808708190918,0.6654501557350159,-0.003112940783466911,0.0028165467,0.0003,0.2,0.006201171875,6452084.5
336.0,33365.67225093,372,25,29991,761856,3710,3213994.671875,-2.9575507193803787,0.430395245552063,0.6645649075508118,-0.0033447300775151234,0.0038065338,0.0003,0.2,0.02275390625,1363907.0
336.0,33244.99236238,373,25,30068,763904,3720,7457708.3484375,-2.953398034721613,0.32211172580718994,0.6641473174095154,-0.005999504658393562,0.0068281605,0.0003,0.2,0.038671875,3307370.0
336.0,31911.99471344,374,25,30146,765952,3730,3102959.128125,-2.9507184930145742,0.25521397590637207,0.663702130317688,-0.004541848434018903,0.005529385,0.0003,0.2,0.02109375,1462077.0
336.0,30910.96731415,375,25,30224,768000,3740,11453380.0796875,-2.9497143045067786,0.24594587087631226,0.664262056350708,-0.0010836415814992506,0.0015595465,0.0003,0.2,0.000830078125,5011252.0
336.0,30362.067207019994,376,25,30303,770048,3750,13934783.35,-2.9517819710075854,0.29557502269744873,0.6646390557289124,-0.0017906294138811062,0.0011095607,0.0003,0.2,0.00068359375,7033083.5
336.0,29276.4670742,377,25,30381,772096,3760,4267387.98203125,-2.9527779117226602,0.39127737283706665,0.6646791100502014,-0.0033722446489264256,0.0041453764,0.0003,0.2,0.012939453125,2487396.5
336.0,28495.878691399997,378,25,30459,774144,3770,5603899.56953125,-2.94988434612751,0.4033600687980652,0.6633673906326294,-0.0030147544122883117,0.0036124634,0.0003,0.2,0.00556640625,4195423.5
336.0,28615.26778822,379,25,30538,776192,3780,6634472.14609375,-2.946242197602987,0.4049704670906067,0.6625890731811523,-0.002922965374455089,0.0044823354,0.0003,0.2,0.011376953125,4233733.0
336.0,28261.129029739997,380,25,30621,778240,3790,2912786.313671875,-2.9451748013496397,0.44559264183044434,0.6625227332115173,-0.004186111091985367,0.005810024,0.0003,0.2,0.02900390625,1319843.5
336.0,26459.65647778001,381,25,30700,780288,3800,8820406.89921875,-2.9427135534584523,0.2791532278060913,0.6612206101417542,-0.0055740551011695064,0.005574558,0.0003,0.2,0.03408203125,4571023.0
336.0,26042.1850538,382,25,30778,782336,3810,13900763.996875,-2.9406039521098135,0.3038748502731323,0.6612662672996521,0.00280746237403946,0.006403111,0.0003,0.2,0.084423828125,9827420.0
336.0,25076.605046630004,383,25,30856,784384,3820,6227045.265625,-2.9401629470288753,0.3957880735397339,0.661093533039093,-0.002969233018666273,0.0028690489,0.0003,0.2,0.008251953125,2902451.25
336.0,22497.394873870006,384,25,30935,786432,3830,9091384.48515625,-2.938806725293398,0.38010120391845703,0.6608045697212219,-0.0018729191622696816,0.0019183068,0.0003,0.2,0.004931640625,3311094.75
336.0,20049.522348959996,385,25,31013,788480,3840,18345774.5859375,-2.9381336227059363,0.3418002128601074,0.6609585285186768,-0.0013587825909780805,0.0009144234,0.0003,0.2,0.000146484375,11203219.0
336.0,20111.684730249995,386,25,31090,790528,3850,11862301.525,-2.938760094344616,0.3958005905151367,0.6611132025718689,-0.0015072456866619178,0.0012860027,0.0003,0.2,0.001611328125,5085420.0
336.0,17901.68995135,387,25,31169,792576,3860,7445762.10078125,-2.937725606560707,0.421575129032135,0.6604217886924744,-0.0018416601589706261,0.002167479,0.0003,0.2,0.003955078125,3660435.0
336.0,16724.53863538,388,25,31247,794624,3870,16441747.86875,-2.9351736187934874,0.3206251859664917,0.6602344512939453,-0.002259722523012897,0.0012413323,0.0003,0.2,0.00087890625,5082984.0
336.0,14403.13884692,389,25,31325,796672,3880,15561774.615625,-2.9340443558990956,0.3434464931488037,0.6599082350730896,-0.0010254642475047149,0.00090790394,0.0003,0.2,0.0001953125,8639542.0
336.0,13945.111418719996,390,25,31401,798720,3890,18687706.0140625,-2.9334874004125595,0.3260601758956909,0.6598676443099976,-0.004378519035526551,0.0039702016,0.0003,0.2,0.01455078125,5236621.0
336.0,14070.858181339996,391,25,31477,800768,3900,7925625.74140625,-2.933459548652172,0.42115962505340576,0.6599329113960266,-0.0034784518808010033,0.003596134,0.0003,0.2,0.014599609375,3338364.25
336.0,12996.261933409998,392,25,31554,802816,3910,8521424.07421875,-2.934473203867674,0.395493745803833,0.6605362296104431,-0.0010600877794786356,0.0011952952,0.0003,0.2,0.0,4530111.0
336.0,12211.460896860002,393,25,31633,804864,3920,15641637.7828125,-2.9362407088279725,0.3505379557609558,0.6606423258781433,-0.0010731363276136109,0.00092012424,0.0003,0.2,4.8828125e-05,5425494.0
336.0,11804.889263449999,394,25,31712,806912,3930,13438742.6171875,-2.936223705857992,0.3654589056968689,0.6606777310371399,-0.0026089859115018045,0.0018650466,0.0003,0.2,0.00087890625,7199931.5
336.0,11323.55614261,395,25,31791,808960,3940,12036283.64453125,-2.935250188410282,0.33287525177001953,0.6601002216339111,-0.0011247391063079703,0.00046200975,0.0003,0.2,0.0,4784825.5
336.0,10359.62152393,396,25,31870,811008,3950,9077686.07265625,-2.9339321799576283,0.3423669934272766,0.6602153182029724,-0.002456162145244889,0.0019794877,0.0003,0.2,0.002294921875,4213567.5
336.0,10072.64934044,397,25,31951,813056,3960,7751554.66953125,-2.933088645339012,0.36300963163375854,0.6596291065216064,-0.0010989969530783128,0.00095720985,0.0003,0.2,0.0,5207113.0
336.0,10671.315260189998,398,25,32030,815104,3970,9677497.33828125,-2.930730240046978,0.3561910390853882,0.6589999794960022,-0.004176696938520763,0.0036439686,0.0003,0.2,0.009130859375,7929890.0
336.0,10194.51037122,399,25,32109,817152,3980,9797346.44921875,-2.929996445775032,0.38559067249298096,0.6587735414505005,-0.00240277697739657,0.001797132,0.0003,0.2,0.0005859375,5120652.5
336.0,11574.56609047,400,25,32187,819200,3990,8062677.848046875,-2.9284935630857944,0.4315483570098877,0.6582658290863037,-0.0039396741864038635,0.0032303452,0.0003,0.2,0.00634765625,2614460.75
336.0,13534.008542279998,401,25,32265,821248,4000,6341337.694921875,-2.9269146390259264,0.3962133526802063,0.6579450964927673,-0.003980022320320131,0.003296183,0.0003,0.2,0.00732421875,1461062.25
336.0,13798.98323605,402,25,32344,823296,4010,3074927.571484375,-2.9259162127971647,0.37598901987075806,0.6576013565063477,-0.002528673708002316,0.0035172375,0.0003,0.2,0.003515625,1444160.625
336.0,14951.56869693,403,25,32423,825344,4020,3504002.16953125,-2.921142690628767,0.42706233263015747,0.6563838720321655,-0.0016191924893064424,0.0024082821,0.0003,0.2,0.008154296875,1769210.875
336.0,14370.155110520001,404,25,32502,827392,4030,11418922.60390625,-2.919027353823185,0.30080437660217285,0.6565343737602234,-0.003015422969474457,0.0019732267,0.0003,0.2,0.001953125,6288572.0
336.0,16439.87574493,405,25,32581,829440,4040,7244537.64921875,-2.9189113534986975,0.36473649740219116,0.65655517578125,-0.0031148135545663535,0.0025320803,0.0003,0.2,0.0041015625,2620480.0
336.0,16104.638238,406,25,32659,831488,4050,5272875.39609375,-2.9177628360688685,0.4205870032310486,0.6562132835388184,-0.0024407809803960847,0.001954179,0.0003,0.2,0.001025390625,2439514.0
336.0,17303.76991074,407,25,32738,833536,4060,19186543.32890625,-2.9171928375959397,0.28821736574172974,0.6564381718635559,-0.0017211082915309817,0.0022009527,0.0003,0.2,0.00703125,9376991.0
336.0,18106.88649945,408,25,32817,835584,4070,3199851.6171875,-2.915427540242672,0.4508622884750366,0.6546101570129395,-0.004144446432474069,0.0057194447,0.0003,0.2,0.025537109375,1457028.25
336.0,18785.88469556,409,25,32896,837632,4080,4565229.9671875,-2.9067844577133655,0.42048633098602295,0.6533931493759155,-0.004622022432158701,0.005551031,0.0003,0.2,0.038525390625,2137710.75
336.0,21021.906845330006,410,25,32975,839680,4090,11712340.99375,-2.905057895183563,0.30513256788253784,0.6532145142555237,-0.00012296079657971858,0.00039182912,0.0003,0.2,0.000439453125,6055673.5
336.0,21729.589995750004,411,25,33053,841728,4100,3425471.8609375,-2.904303026944399,0.42331647872924805,0.6527315378189087,-4.0080885082716125e-05,0.0033014407,0.0003,0.2,0.00751953125,1450427.625
336.0,20270.56459941,412,25,33132,843776,4110,4493309.11796875,-2.90011323094368,0.3629995584487915,0.6515352129936218,-0.0017930340633029117,0.0028344584,0.0003,0.2,0.00458984375,2604424.0
336.0,21165.3990809,413,25,33209,845824,4120,7749184.3328125,-2.8964543588459493,0.3731670379638672,0.6513251662254333,-0.0003099240544543136,0.00094625505,0.0003,0.2,0.005126953125,3384031.75
336.0,21154.344598549997,414,25,33287,847872,4130,4651175.54296875,-2.8951236709952353,0.4194563031196594,0.650568962097168,-0.0020635327033232897,0.002913784,0.0003,0.2,0.004443359375,2149921.75
336.0,20690.3264121,415,25,33366,849920,4140,12838883.728125,-2.8926199220120905,0.33134526014328003,0.6502901911735535,-0.0005206590685702395,0.0010648301,0.0003,0.2,0.00322265625,6056449.5
336.0,21269.510969969997,416,25,33445,851968,4150,15392653.72421875,-2.8919413328170775,0.3536529541015625,0.650248110294342,-0.0006403031089575961,0.0005323115,0.0003,0.2,0.0013671875,11735565.0
336.0,21118.547664060003,417,25,33524,854016,4160,5530795.55625,-2.891557988524437,0.39243972301483154,0.6503264307975769,-0.0020359636640932877,0.0027185392,0.0003,0.2,0.002978515625,3066530.5
336.0,19537.536251799997,418,25,33602,856064,4170,4123812.987109375,-2.891562583297491,0.4457916021347046,0.6503431797027588,-0.003900106476794463,0.0052679833,0.0003,0.2,0.02109375,2109009.25
336.0,18817.16588098,419,25,33680,858112,4180,11859729.7359375,-2.892166285961866,0.3542155623435974,0.6504635214805603,0.0029760792618617415,0.0051180674,0.0003,0.2,0.0259765625,6798998.5
336.0,20153.07689969,420,25,33758,860160,4190,12825934.4859375,-2.891376432031393,0.2863156199455261,0.6498606204986572,-0.0010760133503936232,0.0011653403,0.0003,0.2,0.00078125,4608547.5
336.0,20601.793811080002,421,25,33836,862208,4200,6345061.309375,-2.889904208481312,0.41267502307891846,0.6496729254722595,-0.0013941505625552964,0.0012705765,0.0003,0.2,0.000537109375,2086715.125
336.0,21746.35246101,422,25,33912,864256,4210,8524061.53515625,-2.8910268008708955,0.31646156311035156,0.6502366065979004,-0.001342475252749864,0.002877606,0.0003,0.2,0.005859375,3341907.0
336.0,21278.65074238,423,25,33990,866304,4220,6002262.36875,-2.8925650201737882,0.4054552912712097,0.6503042578697205,-0.001372391716722632,0.0012695749,0.0003,0.2,0.000732421875,2001642.125
336.0,20355.337104030004,424,25,34067,868352,4230,4397300.26953125,-2.8919376611709593,0.46533435583114624,0.6499883532524109,-0.0011359350057318807,0.001214986,0.0003,0.2,0.000146484375,2236387.75
336.0,20588.313404779998,425,25,34144,870400,4240,8212515.1453125,-2.892070522904396,0.3359159827232361,0.650217592716217,-0.004255316249327734,0.0038242624,0.0003,0.2,0.016455078125,6629985.0
336.0,20963.60642048,426,25,34221,872448,4250,3964579.465234375,-2.8932167582213877,0.4956929683685303,0.6501383781433105,-0.0015501759145990946,0.0027363754,0.0003,0.2,0.008642578125,3238103.25
336.0,20547.141566239996,427,25,34299,874496,4260,7405218.54609375,-2.894084040820599,0.340423047542572,0.6502963900566101,-0.0036724996665725485,0.0035145278,0.0003,0.2,0.01240234375,4708042.5
336.0,20350.750427829997,428,25,34377,876544,4270,2905434.607421875,-2.89092832505703,0.47270339727401733,0.6490619778633118,-0.0011056614777771756,0.00352852,0.0003,0.2,0.00322265625,1224190.75
336.0,20287.132579749996,429,25,34456,878592,4280,6915934.22890625,-2.8844171233475207,0.3712213635444641,0.6477494239807129,-0.0019143169454764574,0.0036416831,0.0003,0.2,0.01103515625,2153179.25
336.0,19922.44566811,430,25,34534,880640,4290,10386335.05859375,-2.8800949200987818,0.3569793105125427,0.6474327445030212,-0.003191471745958552,0.008730873,0.0003,0.2,0.07119140625,4095186.75
336.0,22723.384657429993,431,25,34613,882688,4300,7508954.125,-2.878703211992979,0.399944007396698,0.6469517350196838,-0.0035293336826725864,0.004631876,0.0003,0.2,0.006396484375,4052555.0
336.0,23632.96606498,432,25,34692,884736,4310,2927845.05546875,-2.877143781632185,0.4803343415260315,0.6463937163352966,-0.003428722628450487,0.0048287995,0.0003,0.2,0.034765625,1086344.25
336.0,22994.378755900005,433,25,34769,886784,4320,3531787.9609375,-2.875881264358759,0.4504709839820862,0.6469085812568665,-0.00410179328682716,0.0039583356,0.0003,0.2,0.0146484375,1397511.375
336.0,24296.34105731,434,25,34847,888832,4330,5052065.85625,-2.876384101063013,0.4259544014930725,0.6467382907867432,-0.0035827539293677548,0.00454335,0.0003,0.2,0.0275390625,2874424.25
336.0,25574.63128344,435,25,34925,890880,4340,2945645.684765625,-2.872542006522417,0.5411843955516815,0.6451483964920044,-0.005180287283292273,0.006228699,0.0003,0.2,0.04033203125,1260591.125
336.0,25469.29000347,436,25,35003,892928,4350,3531925.96015625,-2.8703601375222205,0.46959811449050903,0.6461820006370544,-0.003926906241395045,0.005846046,0.0003,0.2,0.037939453125,1904726.125
336.0,25574.255371749994,437,25,35080,894976,4360,7891140.01796875,-2.8746594220399855,0.37740570306777954,0.6472667455673218,-0.0024433098929875995,0.0030880852,0.0003,0.2,0.007421875,5076104.5
336.0,25287.975618469995,438,25,35158,897024,4370,6747079.17421875,-2.8779841855168344,0.39463263750076294,0.647546112537384,-0.0007598630974825938,0.0003465356,0.0003,0.2,0.0,2898672.75
336.0,26187.04482742001,439,25,35236,899072,4380,4816266.52578125,-2.878670471161604,0.48024868965148926,0.6472254991531372,-0.0017856721380667296,0.0021661401,0.0003,0.2,0.001513671875,2461317.0
336.0,26089.350340219997,440,25,35314,901120,4390,2384585.687109375,-2.877125805616379,0.49428337812423706,0.6467933654785156,-0.003233352117240429,0.004645693,0.0003,0.2,0.02109375,1367639.75
336.0,26013.89228395,441,25,35392,903168,4400,6265905.93046875,-2.876219207048416,0.41346561908721924,0.6470447182655334,-0.003221964462500182,0.003945307,0.0003,0.2,0.012451171875,3208791.0
336.0,26599.948512920007,442,25,35470,905216,4410,3194195.78046875,-2.877276059985161,0.46085524559020996,0.6471128463745117,-0.0019593732722569257,0.0025296174,0.0003,0.2,0.00205078125,1378489.25
336.0,26727.80391996,443,25,35549,907264,4420,5858804.06875,-2.8774589002132416,0.4367017149925232,0.6473243832588196,-0.004392582032596693,0.0050416645,0.0003,0.2,0.015234375,2679016.75
336.0,27691.766235549996,444,25,35627,909312,4430,4482249.0375,-2.877774553745985,0.4766545295715332,0.6474534869194031,-0.004938691962161101,0.00430479,0.0003,0.2,0.01630859375,2017807.125
336.0,28252.976361409997,445,25,35705,911360,4440,2827783.4359375,-2.8751315005123614,0.5791830718517303,0.6461657881736755,-0.00480472301132977,0.00591644,0.0003,0.2,0.0265625,1868261.75
336.0,29450.3655656,446,25,35783,913408,4450,5362870.45625,-2.8696278229355814,0.3738960027694702,0.6457195281982422,-0.0014234673566534185,0.0016600906,0.0003,0.2,0.000732421875,1828794.625
336.0,27299.56935032,447,25,35861,915456,4460,2471794.940625,-2.8678429670631886,0.5302580893039703,0.6452202200889587,-0.0033795195558923297,0.003852155,0.0003,0.2,0.01455078125,1353480.875
336.0,27015.343190189997,448,25,35939,917504,4470,13886163.421875,-2.865696333348751,0.31548815965652466,0.6451979279518127,-0.0010566902143182232,0.0008718851,0.0003,0.2,0.001171875,4763994.5
336.0,26163.47363713,449,25,36018,919552,4480,4543420.894140625,-2.8623058535158634,0.47910332679748535,0.6432199478149414,-0.0034325709922995882,0.0039950497,0.0003,0.2,0.007666015625,2426702.75
336.0,26518.532357889995,450,25,36097,921600,4490,7933476.8390625,-2.8600426383316515,0.4665765166282654,0.6437225937843323,-0.0010957667633192613,0.0016737767,0.0003,0.2,0.000390625,6331404.0
336.0,26034.564932339996,451,25,36176,923648,4500,3373726.32109375,-2.862614531815052,0.5063355267047882,0.6439077854156494,-0.0030172588099958374,0.0034498367,0.0003,0.2,0.012890625,2035551.5
336.0,25683.335550789998,452,25,36255,925696,4510,5325083.0125,-2.864904186874628,0.4042820334434509,0.6442832350730896,-0.005445241634879494,0.005111659,0.0003,0.2,0.01865234375,2118734.0
336.0,24700.619389889995,453,25,36333,927744,4520,20012411.9234375,-2.8634744264185428,0.2507995367050171,0.6435073018074036,-0.0013476623862516135,0.0021368074,0.0003,0.2,0.002099609375,20239030.0
336.0,25540.76325205,454,25,36412,929792,4530,7786653.03125,-2.86228783801198,0.3931552767753601,0.6435873508453369,-0.0015429610641149339,0.0023978853,0.0003,0.2,0.00166015625,3084078.25
336.0,25508.041283379996,455,25,36491,931840,4540,2855267.2828125,-2.861003524065018,0.2809165120124817,0.6424166560173035,-0.0015324864674767015,0.019433483,0.0003,0.2,0.028173828125,1332609.5
336.0,24867.984349869996,456,25,36570,933888,4550,9407467.45078125,-2.8572373040020467,0.3097248673439026,0.6421811580657959,-0.004027258137648459,0.0043982835,0.0003,0.2,0.0251953125,4008393.75
336.0,24773.744489099994,457,25,36648,935936,4560,8122702.17734375,-2.856909939646721,0.3575403690338135,0.6423259377479553,-0.002678881344036199,0.0024330067,0.0003,0.2,0.005419921875,3898657.5
336.0,24708.710623989995,458,25,36726,937984,4570,4047484.35625,-2.857779897749424,0.4264611601829529,0.6423719525337219,-0.003861543521634303,0.005691693,0.0003,0.2,0.02744140625,2051811.75
336.0,25166.07052527,459,25,36804,940032,4580,4822038.7671875,-2.860539225488901,0.4054408073425293,0.6433942317962646,-0.0021438083829707468,0.003042711,0.0003,0.2,0.00595703125,2533950.5
336.0,24609.72625083,460,25,36882,942080,4590,4798300.55078125,-2.865644849091768,0.4356575012207031,0.6445067524909973,-0.0015589906870445702,0.0027798733,0.0003,0.2,0.002490234375,2669105.75
336.0,24430.51914765,461,25,36960,944128,4600,7044851.957421875,-2.8668930642306805,0.2964403033256531,0.6437617540359497,-0.0032824081543367358,0.0060531963,0.0003,0.2,0.036474609375,3295844.0
336.0,24770.056200299998,462,25,37039,946176,4610,3167275.65625,-2.86444571390748,0.3804905414581299,0.6432395577430725,-0.0014242218778235838,0.0017869298,0.0003,0.2,0.005322265625,1542914.25
336.0,25613.43273,463,25,37117,948224,4620,4243867.59609375,-2.8548198111355303,0.41734057664871216,0.640321671962738,-0.005162837165698875,0.0055779284,0.0003,0.2,0.034619140625,2260040.5
336.0,25428.505176429997,464,25,37194,950272,4630,5325099.23203125,-2.8470192186534407,0.38687843084335327,0.640529215335846,-0.004090746838483028,0.0049766684,0.0003,0.2,0.02412109375,2788133.0
336.0,24243.085412729997,465,25,37272,952320,4640,2730684.54921875,-2.850041802227497,0.37735486030578613,0.6415675282478333,-0.0020414061309566023,0.003684089,0.0003,0.2,0.01484375,1477278.5
336.0,24887.32810155,466,25,37350,954368,4650,11458733.82109375,-2.8531923234462737,0.37585383653640747,0.64134281873703,-0.0028945538171683436,0.0025026244,0.0003,0.2,0.003125,9168572.0
336.0,25094.60803796,467,25,37428,956416,4660,3986469.563671875,-2.853247817605734,0.43595749139785767,0.6416438221931458,-0.00246077739429893,0.0038861907,0.0003,0.2,0.01171875,1747471.75
336.0,25052.14537023,468,25,37506,958464,4670,2984811.50859375,-2.85351794809103,0.4064764976501465,0.6416768431663513,-0.0038267492709564976,0.0045301607,0.0003,0.2,0.021826171875,1463205.5
336.0,25879.04117723999,469,25,37584,960512,4680,5902482.11015625,-2.8508908465504645,0.3883010745048523,0.6419014930725098,-0.002780093289038632,0.0044815093,0.0003,0.2,0.024609375,5473727.0
336.0,26241.30147858,470,25,37662,962560,4690,3190597.155078125,-2.852035368978977,0.36823248863220215,0.6419742703437805,7.954911270644516e-05,0.008257646,0.0003,0.2,0.044873046875,1799385.25
336.0,26447.580960659998,471,25,37740,964608,4700,3839319.36484375,-2.854156943410635,0.4429253339767456,0.6422204375267029,-0.004042798218870302,0.005115362,0.0003,0.2,0.022802734375,1766697.875
336.0,26082.936796379996,472,25,37821,966656,4710,3109790.3921875,-2.850679063796997,0.3474825620651245,0.6402676701545715,-0.004380841823876836,0.0043497616,0.0003,0.2,0.02646484375,1372132.125
336.0,27070.873225489995,473,25,37902,968704,4720,5460171.33125,-2.845899488031864,0.40754926204681396,0.6399125456809998,-0.0036179302900563926,0.004706066,0.0003,0.2,0.0234375,2165730.5
336.0,27111.22913241999,474,25,37981,970752,4730,3568786.4765625,-2.8451875068247316,0.3977758288383484,0.6406319737434387,-0.0028052845733327557,0.0039087865,0.0003,0.2,0.026953125,2344140.75
336.0,27040.299305009994,475,25,38060,972800,4740,4380025.352734375,-2.844571900367737,0.41925400495529175,0.6403346657752991,-0.001152162262587808,0.0014723629,0.0003,0.2,0.00087890625,2313559.25
336.0,26486.03504179999,476,25,38139,974848,4750,3758673.511328125,-2.8422446221113207,0.4763311743736267,0.6399211287498474,-0.0024953251755505334,0.0034758053,0.0003,0.2,0.00986328125,1756755.625
336.0,26953.964307439994,477,25,38217,976896,4760,8519418.33203125,-2.842182773351669,0.3049812912940979,0.6401731967926025,-0.0032305139407981186,0.0050820513,0.0003,0.2,0.020751953125,4016661.5
336.0,26995.808312040004,478,25,38295,978944,4770,3981975.0875,-2.83887595012784,0.40902018547058105,0.6386711597442627,-0.006551111532462528,0.0069078756,0.0003,0.2,0.053857421875,2067598.5
336.0,26515.828359209998,479,25,38374,980992,4780,3170332.02578125,-2.835214642435312,0.38569915294647217,0.6395662426948547,-0.00364275759056909,0.0033915127,0.0003,0.2,0.022216796875,1918866.5
336.0,27973.067741969997,480,25,38452,983040,4790,3916282.65234375,-2.833017234504223,0.4507201313972473,0.6379287242889404,-0.0034816015235264786,0.0045755417,0.0003,0.2,0.01513671875,1674775.75
336.0,29260.70252326,481,25,38529,985088,4800,2916586.5921875,-2.8299688421189786,0.22298115491867065,0.6378651261329651,-0.003947403825441143,0.0052417144,0.0003,0.2,0.028369140625,1515847.125
336.0,29240.63946006,482,25,38608,987136,4810,3438393.06875,-2.826726471632719,0.4484991431236267,0.6368493437767029,-0.0045110005696187725,0.004524166,0.0003,0.2,0.028369140625,1735074.25
336.0,29630.542396649995,483,25,38687,989184,4820,9642417.48984375,-2.8213638797402383,0.3196824789047241,0.6357622742652893,-0.0020035142384585924,0.0015419853,0.0003,0.2,0.0064453125,6021105.0
336.0,29785.08651087,484,25,38766,991232,4830,2911433.46640625,-2.817144002765417,0.41530340909957886,0.6353183388710022,-0.0042079570543137376,0.0058702063,0.0003,0.2,0.04267578125,1541369.875
336.0,30137.028774480004,485,25,38844,993280,4840,6948027.64765625,-2.8112111151218415,0.3128073811531067,0.6340886950492859,-0.004187114119849867,0.0044863913,0.0003,0.2,0.025634765625,1397675.75
336.0,30321.739360880005,486,25,38922,995328,4850,3430019.04765625,-2.8084995560348034,0.3730897307395935,0.6335329413414001,-0.004552085988689214,0.0048002545,0.0003,0.2,0.0396484375,1142004.875
336.0,29676.74164595,487,25,39001,997376,4860,2849391.60859375,-2.8077676855027676,0.3762539029121399,0.6334759593009949,-0.004876030266314046,0.0065115383,0.0003,0.2,0.041796875,1566951.5
336.0,30186.784913560008,488,25,39081,999424,4870,2473633.310546875,-2.805530611425638,0.35791975259780884,0.632551908493042,-0.0025678057281766087,0.004274975,0.0003,0.2,0.02451171875,1285024.25
336.0,30141.13905378,489,25,39160,1001472,4880,4677471.98125,-2.8019620537757874,0.4080280661582947,0.6320806741714478,-0.001795652843429707,0.004057307,0.0003,0.2,0.013037109375,2985006.25
