train/critic_loss,train/learning_rate,train/actor_loss,time/fps,train/ent_coef_loss,time/time_elapsed,train/ent_coef,time/episodes,time/total_timesteps,rollout/ep_len_mean,rollout/ep_rew_mean,train/n_updates
57020375040.0,0.0003,610356.8125,25,-3.373812675476074,12,1.0690284967422485,1,336,336.0,-90587.527941,235
45465886720.0,0.0003,622727.375,25,-8.400541305541992,26,1.1809215545654297,2,672,336.0,-110272.78082449999,571
37024555008.0,0.0003,641717.3125,26,-7.458246231079102,38,1.304945945739746,3,1008,336.0,-116678.29739866666,907
26122043392.0,0.0003,588786.5,26,-9.21210765838623,50,1.3893376588821411,4,1344,336.0,-120190.14942325,1243
21861584896.0,0.0003,587683.25,26,-11.249238967895508,62,1.49118971824646,5,1680,336.0,-122077.42855499999,1579
20571713536.0,0.0003,526892.4375,26,-13.481046676635742,75,1.6120272874832153,6,2016,336.0,-123465.51966266666,1915
17019141120.0,0.0003,507737.625,26,-15.69281005859375,87,1.7525783777236938,7,2352,336.0,-124316.42637171429,2251
11545083904.0,0.0003,504361.9375,26,-18.30615234375,100,1.913873314857483,8,2688,336.0,-124987.41563675,2587
9799354368.0,0.0003,540053.875,26,-20.74884605407715,113,2.097040891647339,9,3024,336.0,-125586.87667822222,2923
10402104320.0,0.0003,514413.75,26,-23.497695922851562,126,2.30344295501709,10,3360,336.0,-125994.6772453,3259
8879498240.0,0.0003,524928.9375,26,-26.097728729248047,141,2.535081624984741,11,3696,336.0,-126312.86100272728,3595
5254081536.0,0.0003,458088.34375,26,-28.902616500854492,154,2.793912172317505,12,4032,336.0,-126592.71607875002,3931
5921222656.0,0.0003,475774.4375,26,-31.551433563232422,167,3.082278251647949,13,4368,336.0,-126811.47874684617,4267
4591924224.0,0.0003,452683.75,26,-34.37908172607422,180,3.402862071990967,14,4704,336.0,-127050.51780678573,4603
3192583680.0,0.0003,487928.3125,25,-37.24698257446289,196,3.758671522140503,15,5040,336.0,-127266.77932940001,4939
4654369280.0,0.0003,432251.0,25,-39.951595306396484,212,4.153306007385254,16,5376,336.0,-127448.44117775,5275
3061000448.0,0.0003,440862.28125,24,-42.72956466674805,228,4.590561389923096,17,5712,336.0,-127555.45861823531,5611
2305872384.0,0.0003,441291.5625,24,-45.369834899902344,244,5.0749640464782715,18,6048,336.0,-127666.73070700001,5947
1060459008.0,0.0003,440071.375,24,-48.15147018432617,259,5.611303806304932,19,6384,336.0,-127768.31632542105,6283
1222005888.0,0.0003,438478.4375,24,-51.66002655029297,274,6.205081939697266,20,6720,336.0,-127865.37519574999,6619
2186976000.0,0.0003,418648.6875,24,-54.29570770263672,288,6.861684322357178,21,7056,336.0,-127989.94390057142,6955
809500608.0,0.0003,426412.0,24,-56.98491287231445,303,7.588551044464111,22,7392,336.0,-128099.86477736362,7291
780081024.0,0.0003,408208.625,24,-59.45297622680664,318,8.392561912536621,23,7728,336.0,-128152.29057543477,7627
963685120.0,0.0003,389270.625,24,-62.71958923339844,333,9.281904220581055,24,8064,336.0,-128214.59502379165,7963
1304473856.0,0.0003,395165.0625,23,-65.09992218017578,350,10.26612377166748,25,8400,336.0,-128260.16531083999,8299
611821568.0,0.0003,396206.96875,23,-68.50221252441406,366,11.354759216308594,26,8736,336.0,-128606.10402830769,8635
910477760.0,0.0003,377256.96875,23,-71.05200958251953,382,12.558649063110352,27,9072,336.0,-128672.6732405185,8971
422628224.0,0.0003,375674.28125,23,-73.53012084960938,398,13.890128135681152,28,9408,336.0,-128710.37845224999,9307
939677056.0,0.0003,369966.625,23,-76.55896759033203,413,15.362768173217773,29,9744,336.0,-128729.88225968964,9643
371378976.0,0.0003,371395.1875,23,-79.70668029785156,428,16.99081039428711,30,10080,336.0,-128751.67294823332,9979
935590528.0,0.0003,352074.75,23,-82.76192474365234,443,18.79130744934082,31,10416,336.0,-128775.05842732257,10315
821059072.0,0.0003,350912.9375,23,-85.62522888183594,460,20.78373908996582,32,10752,336.0,-128801.3967125625,10651
1843334656.0,0.0003,335718.65625,23,-87.55490112304688,476,22.98795509338379,33,11088,336.0,-128821.55256912121,10987
327107296.0,0.0003,339651.9375,23,-90.994384765625,491,25.423795700073242,34,11424,336.0,-128842.40840129412,11323
549867264.0,0.0003,342208.40625,23,-93.36495208740234,506,28.119718551635742,35,11760,336.0,-128864.18084542858,11659
2174924288.0,0.0003,319234.125,23,-96.7843017578125,521,31.102205276489258,36,12096,336.0,-128886.5339140278,11995
650153344.0,0.0003,333357.09375,23,-98.40217590332031,536,34.401397705078125,37,12432,336.0,-128902.90734210811,12331
663447936.0,0.0003,333926.5,23,-102.37460327148438,550,38.049949645996094,38,12768,336.0,-128913.63519118422,12667
672816128.0,0.0003,322089.8125,23,-104.58797454833984,565,42.084312438964844,39,13104,336.0,-128932.63403702565,13003
136574400.0,0.0003,317331.09375,23,-108.41573333740234,582,46.5478401184082,40,13440,336.0,-128954.35754545001,13339
1940505856.0,0.0003,323297.78125,23,-111.32305908203125,598,51.485694885253906,41,13776,336.0,-128984.61084885366,13675
582003072.0,0.0003,307071.40625,23,-114.19731903076172,613,56.94566345214844,42,14112,336.0,-128995.54941776191,14011
585080768.0,0.0003,324129.6875,23,-115.4149398803711,628,62.982391357421875,43,14448,336.0,-129005.82460186048,14347
1084552192.0,0.0003,315924.03125,22,-119.72835540771484,643,69.6638412475586,44,14784,336.0,-129028.14998693182,14683
1428711040.0,0.0003,313356.78125,22,-121.27581024169922,657,77.052734375,45,15120,336.0,-129046.04051811111,15019
1501578240.0,0.0003,308888.625,22,-123.51538848876953,672,85.22764587402344,46,15456,336.0,-129056.17310641306,15355
357909568.0,0.0003,320548.09375,22,-128.0259246826172,687,94.26483917236328,47,15792,336.0,-129062.93791474469,15691
143597072.0,0.0003,321979.53125,22,-129.7726593017578,704,104.26303100585938,48,16128,336.0,-129078.68859327084,16027
184153568.0,0.0003,296527.1875,22,-133.64309692382812,721,115.31937408447266,49,16464,336.0,-129097.72254587755,16363
528771488.0,0.0003,316214.34375,22,-135.7227783203125,736,127.54931640625,50,16800,336.0,-129102.2859138,16699
594594560.0,0.0003,315174.375,22,-138.69625854492188,752,141.0745391845703,51,17136,336.0,-129118.72398307842,17035
153814656.0,0.0003,319096.03125,22,-142.39427185058594,768,156.03306579589844,52,17472,336.0,-129123.55904892307,17371
193490256.0,0.0003,330461.96875,22,-144.61021423339844,784,172.5811309814453,53,17808,336.0,-129129.6674712264,17707
611514816.0,0.0003,329081.65625,22,-148.37620544433594,799,190.88121032714844,54,18144,336.0,-129145.3349147037,18043
262630272.0,0.0003,348164.9375,22,-150.08006286621094,816,211.12811279296875,55,18480,336.0,-129148.54961001818,18379
138394704.0,0.0003,335884.53125,22,-153.86276245117188,833,233.5194091796875,56,18816,336.0,-129162.41049878571,18715
1310067200.0,0.0003,340227.125,22,-155.24566650390625,849,258.29229736328125,57,19152,336.0,-129166.48428714035,19051
847003776.0,0.0003,364430.4375,22,-158.59584045410156,864,285.6864318847656,58,19488,336.0,-129177.44320305172,19387
227164128.0,0.0003,371432.09375,22,-160.97715759277344,879,315.9811096191406,59,19824,336.0,-129185.34292120338,19723
786743040.0,0.0003,387922.96875,22,-164.61883544921875,894,349.48297119140625,60,20160,336.0,-129192.94755968332,20059
328214816.0,0.0003,392254.0,22,-168.9294891357422,909,386.53778076171875,61,20496,336.0,-129197.88848880328,20395
361829760.0,0.0003,406871.21875,22,-170.75889587402344,925,427.5542297363281,62,20832,336.0,-129207.4671425,20731
1159475328.0,0.0003,423882.5,22,-173.43507385253906,941,472.9059143066406,63,21168,336.0,-129213.6589768889,21067
382361312.0,0.0003,440279.875,22,-175.38414001464844,958,523.067626953125,64,21504,336.0,-129221.49939678125,21403
1357345536.0,0.0003,449656.625,22,-177.01856994628906,975,578.5225219726562,65,21840,336.0,-129223.70100867692,21739
2412870656.0,0.0003,467928.5625,22,-182.02044677734375,992,639.863037109375,66,22176,336.0,-129232.65023987879,22075
1591124224.0,0.0003,516897.0,22,-185.33351135253906,1008,707.6845092773438,67,22512,336.0,-129241.50210704477,22411
326228480.0,0.0003,544111.5625,22,-187.13768005371094,1023,782.7371826171875,68,22848,336.0,-129253.90714766175,22747
2245011712.0,0.0003,605885.125,22,-190.97567749023438,1038,865.7647705078125,69,23184,336.0,-129259.71675701448,23083
560244800.0,0.0003,644176.0625,22,-192.9473419189453,1055,957.58154296875,70,23520,336.0,-129266.4749992714,23419
630513280.0,0.0003,677490.5,22,-196.5157470703125,1072,1059.1038818359375,71,23856,336.0,-129269.66547119718,23755
3797582848.0,0.0003,714057.875,22,-197.69078063964844,1088,1171.43603515625,72,24192,336.0,-129278.36506722221,24091
3868113408.0,0.0003,788122.0625,22,-201.63702392578125,1105,1295.69482421875,73,24528,336.0,-129283.20499445204,24427
1515688960.0,0.0003,857962.0,22,-204.89186096191406,1121,1433.0877685546875,74,24864,336.0,-129295.13054305405,24763
2162356224.0,0.0003,873289.5625,22,-206.70408630371094,1137,1585.0738525390625,75,25200,336.0,-129302.97376766667,25099
9226975232.0,0.0003,963200.625,22,-209.0529327392578,1153,1753.248046875,76,25536,336.0,-129310.46709152633,25435
2475143168.0,0.0003,1032454.5,22,-213.0069122314453,1169,1939.23681640625,77,25872,336.0,-129312.3464584935,25771
8801935360.0,0.0003,1120384.375,22,-216.77296447753906,1185,2144.8994140625,78,26208,336.0,-129329.32344005127,26107
2592020224.0,0.0003,1216517.125,22,-218.4575958251953,1202,2372.403564453125,79,26544,336.0,-129331.31647783544,26443
11617560576.0,0.0003,1341558.0,22,-220.95619201660156,1217,2624.018798828125,80,26880,336.0,-129335.18220544998,26779
11540213760.0,0.0003,1456007.125,22,-224.1409454345703,1232,2902.24658203125,81,27216,336.0,-129339.7273646543,27115
15772553216.0,0.0003,1578906.25,22,-225.65985107421875,1248,3209.90771484375,82,27552,336.0,-129343.84436599996,27451
22078337024.0,0.0003,1780752.625,22,-228.9358367919922,1264,3550.2666015625,83,27888,336.0,-129345.15362522888,27787
17815179264.0,0.0003,1924427.0,22,-231.99156188964844,1281,3926.80859375,84,28224,336.0,-129352.20831740473,28123
27210686464.0,0.0003,2094614.375,21,-235.63690185546875,1298,4343.28271484375,85,28560,336.0,-129360.23162182348,28459
9570626560.0,0.0003,2269234.75,21,-238.41160583496094,1313,4804.0146484375,86,28896,336.0,-129367.71426783716,28795
17652867072.0,0.0003,2544704.0,21,-241.82997131347656,1329,5313.35693359375,87,29232,336.0,-129375.32257477008,29131
42110525440.0,0.0003,2817979.0,21,-244.3672637939453,1344,5876.9599609375,88,29568,336.0,-129375.27146749999,29467
98415534080.0,0.0003,3068053.75,21,-245.47743225097656,1360,6500.12255859375,89,29904,336.0,-129376.23821905618,29803
22690248704.0,0.0003,3332334.75,21,-250.9129180908203,1376,7189.27978515625,90,30240,336.0,-129382.57232005555,30139
123291836416.0,0.0003,3605858.25,21,-252.47349548339844,1393,7952.125,91,30576,336.0,-129387.21040850549,30475
60312690688.0,0.0003,3852039.5,21,-253.8220672607422,1409,8795.50390625,92,30912,336.0,-129398.78053502174,30811
115467239424.0,0.0003,4121978.25,21,-257.3421936035156,1426,9728.951171875,93,31248,336.0,-129398.17907619354,31147
131955154944.0,0.0003,4419981.0,21,-260.85711669921875,1442,10761.0615234375,94,31584,336.0,-129405.72298370213,31483
187105378304.0,0.0003,4766778.5,21,-263.5966796875,1458,11902.529296875,95,31920,336.0,-129410.58404237895,31819
191007981568.0,0.0003,5317803.5,21,-268.63348388671875,1473,13165.08984375,96,32256,336.0,-129417.98998859373,32155
221522198528.0,0.0003,5872572.0,21,-271.072509765625,1487,14561.5625,97,32592,336.0,-129420.5106127938,32491
208663855104.0,0.0003,6395098.5,21,-273.38555908203125,1502,16105.71875,98,32928,336.0,-129425.4723655204,32827
255251972096.0,0.0003,7142879.5,21,-276.0055847167969,1517,17814.013671875,99,33264,336.0,-129424.32537254544,33163
293854707712.0,0.0003,7474539.0,21,-279.0340576171875,1533,19704.103515625,100,33600,336.0,-129428.28049568999,33499
643643998208.0,0.0003,8674840.0,21,-281.87872314453125,1550,21794.216796875,101,33936,336.0,-129818.79187808,33835
798276648960.0,0.0003,9236712.0,21,-282.7611999511719,1566,24103.921875,102,34272,336.0,-129816.09053825,34171
579375333376.0,0.0003,10333269.0,21,-286.17767333984375,1581,26660.236328125,103,34608,336.0,-129815.45345329,34507
792542445568.0,0.0003,11414696.0,21,-291.5175476074219,1596,29486.392578125,104,34944,336.0,-129802.2292564,34843
1268689928192.0,0.0003,12615600.0,21,-292.99432373046875,1611,32615.279296875,105,35280,336.0,-129805.60987195998,35179
2044347023360.0,0.0003,13848974.0,21,-294.50787353515625,1627,36074.4296875,106,35616,336.0,-129805.62488446999,35515
2377066741760.0,0.0003,15294048.0,21,-298.52874755859375,1642,39899.12109375,107,35952,336.0,-129810.09600585999,35851
1528615141376.0,0.0003,17549518.0,21,-301.23797607421875,1658,44131.33203125,108,36288,336.0,-129812.78425654997,36187
3715218800640.0,0.0003,19814266.0,21,-304.2388610839844,1675,48811.91015625,109,36624,336.0,-129807.25227769,36523
1492516077568.0,0.0003,21800014.0,21,-304.07421875,1691,53989.83984375,110,36960,336.0,-129808.28409543999,36859
1387738955776.0,0.0003,24313470.0,21,-310.29437255859375,1707,59714.87109375,111,37296,336.0,-129810.17282189001,37195
2397973774336.0,0.0003,27403990.0,21,-311.4210510253906,1723,66048.3671875,112,37632,336.0,-129809.15313026002,37531
2543881289728.0,0.0003,30793360.0,21,-313.1261291503906,1738,73052.6328125,113,37968,336.0,-129817.18095090002,37867
2857440378880.0,0.0003,33469828.0,21,-313.6936950683594,1755,80798.53125,114,38304,336.0,-129816.76737010002,38203
19793302257664.0,0.0003,36753980.0,21,-317.95361328125,1771,89368.8046875,115,38640,336.0,-129817.83257542,38539
3160608604160.0,0.0003,42511504.0,21,-323.4053649902344,1788,98852.0859375,116,38976,336.0,-129817.16094913002,38875
13409479294976.0,0.0003,46486800.0,21,-323.1959228515625,1804,109334.484375,117,39312,336.0,-129820.78633529998,39211
26142788550656.0,0.0003,52097792.0,21,-328.6956481933594,1819,120935.484375,118,39648,336.0,-129823.21054067001,39547
18602895867904.0,0.0003,56858772.0,21,-331.5575256347656,1834,133763.203125,119,39984,336.0,-129826.4081674,39883
26647604494336.0,0.0003,62813424.0,21,-334.41656494140625,1849,147946.625,120,40320,336.0,-129834.25038600003,40219
29274188808192.0,0.0003,71700376.0,21,-339.7645263671875,1864,163640.515625,121,40656,336.0,-129826.69165950002,40555
33051126005760.0,0.0003,77857992.0,21,-339.7774963378906,1879,180993.15625,122,40992,336.0,-129819.85757530002,40891
71413604024320.0,0.0003,87104768.0,21,-343.8327331542969,1896,200201.359375,123,41328,336.0,-129827.27684410002,41227
12530804064256.0,0.0003,97644664.0,21,-347.7010192871094,1912,221430.734375,124,41664,336.0,-129824.74355648,41563
105498900692992.0,0.0003,108319904.0,21,-343.43499755859375,1928,244915.03125,125,42000,336.0,-129830.35059416998,41899
25757107617792.0,0.0003,119488480.0,21,-350.84967041015625,1943,270886.875,126,42336,336.0,-129756.57233658999,42235
114795198021632.0,0.0003,131530048.0,21,-351.81109619140625,1958,299615.5,127,42672,336.0,-129750.80237267,42571
20572079652864.0,0.0003,147793120.0,21,-358.77532958984375,1974,331400.34375,128,43008,336.0,-129753.12608999001,42907
271716945231872.0,0.0003,161578048.0,21,-359.99676513671875,1989,366537.21875,129,43344,336.0,-129760.32961752,43243
306476719538176.0,0.0003,180394176.0,21,-361.9278259277344,2004,405401.0,130,43680,336.0,-129761.76750664001,43579
215320635637760.0,0.0003,199574672.0,21,-367.34503173828125,2021,448399.625,131,44016,336.0,-129769.19489907002,43915
115044633280512.0,0.0003,218748496.0,21,-367.4521179199219,2037,495984.40625,132,44352,336.0,-129771.81254488003,44251
112329626746880.0,0.0003,244383376.0,21,-371.78131103515625,2053,548579.1875,133,44688,336.0,-129777.98369282001,44587
399910545391616.0,0.0003,270224064.0,21,-374.1719665527344,2069,606756.4375,134,45024,336.0,-129781.85146809003,44923
533115734851584.0,0.0003,300664864.0,21,-378.26666259765625,2085,671070.0625,135,45360,336.0,-129789.63216206999,45259
693915585871872.0,0.0003,331520032.0,21,-379.82855224609375,2100,742262.3125,136,45696,336.0,-129789.59467032,45595
771828372996096.0,0.0003,365059712.0,21,-383.0877685546875,2116,820993.8125,137,46032,336.0,-129794.07405372997,45931
1116807461076992.0,0.0003,399718848.0,21,-385.9261474609375,2132,908105.0,138,46368,336.0,-129800.51948531998,46267
1928205971750912.0,0.0003,457919136.0,21,-390.40765380859375,2149,1004392.875,139,46704,336.0,-129808.05154392001,46603
426052736253952.0,0.0003,492710208.0,21,-391.9105224609375,2165,1110858.625,140,47040,336.0,-129809.62399083002,46939
757615453798400.0,0.0003,537384512.0,21,-395.3645324707031,2181,1228688.25,141,47376,336.0,-129812.79073507004,47275
2236040504934400.0,0.0003,585776000.0,21,-396.87298583984375,2196,1359053.625,142,47712,336.0,-129815.60301830003,47611
2404865468792832.0,0.0003,658888128.0,21,-400.5380554199219,2211,1503208.125,143,48048,336.0,-129823.28838405004,47947
800683909447680.0,0.0003,741734912.0,21,-401.84716796875,2226,1662570.5,144,48384,336.0,-129825.78885430003,48283
1427138309783552.0,0.0003,811497344.0,21,-405.71783447265625,2242,1838841.625,145,48720,336.0,-129828.84288721,48619
1690356454260736.0,0.0003,890775552.0,21,-410.1954040527344,2259,2033877.25,146,49056,336.0,-129830.00122964999,48955
9149370188431360.0,0.0003,1038343808.0,21,-411.8612060546875,2276,2249575.75,147,49392,336.0,-129832.77543856,49291
1.1217943476043776e+16,0.0003,1122796032.0,21,-412.8575439453125,2293,2488216.0,148,49728,336.0,-129829.72385901,49627
1.4439914124869632e+16,0.0003,1234637824.0,21,-416.46392822265625,2309,2752032.75,149,50064,336.0,-129832.97672938001,49963
2886289963614208.0,0.0003,1332688000.0,21,-413.8516845703125,2324,3044024.0,150,50400,336.0,-129841.5119527,50299
3144523798544384.0,0.0003,1535252864.0,21,-418.2089538574219,2340,3366967.0,151,50736,336.0,-129836.52379984001,50635
2.5792133310971904e+16,0.0003,1667163520.0,21,-424.3222351074219,2356,3724128.5,152,51072,336.0,-129844.28324298002,50971
2.204201697620787e+16,0.0003,1852589312.0,21,-426.6317138671875,2373,4119204.75,153,51408,336.0,-129853.77802982002,51307
2.396818310692864e+16,0.0003,2033670400.0,21,-431.7476806640625,2390,4555997.0,154,51744,336.0,-129850.10168571,51643
1.5907540957134848e+16,0.0003,2235691264.0,21,-429.3195495605469,2407,5038928.5,155,52080,336.0,-129853.47502185,51979
8.36034625619886e+16,0.0003,2505554176.0,21,-437.1435852050781,2422,5573581.0,156,52416,336.0,-129851.92318942999,52315
4.980773070936474e+16,0.0003,2823065344.0,21,-436.7771911621094,2437,6164916.0,157,52752,336.0,-129860.42086635,52651
5.573273258347725e+16,0.0003,3021748480.0,21,-443.9425964355469,2453,6818671.0,158,53088,336.0,-129860.35478371002,52987
6.579258107782758e+16,0.0003,3366373120.0,21,-445.35546875,2468,7542234.5,159,53424,336.0,-129859.96010876998,53323
2.0033827707551744e+16,0.0003,3770367232.0,21,-446.68768310546875,2484,8341879.0,160,53760,336.0,-129860.19899563999,53659
6.290152262677299e+16,0.0003,4033126656.0,21,-451.5563049316406,2500,9226532.0,161,54096,336.0,-129859.92128958998,53995
2.703930161941709e+16,0.0003,4610191872.0,21,-452.7723388671875,2517,10203767.0,162,54432,336.0,-129858.27041285999,54331
2.409793449843753e+17,0.0003,4966100480.0,21,-453.94873046875,2533,11284700.0,163,54768,336.0,-129858.28261132998,54667
3.142000848855368e+17,0.0003,5530103296.0,21,-457.55322265625,2548,12479665.0,164,55104,336.0,-129860.01545702001,55003
4.073672026651361e+17,0.0003,6239456256.0,21,-463.0539245605469,2563,13802115.0,165,55440,336.0,-129860.70179888999,55339
2.815406725304156e+17,0.0003,6942800896.0,21,-468.0533752441406,2579,15264005.0,166,55776,336.0,-129861.81621435,55675
1.491186703568732e+17,0.0003,7355533824.0,21,-467.04156494140625,2594,16881088.0,167,56112,336.0,-129863.74774153998,56011
1.1587936869731533e+17,0.0003,8307295744.0,21,-470.40509033203125,2610,18668706.0,168,56448,336.0,-129860.45349500001,56347
5.134839560798208e+17,0.0003,9138336768.0,21,-470.8050842285156,2627,20645620.0,169,56784,336.0,-129864.49456560999,56683
2.458066820666491e+17,0.0003,9979337728.0,21,-470.4823303222656,2644,22832272.0,170,57120,336.0,-129863.70340985998,57019
1.959250349701202e+17,0.0003,11332231168.0,21,-480.3716735839844,2660,25250182.0,171,57456,336.0,-129869.51271657,57355
8.192357372149105e+17,0.0003,12596934656.0,21,-485.2987365722656,2676,27924840.0,172,57792,336.0,-129870.33004558997,57691
1.1473311751743734e+18,0.0003,13732524032.0,21,-480.6761169433594,2693,30881694.0,173,58128,336.0,-129866.98750107997,58027
4.6835130586208666e+17,0.0003,15155388416.0,21,-489.0908508300781,2710,34152876.0,174,58464,336.0,-129865.40494622997,58363
2.701450866300289e+18,0.0003,16845742080.0,21,-492.32275390625,2727,37769408.0,175,58800,336.0,-129868.58518291,58699
2.091419000343888e+18,0.0003,18623098880.0,21,-495.63458251953125,2745,41771456.0,176,59136,336.0,-129869.47592119999,59035
2.37290332290338e+18,0.0003,20846460928.0,21,-497.2879638671875,2762,46197560.0,177,59472,336.0,-129878.90262666001,59371
9.880056181177713e+17,0.0003,22772316160.0,21,-498.92962646484375,2778,51091872.0,178,59808,336.0,-129874.07698226,59707
4.203918387371311e+18,0.0003,24998371328.0,21,-500.5420227050781,2794,56504164.0,179,60144,336.0,-129875.26727276998,60043
7.835334264299192e+18,0.0003,27658409984.0,21,-504.54339599609375,2809,62489796.0,180,60480,336.0,-129880.66175721999,60379
9.768591265766572e+18,0.0003,31095607296.0,21,-505.5978088378906,2825,69109768.0,181,60816,336.0,-129878.89327461999,60715
1.136883148394804e+19,0.0003,33863571456.0,21,-511.0942077636719,2841,76432488.0,182,61152,336.0,-129880.83123468999,61051
8.549775479551295e+18,0.0003,37287460864.0,21,-508.8675842285156,2857,84525632.0,183,61488,336.0,-129889.14467209998,61387
1.08957105310044e+19,0.0003,41876336640.0,21,-517.9278564453125,2874,93480896.0,184,61824,336.0,-129888.03625753996,61723
1.4258054472138752e+19,0.0003,46622019584.0,21,-519.6563720703125,2890,103382192.0,185,62160,336.0,-129887.26464484997,62059
3.623945245172957e+19,0.0003,51741126656.0,21,-523.8175048828125,2906,114333512.0,186,62496,336.0,-129887.54161446,62395
5.071002602884301e+18,0.0003,56271437824.0,21,-523.8951416015625,2921,126442744.0,187,62832,336.0,-129882.92883468998,62731
9.333965314422997e+18,0.0003,62487769088.0,21,-526.4563598632812,2937,139837952.0,188,63168,336.0,-129893.57119954997,63067
7.513660042965418e+18,0.0003,69547048960.0,21,-525.8817749023438,2953,154648384.0,189,63504,336.0,-129901.86515741,63403
1.0068519126223867e+20,0.0003,75869659136.0,21,-530.3994140625,2969,171032976.0,190,63840,336.0,-129901.83226162998,63739
1.6610837831765459e+19,0.0003,84851638272.0,21,-538.3555908203125,2987,189145888.0,191,64176,336.0,-129901.69014072999,64075
5.458521078047441e+19,0.0003,92349194240.0,21,-538.7674560546875,3003,209184592.0,192,64512,336.0,-129902.42826086999,64411
1.7474382169592824e+19,0.0003,102527352832.0,21,-543.6806030273438,3018,231333904.0,193,64848,336.0,-129904.17177428998,64747
3.4775043701020295e+19,0.0003,112973807616.0,21,-542.6264038085938,3034,255835792.0,194,65184,336.0,-129907.43598911997,65083
8.02314338475589e+19,0.0003,127812853760.0,21,-548.7981567382812,3050,282942528.0,195,65520,336.0,-129906.70246017998,65419
4.333100558274527e+19,0.0003,140210454528.0,21,-551.30029296875,3067,312917152.0,196,65856,336.0,-129906.96931064999,65755
2.2136981293846705e+20,0.0003,155720712192.0,21,-549.8899536132812,3084,346058688.0,197,66192,336.0,-129908.85092814999,66091
5.008526153170813e+19,0.0003,173615579136.0,21,-555.5272827148438,3100,382711008.0,198,66528,336.0,-129910.81605218998,66427
2.12336454103078e+20,0.0003,188164620288.0,21,-557.2730712890625,3117,423237216.0,199,66864,336.0,-129916.20870214999,66763
9.106873062431444e+19,0.0003,214285320192.0,21,-562.586181640625,3134,468068256.0,200,67200,336.0,-129916.56005399,67099
1.0950840263923414e+20,0.0003,227569401856.0,21,-565.5590209960938,3150,517638112.0,201,67536,336.0,-129920.05155937001,67435
1.2303620436915755e+20,0.0003,258234105856.0,21,-566.4285278320312,3167,572468480.0,202,67872,336.0,-129920.53776862001,67771
1.3481865013724237e+20,0.0003,280619188224.0,21,-566.2847900390625,3183,633126016.0,203,68208,336.0,-129926.57476077,68107
1.719891624383029e+20,0.0003,311624597504.0,21,-567.70458984375,3199,700176000.0,204,68544,336.0,-129933.11742918001,68443
2.8077375217492558e+20,0.0003,350638669824.0,21,-580.0839233398438,3215,774301632.0,205,68880,336.0,-129928.92808274999,68779
7.995125717417832e+20,0.0003,383316590592.0,21,-580.2322387695312,3232,856362944.0,206,69216,336.0,-129927.89512917,69115
4.6437337037445005e+20,0.0003,419908943872.0,21,-581.8117065429688,3248,947067072.0,207,69552,336.0,-129934.72392634003,69451
2.110325986790845e+21,0.0003,472289181696.0,21,-584.099365234375,3264,1047348352.0,208,69888,336.0,-129934.74440074,69787
6.2456778131053e+20,0.0003,518399164416.0,21,-581.2919921875,3279,1158225920.0,209,70224,336.0,-129935.77679519998,70123
3.1582618286842446e+21,0.0003,558392279040.0,21,-589.9449462890625,3295,1280941824.0,210,70560,336.0,-129938.55482956998,70459
8.11525149691608e+20,0.0003,622397095936.0,21,-584.4561767578125,3311,1416635264.0,211,70896,336.0,-129936.87804262999,70795
4.3066411715919117e+21,0.0003,713095905280.0,21,-595.4094848632812,3328,1566700160.0,212,71232,336.0,-129941.00748355998,71131
3.714905898202308e+21,0.0003,757997240320.0,21,-592.8809814453125,3345,1732800128.0,213,71568,336.0,-129937.72920175997,71467
4.537006766456377e+21,0.0003,840386674688.0,21,-597.2967529296875,3363,1916261504.0,214,71904,336.0,-129933.18796364,71803
1.8181563683400675e+21,0.0003,914313183232.0,21,-597.0670166015625,3380,2119207424.0,215,72240,336.0,-129928.28546017001,72139
1.5619001421678028e+21,0.0003,1033280618496.0,21,-603.7384643554688,3396,2343714048.0,216,72576,336.0,-129926.7607015,72475
2.436988674787653e+21,0.0003,1150730371072.0,21,-609.8540649414062,3413,2592029184.0,217,72912,336.0,-129926.23690242,72811
1.432624540044114e+22,0.0003,1264106209280.0,21,-613.68212890625,3430,2866636800.0,218,73248,336.0,-129930.05985694,73147
1.8477553198760393e+22,0.0003,1344121339904.0,21,-610.2429809570312,3446,3170439936.0,219,73584,336.0,-129924.66111257,73483
5.960210113850004e+21,0.0003,1526477488128.0,21,-615.2427368164062,3463,3506132480.0,220,73920,336.0,-129916.81458728999,73819
1.6133247196929142e+22,0.0003,1657135824896.0,21,-620.451171875,3479,3877523712.0,221,74256,336.0,-129915.43075959999,74155
2.3826523512184605e+22,0.0003,1758571659264.0,21,-622.51123046875,3496,4288173568.0,222,74592,336.0,-129914.98932239,74491
1.6538172594825464e+22,0.0003,1905374789632.0,21,-627.0512084960938,3511,4742322176.0,223,74928,336.0,-129916.91343033,74827
4.757301805899084e+22,0.0003,1964124667904.0,21,-627.5294799804688,3528,5244658688.0,224,75264,336.0,-129922.7645762,75163
3.826262747013601e+22,0.0003,2089801482240.0,21,-635.4755859375,3543,5800061952.0,225,75600,336.0,-129928.05982155,75499
4.031933134796357e+22,0.0003,2257561059328.0,21,-629.02783203125,3559,6414587392.0,226,75936,336.0,-129929.15639946,75835
7.393633367288032e+22,0.0003,2389998043136.0,21,-636.1631469726562,3576,7094033408.0,227,76272,336.0,-129930.26542024002,76171
8.6385471993234e+22,0.0003,2631766376448.0,21,-636.5660400390625,3593,7845178368.0,228,76608,336.0,-129931.13532942001,76507
1.2698105414234047e+23,0.0003,2759475593216.0,21,-640.7443237304688,3609,8676585472.0,229,76944,336.0,-129932.9053211,76843
1.3773524472853475e+23,0.0003,2977023131648.0,21,-645.6407470703125,3625,9595225088.0,230,77280,336.0,-129935.95528118999,77179
1.9934697361795745e+23,0.0003,3050990731264.0,21,-645.506103515625,3640,10612056064.0,231,77616,336.0,-129936.53202675002,77515
2.216842513089628e+23,0.0003,3180446351360.0,21,-654.05517578125,3656,11737203712.0,232,77952,336.0,-129936.15778808002,77851
2.833212724138928e+23,0.0003,3292893806592.0,21,-648.7542724609375,3672,12980332544.0,233,78288,336.0,-129936.00000979,78187
3.275286423849586e+23,0.0003,3519896879104.0,21,-654.4046630859375,3690,14354880512.0,234,78624,336.0,-129941.82721379,78523
4.79812279320954e+23,0.0003,3812923801600.0,21,-661.104248046875,3707,15876226048.0,235,78960,336.0,-129933.42369831001,78859
5.4381642841882696e+23,0.0003,4045152976896.0,21,-666.15771484375,3724,17557600256.0,236,79296,336.0,-129934.17697262,79195
6.016866748242213e+23,0.0003,4198310608896.0,21,-669.64208984375,3739,19417151488.0,237,79632,336.0,-129932.40993896998,79531
7.480246955609592e+23,0.0003,4278516187136.0,21,-670.4737548828125,3754,21473241088.0,238,79968,336.0,-129935.51061835,79867
8.540139944585653e+23,0.0003,4389052350464.0,21,-673.9097290039062,3770,23748046848.0,239,80304,336.0,-129934.10199457999,80203
1.0221485006430538e+24,0.0003,4794750074880.0,21,-675.775390625,3786,26262788096.0,240,80640,336.0,-129934.01378165,80539
1.3238788670377714e+24,0.0003,4810718314496.0,21,-677.7068481445312,3801,29046145024.0,241,80976,336.0,-129930.18536646999,80875
1.3066271261035868e+24,0.0003,4808031862784.0,21,-683.1107177734375,3818,32123385856.0,242,81312,336.0,-129939.50559505,81211
1.6956542588689375e+24,0.0003,4836789583872.0,21,-684.629150390625,3835,35524673536.0,243,81648,336.0,-129940.84926470001,81547
2.13102609793091e+24,0.0003,4902719324160.0,21,-684.7576904296875,3851,39287443456.0,244,81984,336.0,-129931.88023881998,81883
2.3997918444355325e+24,0.0003,5223240171520.0,21,-688.7028198242188,3867,43452493824.0,245,82320,336.0,-129931.67802508999,82219
2.8428190822880944e+24,0.0003,5186760212480.0,21,-694.4627685546875,3883,48056262656.0,246,82656,336.0,-129929.89241138998,82555
3.2573767970818353e+24,0.0003,5624938627072.0,21,-693.36865234375,3898,53146578944.0,247,82992,336.0,-129930.38687240997,82891
3.829994862010404e+24,0.0003,5651712966656.0,21,-697.4616088867188,3914,58772946944.0,248,83328,336.0,-129930.79609312997,83227
4.714422277242152e+24,0.0003,5949997711360.0,21,-701.4915771484375,3931,65000153088.0,249,83664,336.0,-129925.70262595998,83563
5.48245534905481e+24,0.0003,6186660265984.0,21,-705.7117919921875,3948,71885791232.0,250,84000,336.0,-129921.01999936998,83899
6.410270082808675e+24,0.0003,6522424262656.0,21,-702.9981079101562,3964,79503564800.0,251,84336,336.0,-129921.78203948999,84235
8.278411054484398e+24,0.0003,6672893345792.0,21,-707.1857299804688,3980,87923400704.0,252,84672,336.0,-129914.20308621999,84571
9.985432398812819e+24,0.0003,6823277494272.0,21,-712.2750854492188,3995,97236983808.0,253,85008,336.0,-129905.8093115,84907
1.2001424024239324e+25,0.0003,7285453619200.0,21,-716.6536865234375,4013,107536728064.0,254,85344,336.0,-129907.40676244999,85243
1.4615836097867499e+25,0.0003,7485587980288.0,21,-718.90185546875,4030,118924738560.0,255,85680,336.0,-129913.24339528002,85579
1.7142531597582176e+25,0.0003,7872004489216.0,21,-714.0380859375,4046,131515965440.0,256,86016,336.0,-129910.59943078,85915
2.070284313168548e+25,0.0003,8538497220608.0,21,-722.4635620117188,4062,145447796736.0,257,86352,336.0,-129914.20787576001,86251
2.526924700509793e+25,0.0003,8822122872832.0,21,-724.91650390625,4079,160852082688.0,258,86688,336.0,-129914.52536049999,86587
3.1267355720460188e+25,0.0003,9201470406656.0,21,-727.4750366210938,4095,177896292352.0,259,87024,336.0,-129915.68666656001,86923
3.792075734892487e+25,0.0003,9935681224704.0,21,-726.8969116210938,4110,196728553472.0,260,87360,336.0,-129919.33606126001,87259
4.620204724840627e+25,0.0003,10617931956224.0,21,-736.1135864257812,4126,217576407040.0,261,87696,336.0,-129925.39183174001,87595
5.724753332462985e+25,0.0003,11442668437504.0,21,-738.3350219726562,4142,240607838208.0,262,88032,336.0,-129927.59685898,87931
6.800718710143131e+25,0.0003,12205694124032.0,21,-739.8426513671875,4158,266113302528.0,263,88368,336.0,-129934.29385161001,88267
8.341038442367545e+25,0.0003,12910398013440.0,21,-738.6241455078125,4174,294317981696.0,264,88704,336.0,-129929.51640612997,88603
1.0180936065360613e+26,0.0003,13770541760512.0,21,-747.6560668945312,4192,325532450816.0,265,89040,336.0,-129932.57055987998,88939
1.239722105443365e+26,0.0003,15265880342528.0,21,-746.6630859375,4208,360001175552.0,266,89376,336.0,-129928.6275756,89275
1.5058123304229291e+26,0.0003,16061115138048.0,21,-747.09716796875,4224,398131691520.0,267,89712,336.0,-129930.76226336001,89611
1.809038987169363e+26,0.0003,17493321056256.0,21,-751.9786376953125,4240,440327798784.0,268,90048,336.0,-129930.87343533,89947
2.2803791236943453e+26,0.0003,18967408148480.0,21,-755.8323974609375,4255,486971015168.0,269,90384,336.0,-129928.6139759,90283
2.803490231929634e+26,0.0003,20659923058688.0,21,-761.6294555664062,4273,538536542208.0,270,90720,336.0,-129934.70769829002,90619
3.359326970956328e+26,0.0003,22247827832832.0,21,-761.0446166992188,4290,595564691456.0,271,91056,336.0,-129935.02964461001,90955
4.1637223338623734e+26,0.0003,24483643523072.0,21,-767.6142578125,4307,658671927296.0,272,91392,336.0,-129933.23365456001,91291
5.024865784497253e+26,0.0003,26721606696960.0,21,-768.395263671875,4323,728474517504.0,273,91728,336.0,-129937.79753488001,91627
6.230202605584901e+26,0.0003,29118299111424.0,21,-771.6089477539062,4340,805639094272.0,274,92064,336.0,-129942.28241157999,91963
7.519782755378129e+26,0.0003,31647921602560.0,21,-772.6786499023438,4357,890977452032.0,275,92400,336.0,-129940.28560459,92299
9.362091552289072e+26,0.0003,34301647257600.0,21,-769.6666259765625,4373,985329041408.0,276,92736,336.0,-129943.97735476,92635
1.1411468740776219e+27,0.0003,37788388950016.0,21,-778.9967651367188,4389,1089665892352.0,277,93072,336.0,-129935.31672912,92971
1.394642916582254e+27,0.0003,41177663406080.0,21,-781.7197265625,4405,1205108473856.0,278,93408,336.0,-129937.50703837998,93307
1.7128737491298737e+27,0.0003,45409263157248.0,21,-786.9383544921875,4422,1332748353536.0,279,93744,336.0,-129942.23955286,93643
2.0646859200329898e+27,0.0003,49636811210752.0,21,-787.2342529296875,4438,1473949597696.0,280,94080,336.0,-129938.57446832997,93979
2.5439712905914476e+27,0.0003,54237291610112.0,21,-788.834716796875,4454,1630107467776.0,281,94416,336.0,-129946.11690818999,94315
3.09198598294159e+27,0.0003,59866089521152.0,21,-791.0894165039062,4470,1802689183744.0,282,94752,336.0,-129949.38628448,94651
3.8027101076069117e+27,0.0003,66355827048448.0,21,-803.4410400390625,4486,1993637494784.0,283,95088,336.0,-129939.5697123,94987
4.679920672329992e+27,0.0003,72742443417600.0,21,-799.6339111328125,4502,2204778102784.0,284,95424,336.0,-129943.00309885001,95323
5.716897454457803e+27,0.0003,79892683161600.0,21,-803.43798828125,4518,2438219694080.0,285,95760,336.0,-129945.01646838002,95659
6.896460189577759e+27,0.0003,87474055413760.0,21,-800.489501953125,4535,2696599306240.0,286,96096,336.0,-129944.36203739999,95995
8.513758553756644e+27,0.0003,97124712710144.0,21,-811.0662841796875,4552,2982216990720.0,287,96432,336.0,-129953.08139357,96331
1.0340962566324223e+28,0.0003,106805317337088.0,21,-813.5760498046875,4569,3297998798848.0,288,96768,336.0,-129944.67259233,96667
1.2647545806484107e+28,0.0003,117427769704448.0,21,-812.8824462890625,4586,3647266881536.0,289,97104,336.0,-129945.1879243,97003
1.5512005811097796e+28,0.0003,129170730385408.0,21,-815.4458618164062,4602,4033785364480.0,290,97440,336.0,-129940.38626768999,97339
1.8997380269753497e+28,0.0003,142892639191040.0,21,-820.493896484375,4618,4461069074432.0,291,97776,336.0,-129943.17566555999,97675
2.3384271018271704e+28,0.0003,157721265438720.0,21,-824.050048828125,4634,4933415862272.0,292,98112,336.0,-129941.81155,98011
2.8486098537505856e+28,0.0003,173715253886976.0,21,-824.8380737304688,4651,5456181329920.0,293,98448,336.0,-129946.45729853,98347
3.490885696459534e+28,0.0003,190513256857600.0,21,-822.5794677734375,4668,6034064670720.0,294,98784,336.0,-129942.48873118998,98683
4.249678376346918e+28,0.0003,212762747731968.0,21,-835.9306030273438,4684,6673383555072.0,295,99120,336.0,-129944.00433056001,99019
5.144385958214422e+28,0.0003,231694107934720.0,21,-826.2908935546875,4701,7380354465792.0,296,99456,336.0,-129943.3475437,99355
6.322691481317476e+28,0.0003,258398754963456.0,21,-837.4385375976562,4718,8161940471808.0,297,99792,336.0,-129942.75020260998,99691
7.671420127237572e+28,0.0003,283278930083840.0,21,-834.0126342773438,4735,9026194636800.0,298,100128,336.0,-129946.16384493001,100027
9.466351015024571e+28,0.0003,313943755063296.0,21,-839.9265747070312,4752,9982800035840.0,299,100464,336.0,-129941.38870390001,100363
1.1623404298397574e+29,0.0003,348184073207808.0,21,-846.0447387695312,4768,11039925075968.0,300,100800,336.0,-129948.23549297999,100699
1.4223306943434643e+29,0.0003,386008105353216.0,21,-852.62255859375,4785,12209040130048.0,301,101136,336.0,-129943.22135920002,101035
1.734572810612168e+29,0.0003,423690235805696.0,21,-849.4044799804688,4802,13504281051136.0,302,101472,336.0,-129950.97023340002,101371
2.1179061874926286e+29,0.0003,465707733090304.0,21,-847.3323974609375,4818,14934282862592.0,303,101808,336.0,-129950.49394278001,101707
2.598705808475651e+29,0.0003,515892312014848.0,21,-852.1343994140625,4835,16515396009984.0,304,102144,336.0,-129943.19798411001,102043
3.173559102646054e+29,0.0003,567955872022528.0,21,-851.58544921875,4852,18264077893632.0,305,102480,336.0,-129947.2376903,102379
3.910912805385188e+29,0.0003,634236478423040.0,21,-864.342041015625,4868,20198300057600.0,306,102816,336.0,-129941.32151146,102715
4.7780684955870265e+29,0.0003,698006944874496.0,21,-862.9290771484375,4885,22337105690624.0,307,103152,336.0,-129931.8220936,103051
5.7832691583947474e+29,0.0003,770207157059584.0,21,-864.4110107421875,4902,24702579900416.0,308,103488,336.0,-129927.94831001,103387
7.108610756545079e+29,0.0003,850024695070720.0,21,-865.3084106445312,4918,27318657482752.0,309,103824,336.0,-129925.86591882,103723
8.647212158325892e+29,0.0003,945777232838656.0,21,-874.6030883789062,4934,30211785621504.0,310,104160,336.0,-129924.35264108,104059
1.0685453534409784e+30,0.0003,1046718158209024.0,21,-878.4302978515625,4950,33413155258368.0,311,104496,336.0,-129928.51315187,104395
1.290233485654358e+30,0.0003,1146188258607104.0,21,-871.8594970703125,4966,36952623546368.0,312,104832,336.0,-129932.30080352,104731
1.5899653353102347e+30,0.0003,1277294417018880.0,21,-882.6377563476562,4982,40864617332736.0,313,105168,336.0,-129931.98154761002,105067
1.9325338091111537e+30,0.0003,1413187182264320.0,21,-886.1400146484375,4997,45194200219648.0,314,105504,336.0,-129940.12727043,105403
2.3604312895750223e+30,0.0003,1563174285344768.0,21,-889.4775390625,5014,49982216339456.0,315,105840,336.0,-129939.62325263002,105739
2.911411018891131e+30,0.0003,1707924346896384.0,21,-880.6346435546875,5031,55274958225408.0,316,106176,336.0,-129934.23362692002,106075
3.578349099435945e+30,0.0003,1896284164194304.0,21,-887.5809326171875,5047,61127228653568.0,317,106512,336.0,-129936.06268154,106411
4.3785135253853857e+30,0.0003,2088998273024000.0,21,-886.6507568359375,5063,67603238223872.0,318,106848,336.0,-129935.24375546999,106747
5.357820206062781e+30,0.0003,2334137289539584.0,21,-899.7452392578125,5081,74769181442048.0,319,107184,336.0,-129936.97548951,107083
6.527327185940146e+30,0.0003,2589455378546688.0,21,-905.638916015625,5100,82714283737088.0,320,107520,336.0,-129938.50500408998,107419
7.968230758766077e+30,0.0003,2868686771716096.0,21,-909.8204345703125,5118,91523194552320.0,321,107856,336.0,-129945.72759979998,107755
9.718826672191417e+30,0.0003,3149717756182528.0,21,-904.984375,5135,101271780458496.0,322,108192,336.0,-129947.43615187999,108091
1.1880515392725073e+31,0.0003,3498002022924288.0,21,-911.6090698242188,5152,112061300342784.0,323,108528,336.0,-129950.11440365999,108427
1.4737592751810899e+31,0.0003,3861335049764864.0,21,-912.2053833007812,5170,123997500997632.0,324,108864,336.0,-129954.79350986998,108763
1.7819093891124165e+31,0.0003,4288401364746240.0,21,-918.968505859375,5187,137197755826176.0,325,109200,336.0,-129952.43240247,109099
2.202926872736858e+31,0.0003,4731309666598912.0,21,-918.923583984375,5203,151802095861760.0,326,109536,336.0,-129946.82664418,109435
2.7036799050420565e+31,0.0003,5254002891554816.0,21,-925.710205078125,5219,167943740588032.0,327,109872,336.0,-129942.36321178997,109771
3.2676389641890026e+31,0.0003,5801070055915520.0,21,-926.4594116210938,5234,185823035129856.0,328,110208,336.0,-129943.66869915997,110107
3.9778908621230067e+31,0.0003,6397584641884160.0,21,-925.9222412109375,5250,205623807442944.0,329,110544,336.0,-129942.16321784997,110443
4.931128629103978e+31,0.0003,7132579174023168.0,21,-936.60498046875,5267,227525808619520.0,330,110880,336.0,-129948.58621852998,110779
6.068556157894959e+31,0.0003,7801147205091328.0,21,-927.6209716796875,5283,251731875201024.0,331,111216,336.0,-129947.62988314,111115
7.338303519064728e+31,0.0003,8658706682085376.0,21,-933.71533203125,5299,278533393874944.0,332,111552,336.0,-129953.41852469002,111451
8.957121924233959e+31,0.0003,9576595954073600.0,21,-936.1256103515625,5315,308204873449472.0,333,111888,336.0,-129955.97609146,111787
1.1000221066492518e+32,0.0003,1.0625468843687936e+16,21,-941.9193115234375,5330,341005974896640.0,334,112224,336.0,-129953.20639848002,112123
1.3477985135060565e+32,0.0003,1.1785944311005184e+16,21,-947.429931640625,5346,377303750148096.0,335,112560,336.0,-129953.29163807,112459
1.66327979539269e+32,0.0003,1.2992894545690624e+16,21,-946.4801025390625,5362,417458775130112.0,336,112896,336.0,-129953.91073206,112795
2.0304657707295202e+32,0.0003,1.44698253508608e+16,21,-956.2584838867188,5379,461880313249792.0,337,113232,336.0,-129956.15598432,113131
2.4464869331911094e+32,0.0003,1.5965582071431168e+16,21,-956.1151123046875,5397,511087216689152.0,338,113568,336.0,-129952.26977093,113467
3.0666285470241045e+32,0.0003,1.7482505464578048e+16,21,-947.97998046875,5414,565514854203392.0,339,113904,336.0,-129946.65139656999,113803
3.739211428630671e+32,0.0003,1.953924504354816e+16,21,-961.5022583007812,5429,625700499357696.0,340,114240,336.0,-129950.36076061,114139
4.5244340875555516e+32,0.0003,2.154465117339648e+16,21,-960.726318359375,5445,692294101499904.0,341,114576,336.0,-129949.61651899997,114475
5.541841298542438e+32,0.0003,2.3793038635565056e+16,21,-961.5426025390625,5460,766007417241600.0,342,114912,336.0,-129946.86393852998,114811
6.86563093212721e+32,0.0003,2.6109378922807296e+16,21,-955.5389404296875,5475,847611594539008.0,343,115248,336.0,-129938.46259326,115147
8.35218260093965e+32,0.0003,2.8713621605318656e+16,21,-951.8877563476562,5492,937884156690432.0,344,115584,336.0,-129948.25870267,115483
1.028707437150493e+33,0.0003,3.1909659241611264e+16,21,-959.2730712890625,5509,1037786706608128.0,345,115920,336.0,-129949.44203739,115819
1.2468391260002881e+33,0.0003,3.5573478945980416e+16,21,-970.0635986328125,5525,1148365941243904.0,346,116256,336.0,-129952.15491601998,116155
1.537206627794949e+33,0.0003,3.961084269350093e+16,21,-979.8117065429688,5541,1270543533735936.0,347,116592,336.0,-129955.62103618999,116491
1.8805349066377926e+33,0.0003,4.357185480740045e+16,21,-976.2569580078125,5557,1405902112423936.0,348,116928,336.0,-129958.67141322998,116827
2.2828527305201385e+33,0.0003,4.829962166285107e+16,21,-981.096923828125,5573,1555568569352192.0,349,117264,336.0,-129957.46363923998,117163
2.8109929230853916e+33,0.0003,5.350718360990515e+16,21,-985.296630859375,5589,1721154725216256.0,350,117600,336.0,-129960.53418455001,117499
3.443691078793737e+33,0.0003,5.946641637336678e+16,21,-992.931396484375,5605,1904512516227072.0,351,117936,336.0,-129968.98191914002,117835
4.2136842124990667e+33,0.0003,6.543266711339008e+16,21,-989.7012939453125,5622,2107250944507904.0,352,118272,336.0,-129970.46419554,118171
5.171337295729687e+33,0.0003,7.21583539706921e+16,21,-988.85302734375,5639,2331677883891712.0,353,118608,336.0,-129973.55247514001,118507
6.371229247907631e+33,0.0003,8.041396830837146e+16,21,-999.6073608398438,5655,2579839483641856.0,354,118944,336.0,-129977.48984369001,118843
7.750431863015905e+33,0.0003,8.903633849339085e+16,21,-1003.1351318359375,5671,2854739939164160.0,355,119280,336.0,-129979.66833612001,119179
9.41236388987645e+33,0.0003,9.777103925306982e+16,21,-997.6051635742188,5687,3158583373987840.0,356,119616,336.0,-129982.05788411,119515
1.157850889473793e+34,0.0003,1.0955520974258176e+17,21,-1014.4871826171875,5704,3494966286352384.0,357,119952,336.0,-129970.40241836998,119851
1.4328140843896063e+34,0.0003,1.201433435093074e+17,21,-1007.2982177734375,5720,3867335387512832.0,358,120288,336.0,-129975.34255825,120187
1.7414327837714594e+34,0.0003,1.3334808302190592e+17,21,-1013.6989135742188,5738,4278758357860352.0,359,120624,336.0,-129975.58801067,120523
2.111634295935611e+34,0.0003,1.4721433339743437e+17,21,-1013.9852294921875,5755,4734491700494336.0,360,120960,336.0,-129970.78276554,120859
2.624285568420331e+34,0.0003,1.631770775692247e+17,21,-1018.894775390625,5771,5238246267158528.0,361,121296,336.0,-129968.27163176,121195
3.20326591579797e+34,0.0003,1.8139308184358093e+17,21,-1026.9671630859375,5786,5796241975803904.0,362,121632,336.0,-129970.98086757,121531
3.914093314647706e+34,0.0003,1.999788484423844e+17,21,-1025.7032470703125,5801,6413383679082496.0,363,121968,336.0,-129962.79589191999,121867
4.7835369803790465e+34,0.0003,2.2007292165619712e+17,21,-1022.323486328125,5817,7096694185394176.0,364,122304,336.0,-129965.14407360001,122203
5.831868181135289e+34,0.0003,2.441461446308004e+17,21,-1028.16259765625,5832,7852208460660736.0,365,122640,336.0,-129966.46659716999,122539
7.185763588020453e+34,0.0003,2.714717745399726e+17,21,-1036.6097412109375,5848,8688387053584384.0,366,122976,336.0,-129968.96754162999,122875
8.717167712314762e+34,0.0003,2.9894449848909824e+17,21,-1033.993896484375,5866,9613426372378624.0,367,123312,336.0,-129968.99818738,123211
1.0707213765883834e+35,0.0003,3.3194754258763776e+17,21,-1040.9818115234375,5882,1.063630397243392e+16,368,123648,336.0,-129970.57960485,123547
1.3238649622361628e+35,0.0003,3.665776920965939e+17,21,-1041.5947265625,5898,1.1768780547948544e+16,369,123984,336.0,-129966.85716253,123883
1.6139477873393897e+35,0.0003,4.0613162647342285e+17,21,-1045.9132080078125,5914,1.302208314343424e+16,370,124320,336.0,-129962.87182877,124219
1.959539843804173e+35,0.0003,4.470287517425336e+17,21,-1042.664306640625,5930,1.4409183633866752e+16,371,124656,336.0,-129965.11255034,124555
2.429293919012373e+35,0.0003,4.939674872478433e+17,21,-1043.9449462890625,5946,1.5943612239970304e+16,372,124992,336.0,-129970.48525819002,124891
2.989804448591882e+35,0.0003,5.475714966004695e+17,21,-1048.84033203125,5962,1.7642382400946176e+16,373,125328,336.0,-129976.23187985999,125227
3.633454238928172e+35,0.0003,6.079131757691535e+17,21,-1055.6292724609375,5979,1.952029350035456e+16,374,125664,336.0,-129970.77087924002,125563
4.498807206076096e+35,0.0003,6.70127872995754e+17,21,-1054.030029296875,5996,2.1600073431384064e+16,375,126000,336.0,-129971.93714407999,125899
5.4173666380420995e+35,0.0003,7.473437571159163e+17,21,-1066.182861328125,6012,2.389861537415168e+16,376,126336,336.0,-129969.66721987,126235
6.671877247517338e+35,0.0003,8.196616605317202e+17,21,-1058.683837890625,6028,2.6442861658505216e+16,377,126672,336.0,-129976.84835900998,126571
8.17045971899727e+35,0.0003,9.134438176281068e+17,21,-1069.9276123046875,6044,2.9258975077728256e+16,378,127008,336.0,-129966.34657795998,126907
1.0006366392042809e+36,0.0003,1.0013607673850757e+18,21,-1061.9337158203125,6060,3.237092369681613e+16,379,127344,336.0,-129962.16330597996,127243
1.2280105321337926e+36,0.0003,1.1112410116626842e+18,21,-1068.2239990234375,6077,3.581781748796621e+16,380,127680,336.0,-129969.54379384998,127579
inf,0.0003,1.237510507544445e+18,21,-1078.72900390625,6094,3.963143706168525e+16,381,128016,336.0,-129969.09463987997,127915
inf,0.0003,1.3540208069375427e+18,21,-1068.2843017578125,6111,4.385009996870451e+16,382,128352,336.0,-129968.88357868999,128251
inf,0.0003,1.5180019711040553e+18,21,-1086.827392578125,6127,4.851764279273062e+16,383,128688,336.0,-129973.74233766999,128587
inf,0.0003,1.6633084800286065e+18,21,-1077.979736328125,6143,5.368344906773299e+16,384,129024,336.0,-129966.16982288998,128923
inf,0.0003,1.8549132245755494e+18,21,-1090.172607421875,6158,5.940289380705894e+16,385,129360,336.0,-129962.02753507001,129259
inf,0.0003,2.0396515190070313e+18,21,-1085.57421875,6174,6.57241708387369e+16,386,129696,336.0,-129965.78770693,129595
inf,0.0003,2.250810390659203e+18,21,-1085.260986328125,6190,7.271839193628672e+16,387,130032,336.0,-129961.64346594,129931
inf,0.0003,2.4927127069356196e+18,21,-1089.192626953125,6206,8.046000176784998e+16,388,130368,336.0,-129965.82179625,130267
inf,0.0003,2.763479539903365e+18,21,-1094.482421875,6223,8.901864322813133e+16,389,130704,336.0,-129965.61236488001,130603
inf,0.0003,3.0762246273079706e+18,20,-1104.7322998046875,6240,9.849181207474995e+16,390,131040,336.0,-129968.44925854,130939
inf,0.0003,3.397304012851118e+18,20,-1105.183349609375,6256,1.0898598913690829e+17,391,131376,336.0,-129964.82755116999,131275
inf,0.0003,3.753914666401661e+18,20,-1106.3262939453125,6272,1.2059416045656474e+17,392,131712,336.0,-129959.7123514,131611
inf,0.0003,4.1537570176447283e+18,20,-1109.2589111328125,6288,1.3342956714144563e+17,393,132048,336.0,-129962.46657399999,131947
inf,0.0003,4.5875467903953797e+18,20,-1109.7813720703125,6304,1.476429367738368e+17,394,132384,336.0,-129964.47099840001,132283
inf,0.0003,5.108148503717085e+18,20,-1120.408935546875,6320,1.6336475046019072e+17,395,132720,336.0,-129967.08180201998,132619
inf,0.0003,5.612856226703475e+18,20,-1114.6353759765625,6337,1.807620824283218e+17,396,133056,336.0,-129964.86014913,132955
inf,0.0003,6.237555302896501e+18,20,-1122.9837646484375,6354,1.999892422632407e+17,397,133392,336.0,-129964.18955514999,133291
inf,0.0003,6.77032201286792e+18,20,-1102.126708984375,6370,2.212826249649193e+17,398,133728,336.0,-129959.80483667998,133627
inf,0.0003,7.594362547176735e+18,20,-1121.760498046875,6386,2.4484972899336192e+17,399,134064,336.0,-129963.67795089998,133963
inf,0.0003,8.365262585003508e+18,20,-1119.06640625,6402,2.7090714095937126e+17,400,134400,336.0,-129955.46946482,134299
inf,0.0003,9.360991310233731e+18,20,-1136.0469970703125,6418,2.9973765868958515e+17,401,134736,336.0,-129959.56884948998,134635
inf,0.0003,1.0362065860998201e+19,20,-1139.3896484375,6436,3.3166417782531686e+17,402,135072,336.0,-129957.32611898001,134971
inf,0.0003,1.140110544875815e+19,20,-1135.1256103515625,6453,3.669899402375332e+17,403,135408,336.0,-129960.81323105,135307
inf,0.0003,1.2632559571378897e+19,20,-1139.6845703125,6470,4.060752077830226e+17,404,135744,336.0,-129962.32673099,135643
inf,0.0003,1.4020180629027553e+19,20,-1146.4954833984375,6487,4.492700031165399e+17,405,136080,336.0,-129958.41745554,135979
inf,0.0003,1.5506872082385338e+19,20,-1148.77099609375,6504,4.9713724183176806e+17,406,136416,336.0,-129956.34447086997,136315
inf,0.0003,1.7142842030423015e+19,20,-1150.469482421875,6521,5.5008346835307725e+17,407,136752,336.0,-129959.56846339999,136651
inf,0.0003,1.899359277885371e+19,20,-1155.011474609375,6537,6.086639360524943e+17,408,137088,336.0,-129966.1344249,136987
inf,0.0003,2.099013217205774e+19,20,-1156.2376708984375,6553,6.735008997918638e+17,409,137424,336.0,-129967.23982469001,137323
inf,0.0003,2.322468724537295e+19,20,-1158.988525390625,6569,7.452586707527926e+17,410,137760,336.0,-129965.5641672,137659
inf,0.0003,2.5681673520987242e+19,20,-1161.0472412109375,6587,8.246083633450844e+17,411,138096,336.0,-129962.63700321998,137995
inf,0.0003,2.850330183283717e+19,20,-1167.751953125,6604,9.124763161151406e+17,412,138432,336.0,-129952.48833278,138331
inf,0.0003,3.150464092220057e+19,20,-1169.2532958984375,6619,1.0096147324553134e+18,413,138768,336.0,-129949.26771194,138667
inf,0.0003,3.4777836460554846e+19,20,-1169.11083984375,6635,1.1170897950471619e+18,414,139104,336.0,-129938.57866687002,139003
inf,0.0003,3.766158498035086e+19,20,-1144.373046875,6651,1.2360058258818335e+18,415,139440,336.0,-129938.52953352,139339
inf,0.0003,4.245843755298875e+19,20,-1171.1033935546875,6668,1.3676902103719608e+18,416,139776,336.0,-129944.46744555002,139675
inf,0.0003,4.713153349485068e+19,20,-1178.1087646484375,6685,1.5133695911772815e+18,417,140112,336.0,-129948.39668273002,140011
inf,0.0003,5.18015727943874e+19,20,-1172.2261962890625,6701,1.6745085177859932e+18,418,140448,336.0,-129944.65468410002,140347
inf,0.0003,5.767628101378061e+19,20,-1183.15478515625,6717,1.852875692090327e+18,419,140784,336.0,-129953.06221613001,140683
inf,0.0003,6.393256814652372e+19,20,-1188.421875,6733,2.050078187773231e+18,420,141120,336.0,-129956.19447537,141019
inf,0.0003,7.0490825152719225e+19,20,-1186.6619873046875,6749,2.2683124167501414e+18,421,141456,336.0,-129948.51697783999,141355
inf,0.0003,7.696344779529703e+19,20,-1172.0213623046875,6767,2.5099214382998487e+18,422,141792,336.0,-129950.78180729,141691
inf,0.0003,8.625927325037573e+19,20,-1191.6812744140625,6784,2.7771173323784847e+18,423,142128,336.0,-129943.15235004999,142027
inf,0.0003,9.534459940333997e+19,20,-1193.07568359375,6800,3.0729802433723105e+18,424,142464,336.0,-129937.11533105999,142363
inf,0.0003,1.0573047189010278e+20,20,-1198.781982421875,6817,3.4003504846937784e+18,425,142800,336.0,-129935.30587243999,142699
inf,0.0003,1.164614502904989e+20,20,-1195.729248046875,6834,3.762136539476263e+18,426,143136,336.0,-129941.92798022,143035
inf,0.0003,1.2961217230865328e+20,20,-1206.22998046875,6850,4.1628920351261983e+18,427,143472,336.0,-129944.32820632,143371
inf,0.0003,1.4369777827758001e+20,20,-1211.75,6865,4.6060911535094497e+18,428,143808,336.0,-129945.6512918,143707
inf,0.0003,1.5816860034432133e+20,20,-1207.6505126953125,6880,5.096300166416171e+18,429,144144,336.0,-129949.06319088997,144043
inf,0.0003,1.7606122574200386e+20,20,-1218.632568359375,6895,5.638530372967858e+18,430,144480,336.0,-129943.48071837999,144379
inf,0.0003,1.9416910912812587e+20,20,-1216.9732666015625,6910,6.239307924431176e+18,431,144816,336.0,-129943.78053062996,144715
inf,0.0003,2.1461221447415575e+20,20,-1218.3492431640625,6927,6.903729606956679e+18,432,145152,336.0,-129933.45966176996,145051
inf,0.0003,2.3733558379089075e+20,20,-1220.4783935546875,6944,7.638730040380752e+18,433,145488,336.0,-129926.24880271997,145387
inf,0.0003,2.616890802508734e+20,20,-1218.508056640625,6961,8.4525945945745e+18,434,145824,336.0,-129928.74815708995,145723
inf,0.0003,2.888408777840111e+20,20,-1217.94091796875,6978,9.353100115281183e+18,435,146160,336.0,-129931.09570786997,146059
inf,0.0003,3.168452982059775e+20,20,-1209.0655517578125,6995,1.0349463258720633e+19,436,146496,336.0,-129936.70592273999,146395
inf,0.0003,3.574919736928565e+20,20,-1238.355712890625,7011,1.1451311348705657e+19,437,146832,336.0,-129933.20980170001,146731
inf,0.0003,3.9359321533395134e+20,20,-1234.3182373046875,7027,1.26713371474673e+19,438,147168,336.0,-129931.35967105,147067
inf,0.0003,4.3621391001687425e+20,20,-1239.3712158203125,7043,1.4020809549678641e+19,439,147504,336.0,-129938.57829791999,147403
inf,0.0003,4.835534623156071e+20,20,-1244.72265625,7061,1.5514116764500754e+19,440,147840,336.0,-129936.94986940999,147739
inf,0.0003,5.3086141904820424e+20,20,-1236.800048828125,7079,1.7165881197071434e+19,441,148176,336.0,-129939.32869168,148075
inf,0.0003,5.916035431005034e+20,20,-1249.446533203125,7094,1.899415792783039e+19,442,148512,336.0,-129939.73366017001,148411
inf,0.0003,6.562977517476805e+20,20,-1255.9910888671875,7110,2.1015154857682665e+19,443,148848,336.0,-129948.76564656,148747
inf,0.0003,7.271199521128254e+20,20,-1260.5855712890625,7124,2.3253936453695046e+19,444,149184,336.0,-129943.74299376,149083
inf,0.0003,8.00964490040401e+20,20,-1257.2481689453125,7140,2.572964961135362e+19,445,149520,336.0,-129939.64488998,149419
inf,0.0003,8.86385812285109e+20,20,-1260.3359375,7156,2.8468722192143614e+19,446,149856,336.0,-129941.35573745,149755
inf,0.0003,9.755568738008123e+20,20,-1255.7122802734375,7172,3.1501065310387044e+19,447,150192,336.0,-129936.88169165,150091
inf,0.0003,1.089593434759135e+21,20,-1271.787841796875,7189,3.485201171398787e+19,448,150528,336.0,-129941.45180114999,150427
inf,0.0003,1.1918537160105814e+21,20,-1258.6429443359375,7206,3.856059406573214e+19,449,150864,336.0,-129944.91909826001,150763
inf,0.0003,1.3262647727893607e+21,20,-1269.355712890625,7222,4.2668360711010255e+19,450,151200,336.0,-129943.56510021999,151099
inf,0.0003,1.455419847328022e+21,20,-1260.5455322265625,7237,4.721425635167804e+19,451,151536,336.0,-129935.87200064,151435
inf,0.0003,1.6220490928910563e+21,20,-1273.552978515625,7253,5.2239292771451535e+19,452,151872,336.0,-129939.69825715,151771
inf,0.0003,1.794068724995588e+21,20,-1275.7677001953125,7269,5.780487989376529e+19,453,152208,336.0,-129940.74328766,152107
inf,0.0003,1.9977275518572812e+21,20,-1287.563232421875,7285,6.396196468940394e+19,454,152544,336.0,-129941.18917749001,152443
inf,0.0003,2.2115239814801853e+21,20,-1291.2113037109375,7302,7.076784490831413e+19,455,152880,336.0,-129935.69471251,152779
inf,0.0003,2.4144647656762895e+21,20,-1275.03125,7319,7.83032862766258e+19,456,153216,336.0,-129938.29912683002,153115
inf,0.0003,2.698547326571193e+21,20,-1292.16357421875,7335,8.664011768995827e+19,457,153552,336.0,-129939.75137401001,153451
inf,0.0003,2.967963352329611e+21,20,-1286.3643798828125,7351,9.58685826646729e+19,458,153888,336.0,-129931.04697781001,153787
inf,0.0003,3.2910631300712156e+21,20,-1292.29248046875,7366,1.0607475976708502e+20,459,154224,336.0,-129934.42998192001,154123
inf,0.0003,3.656797922535183e+21,20,-1301.1407470703125,7383,1.1737062326136734e+20,460,154560,336.0,-129937.80290220998,154459
inf,0.0003,4.044973307517408e+21,20,-1303.51708984375,7399,1.2987234314806415e+20,461,154896,336.0,-129943.85856339001,154795
inf,0.0003,4.4739510236486325e+21,20,-1305.826171875,7416,1.4369910648762637e+20,462,155232,336.0,-129940.45455939001,155131
inf,0.0003,4.949698058960146e+21,20,-1308.5274658203125,7434,1.5899550345715306e+20,463,155568,336.0,-129950.25587910999,155467
inf,0.0003,5.433585632073109e+21,20,-1299.8778076171875,7450,1.759329083369959e+20,464,155904,336.0,-129954.05105864002,155803
inf,0.0003,6.034754820782147e+21,20,-1308.2030029296875,7465,1.946553043738354e+20,465,156240,336.0,-129951.03207775,156139
inf,0.0003,6.706783646028233e+21,20,-1317.4090576171875,7481,2.1538653454290072e+20,466,156576,336.0,-129946.49528885,156475
inf,0.0003,7.469971520181785e+21,20,-1329.845458984375,7496,2.3833204039281856e+20,467,156912,336.0,-129946.18269467998,156811
inf,0.0003,8.177333336304406e+21,20,-1316.9969482421875,7511,2.6371293810998116e+20,468,157248,336.0,-129944.60313123999,157147
inf,0.0003,9.059835638335838e+21,20,-1321.84130859375,7527,2.917711378446853e+20,469,157584,336.0,-129951.29002261,157483
inf,0.0003,1.0014248041517402e+22,20,-1323.1744384765625,7544,3.228392726506588e+20,470,157920,336.0,-129955.54825898,157819
inf,0.0003,1.1142904151331977e+22,20,-1334.2119140625,7560,3.57229181617725e+20,471,158256,336.0,-129947.70289949,158155
inf,0.0003,1.2197989457633827e+22,20,-1321.317626953125,7576,3.9526130641468287e+20,472,158592,336.0,-129949.12887048999,158491
inf,0.0003,1.3642115965946264e+22,20,-1339.90673828125,7592,4.373542003319012e+20,473,158928,336.0,-129948.85405185,158827
inf,0.0003,1.5056721378701287e+22,20,-1339.005859375,7608,4.839278944033765e+20,474,159264,336.0,-129948.67392776001,159163
inf,0.0003,1.670035622460633e+22,20,-1345.494384765625,7624,5.354407354443099e+20,475,159600,336.0,-129952.98128593,159499
inf,0.0003,1.8280944053427907e+22,20,-1332.453125,7639,5.924279833072889e+20,476,159936,336.0,-129951.28110165,159835
inf,0.0003,2.03133014716699e+22,20,-1341.4501953125,7656,6.5555289859056e+20,477,160272,336.0,-129951.00542352999,160171
inf,0.0003,2.2496284031249113e+22,20,-1345.857177734375,7674,7.252323809190037e+20,478,160608,336.0,-129959.54126876997,160507
inf,0.0003,2.5060048191122315e+22,20,-1358.834716796875,7690,8.024314672502727e+20,479,160944,336.0,-129957.53873977998,160843
inf,0.0003,2.771339119938373e+22,20,-1360.854736328125,7706,8.878855109610234e+20,480,161280,336.0,-129949.86814401999,161179
inf,0.0003,3.0496676567693667e+22,20,-1355.5274658203125,7722,9.8238355677972e+20,481,161616,336.0,-129952.00673467999,161515
inf,0.0003,3.380846610767497e+22,20,-1361.2886962890625,7738,1.0869515809964729e+21,482,161952,336.0,-129946.05075766,161851
inf,0.0003,3.733770520026442e+22,20,-1361.2274169921875,7754,1.2027327238604482e+21,483,162288,336.0,-129952.26395861,162187
inf,0.0003,4.144006112243397e+22,20,-1368.6407470703125,7770,1.330846763197745e+21,484,162624,336.0,-129952.5676547,162523
inf,0.0003,4.5961729191509475e+22,20,-1375.2694091796875,7787,1.4723884255615354e+21,485,162960,336.0,-129956.32827479999,162859
inf,0.0003,5.040034637985664e+22,20,-1364.521240234375,7803,1.6291141148064937e+21,486,163296,336.0,-129953.94602692999,163195
inf,0.0003,5.601100735682847e+22,20,-1373.8983154296875,7819,1.8026734150336328e+21,487,163632,336.0,-129953.88329032999,163531
inf,0.0003,6.231488040284368e+22,20,-1385.1331787109375,7834,1.9945708099934712e+21,488,163968,336.0,-129954.55540199,163867
inf,0.0003,6.877352865725272e+22,20,-1384.0958251953125,7850,2.206896110650597e+21,489,164304,336.0,-129953.23755121,164203
inf,0.0003,7.498969860412452e+22,20,-1364.5821533203125,7865,2.4419541748518056e+21,490,164640,336.0,-129956.64128732002,164539
inf,0.0003,8.388402864500435e+22,20,-1384.0164794921875,7881,2.7019351593908825e+21,491,164976,336.0,-129954.42580027,164875
inf,0.0003,9.25232567885914e+22,20,-1381.942138671875,7897,2.9897771000747335e+21,492,165312,336.0,-129959.94980747001,165211
inf,0.0003,1.0239667839566084e+23,20,-1385.1483154296875,7914,3.3080056718693834e+21,493,165648,336.0,-129950.75627237,165547
inf,0.0003,1.1397129873317246e+23,20,-1397.13525390625,7930,3.660120453160276e+21,494,165984,336.0,-129948.10268587,165883
inf,0.0003,1.2570956186674421e+23,20,-1395.3359375,7945,4.0492207649159717e+21,495,166320,336.0,-129944.58642021,166219
inf,0.0003,1.3883629377263355e+23,20,-1395.25732421875,7961,4.4804891244076676e+21,496,166656,336.0,-129949.49289627,166555
inf,0.0003,1.538487639072962e+23,20,-1400.339111328125,7976,4.957765694742627e+21,497,166992,336.0,-129952.91822828999,166891
inf,0.0003,1.696853837665684e+23,20,-1398.1640625,7991,5.485799803202889e+21,498,167328,336.0,-129948.46191209002,167227
inf,0.0003,1.9024703623968964e+23,20,-1421.546630859375,8008,6.070119336856074e+21,499,167664,336.0,-129949.56542747,167563
inf,0.0003,2.0847692298414205e+23,20,-1409.205078125,8026,6.716626825963805e+21,500,168000,336.0,-129954.15973894,167899
inf,0.0003,2.3214631140172807e+23,20,-1422.0540771484375,8043,7.431594095957147e+21,501,168336,336.0,-129950.43236397,168235
inf,0.0003,2.5715959196251996e+23,20,-1426.62158203125,8059,8.223420360141149e+21,502,168672,336.0,-129945.72209962999,168571
inf,0.0003,2.8338190887927572e+23,20,-1422.9869384765625,8075,9.099337273617458e+21,503,169008,336.0,-129943.11154813999,168907
inf,0.0003,3.1108985522670996e+23,20,-1413.3389892578125,8091,1.0068783255305138e+22,504,169344,336.0,-129945.12423854001,169243
inf,0.0003,3.469908581026477e+23,20,-1428.750732421875,8106,1.1141343654061093e+22,505,169680,336.0,-129951.10257763999,169579
inf,0.0003,3.833996868725677e+23,20,-1429.480712890625,8121,1.2326840820672617e+22,506,170016,336.0,-129953.74731348999,169915
inf,0.0003,4.193317465715357e+23,20,-1414.217041015625,8139,1.3637855560698771e+22,507,170352,336.0,-129949.87805324,170251
inf,0.0003,4.6976309122762755e+23,20,-1436.635009765625,8156,1.508956950848342e+22,508,170688,336.0,-129947.90070116997,170587
inf,0.0003,5.141189719000055e+23,20,-1422.066650390625,8173,1.669689746009251e+22,509,171024,336.0,-129949.17379971998,170923
inf,0.0003,5.733239771485614e+23,20,-1437.2764892578125,8190,1.847459095610549e+22,510,171360,336.0,-129955.54838831998,171259
inf,0.0003,6.361497323823351e+23,20,-1444.6641845703125,8206,2.044069479432933e+22,511,171696,336.0,-129959.62015026002,171595
inf,0.0003,7.058262552828738e+23,20,-1451.993896484375,8222,2.261620813392655e+22,512,172032,336.0,-129961.69671179,171931
inf,0.0003,7.751811130836271e+23,20,-1442.9853515625,8238,2.502288223519744e+22,513,172368,336.0,-129963.98855456,172267
inf,0.0003,8.579358731292676e+23,20,-1446.159423828125,8254,2.7688297142260022e+22,514,172704,336.0,-129967.34253443,172603
inf,0.0003,9.463538556631309e+23,20,-1444.029052734375,8271,3.0636578638318117e+22,515,173040,336.0,-129962.79859372001,172939
inf,0.0003,1.0580394514846233e+24,20,-1463.48486328125,8287,3.3900348547272584e+22,516,173376,336.0,-129960.86554478001,173275
inf,0.0003,1.1647471645947875e+24,20,-1458.0830078125,8303,3.7510240353788797e+22,517,173712,336.0,-129953.40472561002,173611
inf,0.0003,1.2961430344014445e+24,20,-1470.1236572265625,8319,4.150563803660811e+22,518,174048,336.0,-129955.26666648002,173947
inf,0.0003,1.4300767726701173e+24,20,-1468.361083984375,8336,4.5924682580974725e+22,519,174384,336.0,-129949.00654608,174283
inf,0.0003,1.5781940395188397e+24,20,-1466.911376953125,8353,5.081537560351697e+22,520,174720,336.0,-129943.70084336,174619
inf,0.0003,1.7533491891480376e+24,20,-1476.3289794921875,8370,5.622775659969456e+22,521,175056,336.0,-129947.20422842,174955
inf,0.0003,1.9377416899873337e+24,20,-1477.265625,8386,6.221377008760958e+22,522,175392,336.0,-129942.18400526,175291
inf,0.0003,2.1301132723296376e+24,20,-1469.4423828125,8402,6.883862368626674e+22,523,175728,336.0,-129943.40080121001,175627
inf,0.0003,2.3630985322843507e+24,20,-1476.5980224609375,8417,7.616573258201903e+22,524,176064,336.0,-129942.76247335001,175963
inf,0.0003,2.6354154211383503e+24,20,-1492.487060546875,8433,8.427113104737535e+22,525,176400,336.0,-129943.46078322001,176299
inf,0.0003,2.9169876756009575e+24,20,-1495.8248291015625,8449,9.324796703342861e+22,526,176736,336.0,-129938.13695144001,176635
inf,0.0003,3.2042516153014326e+24,20,-1486.70556640625,8465,1.0317672887271917e+23,527,177072,336.0,-129935.17921480002,176971
inf,0.0003,3.552978953334003e+24,20,-1493.0238037109375,8482,1.1416484543075833e+23,528,177408,336.0,-129933.51762216,177307
inf,0.0003,3.9093527550155027e+24,20,-1486.7120361328125,8499,1.2631450338309113e+23,529,177744,336.0,-129923.35549047001,177643
inf,0.0003,4.3528110413955995e+24,20,-1499.9063720703125,8515,1.3976462076382343e+23,530,178080,336.0,-129921.23014293,177979
inf,0.0003,4.82464503184708e+24,20,-1505.584228515625,8531,1.546516296200668e+23,531,178416,336.0,-129918.45844609,178315
inf,0.0003,5.333432174133843e+24,20,-1506.878173828125,8547,1.7112042876623224e+23,532,178752,336.0,-129924.97198949,178651
inf,0.0003,5.898849091344638e+24,20,-1508.9664306640625,8563,1.8934802768207394e+23,533,179088,336.0,-129928.21338028999,178987
inf,0.0003,6.518165088895802e+24,20,-1509.4658203125,8579,2.0952201029927114e+23,534,179424,336.0,-129923.55317861999,179323
inf,0.0003,7.264394685674089e+24,20,-1524.32763671875,8594,2.3184453419789723e+23,535,179760,336.0,-129920.47752697999,179659
inf,0.0003,7.933996507570185e+24,20,-1505.3031005859375,8611,2.5654041907135055e+23,536,180096,336.0,-129916.76001010001,179995
inf,0.0003,8.771339761475294e+24,20,-1506.75634765625,8628,2.838484818006713e+23,537,180432,336.0,-129923.31769558002,180331
inf,0.0003,9.695598308848199e+24,20,-1507.82275390625,8645,3.1408856803139535e+23,538,180768,336.0,-129923.67236544,180667
inf,0.0003,1.0836328821465333e+25,20,-1527.7425537109375,8661,3.4749064957489474e+23,539,181104,336.0,-129917.73702528,181003
inf,0.0003,1.1974050208955443e+25,20,-1528.447265625,8677,3.844610592039493e+23,540,181440,336.0,-129914.99950037,181339
inf,0.0003,1.32034542203349e+25,20,-1525.38623046875,8694,4.2541837948232545e+23,541,181776,336.0,-129915.44594742003,181675
inf,0.0003,1.4740910787294773e+25,20,-1543.5447998046875,8711,4.706922739027466e+23,542,182112,336.0,-129912.96202276001,182011
inf,0.0003,1.6262985075540181e+25,20,-1541.32763671875,8727,5.208419454237442e+23,543,182448,336.0,-129908.82728587,182347
inf,0.0003,1.7974283758650693e+25,20,-1542.368408203125,8744,5.7626003587523084e+23,544,182784,336.0,-129906.77597386,182683
inf,0.0003,1.994416544142195e+25,20,-1550.070068359375,8761,6.376062325306238e+23,545,183120,336.0,-129904.21592706001,183019
inf,0.0003,2.193034943426835e+25,20,-1542.3447265625,8776,7.054508352179362e+23,546,183456,336.0,-129905.97369267001,183355
inf,0.0003,2.419192486939116e+25,20,-1540.0638427734375,8792,7.805383069699709e+23,547,183792,336.0,-129907.84260220999,183691
inf,0.0003,2.694539657029749e+25,20,-1554.13916015625,8808,8.636937792960563e+23,548,184128,336.0,-129909.55264616,184027
inf,0.0003,2.9816680708073576e+25,20,-1557.03662109375,8823,9.557046255262447e+23,549,184464,336.0,-129911.41981649,184363
inf,0.0003,3.320447137407052e+25,20,-1571.0390625,8839,1.0574610451772808e+24,550,184800,336.0,-129914.44918392,184699
inf,0.0003,3.6345543755610625e+25,20,-1555.126708984375,8856,1.1701277051415996e+24,551,185136,336.0,-129918.69920264003,185035
inf,0.0003,4.021325183295822e+25,20,-1557.8370361328125,8873,1.294743964155604e+24,552,185472,336.0,-129917.57848863,185371
inf,0.0003,4.4550505639801035e+25,20,-1562.8101806640625,8890,1.4326206939700323e+24,553,185808,336.0,-129917.10996388999,185707
inf,0.0003,4.943101144792857e+25,20,-1570.67431640625,8906,1.5849683180495333e+24,554,186144,336.0,-129916.37911379998,186043
inf,0.0003,5.446378590501255e+25,20,-1566.1961669921875,8921,1.753724176867411e+24,555,186480,336.0,-129914.27589515998,186379
inf,0.0003,6.064229224820064e+25,20,-1580.0799560546875,8937,1.9403295664196118e+24,556,186816,336.0,-129907.41692428,186715
inf,0.0003,6.69435939550014e+25,20,-1578.84912109375,8953,2.1469626436587143e+24,557,187152,336.0,-129907.92867026999,187051
inf,0.0003,7.377470459834317e+25,20,-1574.687255859375,8970,2.3755646401681003e+24,558,187488,336.0,-129915.26452745,187387
inf,0.0003,8.178811318622917e+25,20,-1580.8555908203125,8987,2.6285875317576924e+24,559,187824,336.0,-129912.23529525001,187723
inf,0.0003,9.002798783942209e+25,20,-1574.590576171875,9004,2.9085269611394e+24,560,188160,336.0,-129912.53216272002,188059
inf,0.0003,1.003399852544148e+26,20,-1590.0716552734375,9022,3.2183653921304534e+24,561,188496,336.0,-129905.06574249003,188395
inf,0.0003,1.1099573774522108e+26,20,-1592.61474609375,9038,3.560761749950852e+24,562,188832,336.0,-129909.48505682,188731
inf,0.0003,1.2281235306395794e+26,20,-1595.378662109375,9054,3.940036031478357e+24,563,189168,336.0,-129903.39481808999,189067
inf,0.0003,1.3585797348323367e+26,20,-1597.864501953125,9070,4.359459363251915e+24,564,189504,336.0,-129904.40074427999,189403
inf,0.0003,1.4944713644001329e+26,20,-1590.313232421875,9085,4.823843463171002e+24,565,189840,336.0,-129909.77777388999,189739
inf,0.0003,1.6379605622158474e+26,20,-1576.3974609375,9102,5.337674925270796e+24,566,190176,336.0,-129916.77020969999,190075
inf,0.0003,1.8282582808848796e+26,20,-1594.4676513671875,9120,5.9062848585886e+24,567,190512,336.0,-129917.32834294999,190411
inf,0.0003,2.0391027209729724e+26,20,-1611.3936767578125,9136,6.53534246639294e+24,568,190848,336.0,-129916.7532853,190747
inf,0.0003,2.253280856650066e+26,20,-1611.9071044921875,9152,7.231260874553192e+24,569,191184,336.0,-129911.57854041999,191083
inf,0.0003,2.4922757660644025e+26,20,-1614.218994140625,9168,8.000643440986993e+24,570,191520,336.0,-129910.45933476002,191419
inf,0.0003,2.7314302398149766e+26,20,-1600.0965576171875,9184,8.852324426723393e+24,571,191856,336.0,-129911.20229722,191755
inf,0.0003,3.0480536599775013e+26,20,-1618.0792236328125,9200,9.794818733534664e+24,572,192192,336.0,-129910.26475656,192091
inf,0.0003,3.375703621410086e+26,20,-1622.5748291015625,9217,1.0837739997386972e+25,573,192528,336.0,-129904.62633398,192427
inf,0.0003,3.738291347183395e+26,20,-1626.941162109375,9235,1.1991709507641506e+25,574,192864,336.0,-129902.85141090002,192763
inf,0.0003,4.1452379584307534e+26,20,-1633.592529296875,9251,1.326915806396094e+25,575,193200,336.0,-129899.61354702,193099
inf,0.0003,4.549316838844413e+26,20,-1621.68310546875,9267,1.4682409244308012e+25,576,193536,336.0,-129906.08318927999,193435
inf,0.0003,5.074650595273143e+26,20,-1639.0335693359375,9284,1.6246738105697262e+25,577,193872,336.0,-129898.84780538999,193771
inf,0.0003,5.579738312211214e+26,20,-1630.4957275390625,9302,1.7976572307837338e+25,578,194208,336.0,-129898.78747342002,194107
inf,0.0003,6.1578921066857225e+26,20,-1628.706298828125,9318,1.989013031634404e+25,579,194544,336.0,-129902.56838553,194443
inf,0.0003,6.832728607264476e+26,20,-1636.52099609375,9335,2.200914700742221e+25,580,194880,336.0,-129904.08462988,194779
inf,0.0003,7.559078747473708e+26,20,-1638.9874267578125,9353,2.4353820412911064e+25,581,195216,336.0,-129897.07462087,195115
inf,0.0003,8.429183626379596e+26,20,-1656.00048828125,9369,2.6946941485113664e+25,582,195552,336.0,-129902.58023875002,195451
inf,0.0003,9.247639097618622e+26,20,-1643.24072265625,9385,2.9817305591529073e+25,583,195888,336.0,-129897.81905313002,195787
inf,0.0003,1.0347584504724827e+27,20,-1666.5863037109375,9402,3.299253903725068e+25,584,196224,336.0,-129902.62098223,196123
inf,0.0003,1.1417700788794081e+27,20,-1664.2470703125,9417,3.6507573038025063e+25,585,196560,336.0,-129895.63770586,196459
inf,0.0003,1.2543293073120846e+27,20,-1653.925048828125,9434,4.039540420731407e+25,586,196896,336.0,-129892.09347179001,196795
inf,0.0003,1.3829863452151007e+27,20,-1650.240234375,9450,4.4697775221113495e+25,587,197232,336.0,-129890.15419463001,197131
inf,0.0003,1.5450213645669447e+27,20,-1670.69140625,9467,4.945856627188868e+25,588,197568,336.0,-129890.51264485,197467
inf,0.0003,1.7096482252481212e+27,20,-1673.62744140625,9484,5.4726223121263196e+25,589,197904,336.0,-129890.37921621,197803
inf,0.0003,1.8736098225510234e+27,20,-1658.7559814453125,9500,6.055353573908999e+25,590,198240,336.0,-129889.72247911998,198139
inf,0.0003,2.0987833245006923e+27,20,-1684.428955078125,9516,6.699904486768697e+25,591,198576,336.0,-129895.42334837999,198475
inf,0.0003,2.3034824162680695e+27,20,-1672.1826171875,9532,7.413402872615496e+25,592,198912,336.0,-129885.58744954997,198811
inf,0.0003,2.5463637595108314e+27,20,-1673.2171630859375,9548,8.20307247642866e+25,593,199248,336.0,-129889.14831895001,199147
inf,0.0003,2.837396712596174e+27,20,-1689.10546875,9564,9.07678682974745e+25,594,199584,336.0,-129893.56569825001,199483
inf,0.0003,3.135243745368392e+27,20,-1689.39111328125,9581,1.0043408209593479e+26,595,199920,336.0,-129890.36295524001,199819
